{
  "best": {
    "epoch_mcc": 0.7445720569127751,
    "mcc": 0.7681715003333782,
    "loss": 0.1173347614051553
  },
  "last": {
    "epoch_mcc": 0.7059886831658715,
    "mcc": 0.7391009432348046,
    "loss": 0.10528267961053142
  },
  "train.27": {
    "epoch_mcc": 0.7445720569127751,
    "mcc": 0.7681715003333782,
    "loss": 0.1173347614051553
  },
  "epoch_0": [
    "output/004_vsb_naive_multirun/multirun/seed2/fold0/checkpoints/train.1.pth",
    0.5135531135528448,
    {
      "epoch_mcc": 0.5135531135528448,
      "mcc": 0.5387822050508438,
      "loss": 0.37836175818451506
    }
  ],
  "epoch_1": [
    "output/004_vsb_naive_multirun/multirun/seed2/fold0/checkpoints/train.2.pth",
    0.5037374716348146,
    {
      "epoch_mcc": 0.5037374716348146,
      "mcc": 0.49963844506661226,
      "loss": 0.349304123712694
    }
  ],
  "epoch_2": [
    "output/004_vsb_naive_multirun/multirun/seed2/fold0/checkpoints/train.3.pth",
    0.5474537552017451,
    {
      "epoch_mcc": 0.5474537552017451,
      "mcc": 0.5775526980094509,
      "loss": 0.2653030782886709
    }
  ],
  "epoch_3": [
    "output/004_vsb_naive_multirun/multirun/seed2/fold0/checkpoints/train.4.pth",
    0.6454169108156607,
    {
      "epoch_mcc": 0.6454169108156607,
      "mcc": 0.6725982358575182,
      "loss": 0.24060560021671287
    }
  ],
  "epoch_4": [
    "output/004_vsb_naive_multirun/multirun/seed2/fold0/checkpoints/train.5.pth",
    0.3654943002915506,
    {
      "epoch_mcc": 0.3654943002915506,
      "mcc": 0.3646667649122166,
      "loss": 0.4601773736091161
    }
  ],
  "epoch_5": [
    "output/004_vsb_naive_multirun/multirun/seed2/fold0/checkpoints/train.6.pth",
    0.6319555645005996,
    {
      "epoch_mcc": 0.6319555645005996,
      "mcc": 0.6656809298467298,
      "loss": 0.20359826295695904
    }
  ],
  "epoch_6": [
    "output/004_vsb_naive_multirun/multirun/seed2/fold0/checkpoints/train.7.pth",
    0.5650373715422533,
    {
      "epoch_mcc": 0.5650373715422533,
      "mcc": 0.5077740772793327,
      "loss": 0.272630816431341
    }
  ],
  "epoch_7": [
    "output/004_vsb_naive_multirun/multirun/seed2/fold0/checkpoints/train.8.pth",
    0.672770394785618,
    {
      "epoch_mcc": 0.672770394785618,
      "mcc": 0.6988868677258794,
      "loss": 0.18933294516011892
    }
  ],
  "epoch_8": [
    "output/004_vsb_naive_multirun/multirun/seed2/fold0/checkpoints/train.9.pth",
    0.6850581056126488,
    {
      "epoch_mcc": 0.6850581056126488,
      "mcc": 0.7130061873636071,
      "loss": 0.12944430748895194
    }
  ],
  "epoch_9": [
    "output/004_vsb_naive_multirun/multirun/seed2/fold0/checkpoints/train.10.pth",
    0.5546124560915123,
    {
      "epoch_mcc": 0.5546124560915123,
      "mcc": 0.5640903681159587,
      "loss": 0.26100251558212734
    }
  ],
  "epoch_10": [
    "output/004_vsb_naive_multirun/multirun/seed2/fold0/checkpoints/train.11.pth",
    0.6254463750055352,
    {
      "epoch_mcc": 0.6254463750055352,
      "mcc": 0.6486496064356231,
      "loss": 0.13690652949623314
    }
  ],
  "epoch_11": [
    "output/004_vsb_naive_multirun/multirun/seed2/fold0/checkpoints/train.12.pth",
    0.6744584480612081,
    {
      "epoch_mcc": 0.6744584480612081,
      "mcc": 0.7127077331795185,
      "loss": 0.12479395402688373
    }
  ],
  "epoch_12": [
    "output/004_vsb_naive_multirun/multirun/seed2/fold0/checkpoints/train.13.pth",
    0.6148864280071724,
    {
      "epoch_mcc": 0.6148864280071724,
      "mcc": 0.6388052712167654,
      "loss": 0.15368696699710804
    }
  ],
  "epoch_13": [
    "output/004_vsb_naive_multirun/multirun/seed2/fold0/checkpoints/train.14.pth",
    0.5735836839818403,
    {
      "epoch_mcc": 0.5735836839818403,
      "mcc": 0.5121730649518383,
      "loss": 0.13987990385386292
    }
  ],
  "epoch_14": [
    "output/004_vsb_naive_multirun/multirun/seed2/fold0/checkpoints/train.15.pth",
    0.3920689035959366,
    {
      "epoch_mcc": 0.3920689035959366,
      "mcc": 0.42041733628197603,
      "loss": 0.2754680762089879
    }
  ],
  "epoch_15": [
    "output/004_vsb_naive_multirun/multirun/seed2/fold0/checkpoints/train.16.pth",
    0.7150632891302477,
    {
      "epoch_mcc": 0.7150632891302477,
      "mcc": 0.7368138604522272,
      "loss": 0.2770493366529527
    }
  ],
  "epoch_16": [
    "output/004_vsb_naive_multirun/multirun/seed2/fold0/checkpoints/train.17.pth",
    0.6215591645159841,
    {
      "epoch_mcc": 0.6215591645159841,
      "mcc": 0.6250592114339532,
      "loss": 0.23149449587278645
    }
  ],
  "epoch_17": [
    "output/004_vsb_naive_multirun/multirun/seed2/fold0/checkpoints/train.18.pth",
    0.6047619047615883,
    {
      "epoch_mcc": 0.6047619047615883,
      "mcc": 0.6162073898081852,
      "loss": 0.1770231582596257
    }
  ],
  "epoch_18": [
    "output/004_vsb_naive_multirun/multirun/seed2/fold0/checkpoints/train.19.pth",
    0.7059886831658715,
    {
      "epoch_mcc": 0.7059886831658715,
      "mcc": 0.7043776037485162,
      "loss": 0.14463727130024034
    }
  ],
  "epoch_19": [
    "output/004_vsb_naive_multirun/multirun/seed2/fold0/checkpoints/train.20.pth",
    0.6927828198132796,
    {
      "epoch_mcc": 0.6927828198132796,
      "mcc": 0.7259817165724113,
      "loss": 0.11919905780694366
    }
  ],
  "epoch_20": [
    "output/004_vsb_naive_multirun/multirun/seed2/fold0/checkpoints/train.21.pth",
    0.548682632838326,
    {
      "epoch_mcc": 0.548682632838326,
      "mcc": 0.5090565253289006,
      "loss": 0.13113468813608928
    }
  ],
  "epoch_21": [
    "output/004_vsb_naive_multirun/multirun/seed2/fold0/checkpoints/train.22.pth",
    0.5975301277094951,
    {
      "epoch_mcc": 0.5975301277094951,
      "mcc": 0.595396433766785,
      "loss": 0.1271774465099567
    }
  ],
  "epoch_22": [
    "output/004_vsb_naive_multirun/multirun/seed2/fold0/checkpoints/train.23.pth",
    0.7254724014190228,
    {
      "epoch_mcc": 0.7254724014190228,
      "mcc": 0.7523874069724928,
      "loss": 0.11318557906940759
    }
  ],
  "epoch_23": [
    "output/004_vsb_naive_multirun/multirun/seed2/fold0/checkpoints/train.24.pth",
    0.6739873660677672,
    {
      "epoch_mcc": 0.6739873660677672,
      "mcc": 0.683291661887975,
      "loss": 0.1286359517586621
    }
  ],
  "epoch_24": [
    "output/004_vsb_naive_multirun/multirun/seed2/fold0/checkpoints/train.25.pth",
    0.6352296631510268,
    {
      "epoch_mcc": 0.6352296631510268,
      "mcc": 0.6599139508648901,
      "loss": 0.12297144025666784
    }
  ],
  "epoch_25": [
    "output/004_vsb_naive_multirun/multirun/seed2/fold0/checkpoints/train.26.pth",
    0.6347178032089957,
    {
      "epoch_mcc": 0.6347178032089957,
      "mcc": 0.6719565991973279,
      "loss": 0.17878494437354361
    }
  ],
  "epoch_26": [
    "output/004_vsb_naive_multirun/multirun/seed2/fold0/checkpoints/train.27.pth",
    0.7445720569127751,
    {
      "epoch_mcc": 0.7445720569127751,
      "mcc": 0.7681715003333782,
      "loss": 0.1173347614051553
    }
  ],
  "epoch_27": [
    "output/004_vsb_naive_multirun/multirun/seed2/fold0/checkpoints/train.28.pth",
    0.6949264047270498,
    {
      "epoch_mcc": 0.6949264047270498,
      "mcc": 0.725346972686272,
      "loss": 0.10193337744707803
    }
  ],
  "epoch_28": [
    "output/004_vsb_naive_multirun/multirun/seed2/fold0/checkpoints/train.29.pth",
    0.7149248268454308,
    {
      "epoch_mcc": 0.7149248268454308,
      "mcc": 0.7467194080436341,
      "loss": 0.1010057461574648
    }
  ],
  "epoch_29": [
    "output/004_vsb_naive_multirun/multirun/seed2/fold0/checkpoints/train.30.pth",
    0.6017570828805844,
    {
      "epoch_mcc": 0.6017570828805844,
      "mcc": 0.6368407182204978,
      "loss": 0.13944154752421606
    }
  ],
  "epoch_30": [
    "output/004_vsb_naive_multirun/multirun/seed2/fold0/checkpoints/train.31.pth",
    0.597631965979185,
    {
      "epoch_mcc": 0.597631965979185,
      "mcc": 0.6041269601412912,
      "loss": 0.17487144475344332
    }
  ],