{
  "best": {
    "epoch_mcc": 0.7344877341723903,
    "mcc": 0.758527942608393,
    "loss": 0.10100526683410813
  },
  "last": {
    "epoch_mcc": 0.5997308209821265,
    "mcc": 0.6318641376285632,
    "loss": 0.17634092972785387
  },
  "train.22": {
    "epoch_mcc": 0.7344877341723903,
    "mcc": 0.758527942608393,
    "loss": 0.10100526683410813
  },
  "epoch_0": [
    "output/004_vsb_naive_multirun/multirun/seed2/fold0/checkpoints/train.1.pth",
    0.6236298761827419,
    {
      "epoch_mcc": 0.6236298761827419,
      "mcc": 0.6273656484207188,
      "loss": 0.10250942069851182
    }
  ],
  "epoch_1": [
    "output/004_vsb_naive_multirun/multirun/seed2/fold0/checkpoints/train.2.pth",
    0.644879583278319,
    {
      "epoch_mcc": 0.644879583278319,
      "mcc": 0.6440242660630486,
      "loss": 0.10713958205485302
    }
  ],
  "epoch_2": [
    "output/004_vsb_naive_multirun/multirun/seed2/fold0/checkpoints/train.3.pth",
    0.6449498732744747,
    {
      "epoch_mcc": 0.6449498732744747,
      "mcc": 0.6661938849254616,
      "loss": 0.13198678129113786
    }
  ],
  "epoch_3": [
    "output/004_vsb_naive_multirun/multirun/seed2/fold0/checkpoints/train.4.pth",
    0.6566998663513868,
    {
      "epoch_mcc": 0.6566998663513868,
      "mcc": 0.6829157525153633,
      "loss": 0.0974589689424752
    }
  ],
  "epoch_4": [
    "output/004_vsb_naive_multirun/multirun/seed2/fold0/checkpoints/train.5.pth",
    0.6223273950720318,
    {
      "epoch_mcc": 0.6223273950720318,
      "mcc": 0.6311423755496907,
      "loss": 0.13727070107773948
    }
  ],
  "epoch_5": [
    "output/004_vsb_naive_multirun/multirun/seed2/fold0/checkpoints/train.6.pth",
    0.6063338180251108,
    {
      "epoch_mcc": 0.6063338180251108,
      "mcc": 0.6015007124333774,
      "loss": 0.0996965051543692
    }
  ],
  "epoch_6": [
    "output/004_vsb_naive_multirun/multirun/seed2/fold0/checkpoints/train.7.pth",
    0.6148864280071724,
    {
      "epoch_mcc": 0.6148864280071724,
      "mcc": 0.6052968353820333,
      "loss": 0.09811537240899573
    }
  ],
  "epoch_7": [
    "output/004_vsb_naive_multirun/multirun/seed2/fold0/checkpoints/train.8.pth",
    0.65477727619033,
    {
      "epoch_mcc": 0.65477727619033,
      "mcc": 0.6840594851438867,
      "loss": 0.10762149613934109
    }
  ],
  "epoch_8": [
    "output/004_vsb_naive_multirun/multirun/seed2/fold0/checkpoints/train.9.pth",
    0.6258695560180974,
    {
      "epoch_mcc": 0.6258695560180974,
      "mcc": 0.6290692889679986,
      "loss": 0.10669280776494341
    }
  ],
  "epoch_9": [
    "output/004_vsb_naive_multirun/multirun/seed2/fold0/checkpoints/train.10.pth",
    0.6600932382075365,
    {
      "epoch_mcc": 0.6600932382075365,
      "mcc": 0.6796037493783544,
      "loss": 0.10330890890422459
    }
  ],
  "epoch_10": [
    "output/004_vsb_naive_multirun/multirun/seed2/fold0/checkpoints/train.11.pth",
    0.6600932382075365,
    {
      "epoch_mcc": 0.6600932382075365,
      "mcc": 0.6746958400308367,
      "loss": 0.11611836172140198
    }
  ],
  "epoch_11": [
    "output/004_vsb_naive_multirun/multirun/seed2/fold0/checkpoints/train.12.pth",
    0.607200437940082,
    {
      "epoch_mcc": 0.607200437940082,
      "mcc": 0.6212175117244821,
      "loss": 0.11971455993909844
    }
  ],
  "epoch_12": [
    "output/004_vsb_naive_multirun/multirun/seed2/fold0/checkpoints/train.13.pth",
    0.7001233136896912,
    {
      "epoch_mcc": 0.7001233136896912,
      "mcc": 0.7090112576074074,
      "loss": 0.0974241409149412
    }
  ],
  "epoch_13": [
    "output/004_vsb_naive_multirun/multirun/seed2/fold0/checkpoints/train.14.pth",
    0.6351648351645027,
    {
      "epoch_mcc": 0.6351648351645027,
      "mcc": 0.6590372365675297,
      "loss": 0.09755370074084826
    }
  ],
  "epoch_14": [
    "output/004_vsb_naive_multirun/multirun/seed2/fold0/checkpoints/train.15.pth",
    0.5635345902508107,
    {
      "epoch_mcc": 0.5635345902508107,
      "mcc": 0.5814735473391147,
      "loss": 0.17379105106804027
    }
  ],
  "epoch_15": [
    "output/004_vsb_naive_multirun/multirun/seed2/fold0/checkpoints/train.16.pth",
    0.6258695560180974,
    {
      "epoch_mcc": 0.6258695560180974,
      "mcc": 0.6245655254897217,
      "loss": 0.11121192659137581
    }
  ],
  "epoch_16": [
    "output/004_vsb_naive_multirun/multirun/seed2/fold0/checkpoints/train.17.pth",
    0.6384222112936226,
    {
      "epoch_mcc": 0.6384222112936226,
      "mcc": 0.6426969908296418,
      "loss": 0.1111824296145554
    }
  ],
  "epoch_17": [
    "output/004_vsb_naive_multirun/multirun/seed2/fold0/checkpoints/train.18.pth",
    0.5749749197035187,
    {
      "epoch_mcc": 0.5749749197035187,
      "mcc": 0.5293863417956799,
      "loss": 0.12318827419601086
    }
  ],
  "epoch_18": [
    "output/004_vsb_naive_multirun/multirun/seed2/fold0/checkpoints/train.19.pth",
    0.5809773893757468,
    {
      "epoch_mcc": 0.5809773893757468,
      "mcc": 0.5889097671991509,
      "loss": 0.11513918931892529
    }
  ],
  "epoch_19": [
    "output/004_vsb_naive_multirun/multirun/seed2/fold0/checkpoints/train.20.pth",
    0.6879533576972383,
    {
      "epoch_mcc": 0.6879533576972383,
      "mcc": 0.7186228190121426,
      "loss": 0.09993455081972936
    }
  ],
  "epoch_20": [
    "output/004_vsb_naive_multirun/multirun/seed2/fold0/checkpoints/train.21.pth",
    0.5798938176003835,
    {
      "epoch_mcc": 0.5798938176003835,
      "mcc": 0.5352150213888646,
      "loss": 0.14985479504229074
    }
  ],
  "epoch_21": [
    "output/004_vsb_naive_multirun/multirun/seed2/fold0/checkpoints/train.22.pth",
    0.7344877341723903,
    {
      "epoch_mcc": 0.7344877341723903,
      "mcc": 0.758527942608393,
      "loss": 0.10100526683410813
    }
  ],
  "epoch_22": [
    "output/004_vsb_naive_multirun/multirun/seed2/fold0/checkpoints/train.23.pth",
    0.6655677655674173,
    {
      "epoch_mcc": 0.6655677655674173,
      "mcc": 0.6827253436854759,
      "loss": 0.11715649082461652
    }
  ],
  "epoch_23": [
    "output/004_vsb_naive_multirun/multirun/seed2/fold0/checkpoints/train.24.pth",
    0.6480103682818995,
    {
      "epoch_mcc": 0.6480103682818995,
      "mcc": 0.6728010488190482,
      "loss": 0.10576107847326388
    }
  ],
  "epoch_24": [
    "output/004_vsb_naive_multirun/multirun/seed2/fold0/checkpoints/train.25.pth",
    0.646867201591009,
    {
      "epoch_mcc": 0.646867201591009,
      "mcc": 0.6543555984343715,
      "loss": 0.11831048546477563
    }
  ],
  "epoch_25": [
    "output/004_vsb_naive_multirun/multirun/seed2/fold0/checkpoints/train.26.pth",
    0.6927828198132796,
    {
      "epoch_mcc": 0.6927828198132796,
      "mcc": 0.7075606045564655,
      "loss": 0.10720714679542487
    }
  ],
  "epoch_26": [
    "output/004_vsb_naive_multirun/multirun/seed2/fold0/checkpoints/train.27.pth",
    0.6927828198132796,
    {
      "epoch_mcc": 0.6927828198132796,
      "mcc": 0.7152985500077436,
      "loss": 0.10835798027990914
    }
  ],
  "epoch_27": [
    "output/004_vsb_naive_multirun/multirun/seed2/fold0/checkpoints/train.28.pth",
    0.6644882991341208,
    {
      "epoch_mcc": 0.6644882991341208,
      "mcc": 0.6825283495865431,
      "loss": 0.15593764537916538
    }
  ],
  "epoch_28": [
    "output/004_vsb_naive_multirun/multirun/seed2/fold0/checkpoints/train.29.pth",
    0.6739873660677672,
    {
      "epoch_mcc": 0.6739873660677672,
      "mcc": 0.6830802518073962,
      "loss": 0.13013173552573035
    }
  ],
  "epoch_29": [
    "output/004_vsb_naive_multirun/multirun/seed2/fold0/checkpoints/train.30.pth",
    0.6566998663513868,
    {
      "epoch_mcc": 0.6566998663513868,
      "mcc": 0.6829157525153633,
      "loss": 0.13285021386117307
    }
  ],
  "epoch_30": [
    "output/004_vsb_naive_multirun/multirun/seed2/fold0/checkpoints/train.31.pth",
    0.6927828198132796,
    {
      "epoch_mcc": 0.6927828198132796,
      "mcc": 0.7205512519556597,
      "loss": 0.12717458451881672
    }
  ],