{
  "best": {
    "epoch_mcc": 0.7908305276525839,
    "mcc": 0.8095016859044147,
    "loss": 0.09044683349543604
  },
  "last": {
    "epoch_mcc": 0.7041638412112573,
    "mcc": 0.7322509004837093,
    "loss": 0.12520188082908762
  },
  "train.21": {
    "epoch_mcc": 0.7908305276525839,
    "mcc": 0.8095016859044147,
    "loss": 0.09044683349543604
  },
  "epoch_0": [
    "output/004_vsb_naive_multirun/multirun/seed4/fold4/checkpoints/train.1.pth",
    0.33373962650831,
    {
      "epoch_mcc": 0.33373962650831,
      "mcc": 0.33150595006946504,
      "loss": 0.517681086063385
    }
  ],
  "epoch_1": [
    "output/004_vsb_naive_multirun/multirun/seed4/fold4/checkpoints/train.2.pth",
    0.7026635028755925,
    {
      "epoch_mcc": 0.7026635028755925,
      "mcc": 0.7003251878267037,
      "loss": 0.32896125645473084
    }
  ],
  "epoch_2": [
    "output/004_vsb_naive_multirun/multirun/seed4/fold4/checkpoints/train.3.pth",
    0.6657231972874261,
    {
      "epoch_mcc": 0.6657231972874261,
      "mcc": 0.652804389679008,
      "loss": 0.312323461935438
    }
  ],
  "epoch_3": [
    "output/004_vsb_naive_multirun/multirun/seed4/fold4/checkpoints/train.4.pth",
    0.6873160276279382,
    {
      "epoch_mcc": 0.6873160276279382,
      "mcc": 0.6612638213059921,
      "loss": 0.2150958932679275
    }
  ],
  "epoch_4": [
    "output/004_vsb_naive_multirun/multirun/seed4/fold4/checkpoints/train.5.pth",
    0.7567496723456059,
    {
      "epoch_mcc": 0.7567496723456059,
      "mcc": 0.7525594822015066,
      "loss": 0.2388802252966782
    }
  ],
  "epoch_5": [
    "output/004_vsb_naive_multirun/multirun/seed4/fold4/checkpoints/train.6.pth",
    0.5901619993210603,
    {
      "epoch_mcc": 0.5901619993210603,
      "mcc": 0.5842043609182664,
      "loss": 0.3516193790682431
    }
  ],
  "epoch_6": [
    "output/004_vsb_naive_multirun/multirun/seed4/fold4/checkpoints/train.7.pth",
    0.6799078984592923,
    {
      "epoch_mcc": 0.6799078984592923,
      "mcc": 0.6775894903258668,
      "loss": 0.18877816292746313
    }
  ],
  "epoch_7": [
    "output/004_vsb_naive_multirun/multirun/seed4/fold4/checkpoints/train.8.pth",
    0.6550142256489556,
    {
      "epoch_mcc": 0.6550142256489556,
      "mcc": 0.650165949697132,
      "loss": 0.16548395619310183
    }
  ],
  "epoch_8": [
    "output/004_vsb_naive_multirun/multirun/seed4/fold4/checkpoints/train.9.pth",
    0.7750484281375478,
    {
      "epoch_mcc": 0.7750484281375478,
      "mcc": 0.7756028535613102,
      "loss": 0.13788151720474506
    }
  ],
  "epoch_9": [
    "output/004_vsb_naive_multirun/multirun/seed4/fold4/checkpoints/train.10.pth",
    0.7381322702138658,
    {
      "epoch_mcc": 0.7381322702138658,
      "mcc": 0.7328986195820721,
      "loss": 0.10501163694365272
    }
  ],
  "epoch_10": [
    "output/004_vsb_naive_multirun/multirun/seed4/fold4/checkpoints/train.11.pth",
    0.7107841988124062,
    {
      "epoch_mcc": 0.7107841988124062,
      "mcc": 0.6938948915438898,
      "loss": 0.12273454676414358
    }
  ],
  "epoch_11": [
    "output/004_vsb_naive_multirun/multirun/seed4/fold4/checkpoints/train.12.pth",
    0.721877174086256,
    {
      "epoch_mcc": 0.721877174086256,
      "mcc": 0.7172148270406019,
      "loss": 0.16129226550973694
    }
  ],
  "epoch_12": [
    "output/004_vsb_naive_multirun/multirun/seed4/fold4/checkpoints/train.13.pth",
    0.7305507935779577,
    {
      "epoch_mcc": 0.7305507935779577,
      "mcc": 0.7346281537842081,
      "loss": 0.13405808641992767
    }
  ],
  "epoch_13": [
    "output/004_vsb_naive_multirun/multirun/seed4/fold4/checkpoints/train.14.pth",
    0.6873160276279382,
    {
      "epoch_mcc": 0.6873160276279382,
      "mcc": 0.6983777110698174,
      "loss": 0.11441623907664726
    }
  ],
  "epoch_14": [
    "output/004_vsb_naive_multirun/multirun/seed4/fold4/checkpoints/train.15.pth",
    0.7059596128389822,
    {
      "epoch_mcc": 0.7059596128389822,
      "mcc": 0.7269011787901727,
      "loss": 0.09846003795492238
    }
  ],
  "epoch_15": [
    "output/004_vsb_naive_multirun/multirun/seed4/fold4/checkpoints/train.16.pth",
    0.7562525668687344,
    {
      "epoch_mcc": 0.7562525668687344,
      "mcc": 0.7677541870768448,
      "loss": 0.18712685632294623
    }
  ],
  "epoch_16": [
    "output/004_vsb_naive_multirun/multirun/seed4/fold4/checkpoints/train.17.pth",
    0.7472644675266372,
    {
      "epoch_mcc": 0.7472644675266372,
      "mcc": 0.7604213589105762,
      "loss": 0.13553901366118726
    }
  ],
  "epoch_17": [
    "output/004_vsb_naive_multirun/multirun/seed4/fold4/checkpoints/train.18.pth",
    0.6302011151245853,
    {
      "epoch_mcc": 0.6302011151245853,
      "mcc": 0.6319855586075758,
      "loss": 0.1802456554667703
    }
  ],
  "epoch_18": [
    "output/004_vsb_naive_multirun/multirun/seed4/fold4/checkpoints/train.19.pth",
    0.7344628102665152,
    {
      "epoch_mcc": 0.7344628102665152,
      "mcc": 0.753715503127294,
      "loss": 0.07857822148964323
    }
  ],
  "epoch_19": [
    "output/004_vsb_naive_multirun/multirun/seed4/fold4/checkpoints/train.20.pth",
    0.5262592881282505,
    {
      "epoch_mcc": 0.5262592881282505,
      "mcc": 0.5400933685110162,
      "loss": 0.13333179334114337
    }
  ],
  "epoch_20": [
    "output/004_vsb_naive_multirun/multirun/seed4/fold4/checkpoints/train.21.pth",
    0.7908305276525839,
    {
      "epoch_mcc": 0.7908305276525839,
      "mcc": 0.8095016859044147,
      "loss": 0.09044683349543604
    }
  ],
  "epoch_21": [
    "output/004_vsb_naive_multirun/multirun/seed4/fold4/checkpoints/train.22.pth",
    0.7138973255293423,
    {
      "epoch_mcc": 0.7138973255293423,
      "mcc": 0.7373926760204571,
      "loss": 0.16841581145237233
    }
  ],
  "epoch_22": [
    "output/004_vsb_naive_multirun/multirun/seed4/fold4/checkpoints/train.23.pth",
    0.6561493891808104,
    {
      "epoch_mcc": 0.6561493891808104,
      "mcc": 0.6601008327643625,
      "loss": 0.2713748444770945
    }
  ],
  "epoch_23": [
    "output/004_vsb_naive_multirun/multirun/seed4/fold4/checkpoints/train.24.pth",
    0.471829631306881,
    {
      "epoch_mcc": 0.471829631306881,
      "mcc": 0.4872736504463984,
      "loss": 0.11464907074796743
    }
  ],
  "epoch_24": [
    "output/004_vsb_naive_multirun/multirun/seed4/fold4/checkpoints/train.25.pth",
    0.7874008218620876,
    {
      "epoch_mcc": 0.7874008218620876,
      "mcc": 0.8088884103834794,
      "loss": 0.08138078723488183
    }
  ],
  "epoch_25": [
    "output/004_vsb_naive_multirun/multirun/seed4/fold4/checkpoints/train.26.pth",
    0.5998492052088467,
    {
      "epoch_mcc": 0.5998492052088467,
      "mcc": 0.6088386329198603,
      "loss": 0.09537895455442626
    }
  ],
  "epoch_26": [
    "output/004_vsb_naive_multirun/multirun/seed4/fold4/checkpoints/train.27.pth",
    0.7385482888472393,
    {
      "epoch_mcc": 0.7385482888472393,
      "mcc": 0.7305748880117783,
      "loss": 0.16505724602732166
    }
  ],
  "epoch_27": [
    "output/004_vsb_naive_multirun/multirun/seed4/fold4/checkpoints/train.28.pth",
    0.6873160276279382,
    {
      "epoch_mcc": 0.6873160276279382,
      "mcc": 0.6983777110698174,
      "loss": 0.08859952410747265
    }
  ],
  "epoch_28": [
    "output/004_vsb_naive_multirun/multirun/seed4/fold4/checkpoints/train.29.pth",
    0.7567496723456059,
    {
      "epoch_mcc": 0.7567496723456059,
      "mcc": 0.7581794831292956,
      "loss": 0.107374715034304
    }
  ],
  "epoch_29": [
    "output/004_vsb_naive_multirun/multirun/seed4/fold4/checkpoints/train.30.pth",
    0.6905559279841911,
    {
      "epoch_mcc": 0.6905559279841911,
      "mcc": 0.7130022516685461,
      "loss": 0.09232260070998093
    }
  ],
  "epoch_30": [
    "output/004_vsb_naive_multirun/multirun/seed4/fold4/checkpoints/train.31.pth",
    0.7581376049128478,
    {
      "epoch_mcc": 0.7581376049128478,
      "mcc": 0.7799383622822389,
      "loss": 0.09576843021244838
    }
  ],