{
  "best": {
    "epoch_mcc": 0.777589412349268,
    "mcc": 0.7876097799986196,
    "loss": 0.08505659360310126
  },
  "last": {
    "epoch_mcc": 0.6600588366936392,
    "mcc": 0.6752575214832416,
    "loss": 0.14329810800223514
  },
  "train.19": {
    "epoch_mcc": 0.777589412349268,
    "mcc": 0.7876097799986196,
    "loss": 0.08505659360310126
  },
  "epoch_0": [
    "output/004_vsb_naive_multirun/multirun/seed4/fold4/checkpoints/train.1.pth",
    0.674536345534614,
    {
      "epoch_mcc": 0.674536345534614,
      "mcc": 0.6648966321055279,
      "loss": 0.10152029595498381
    }
  ],
  "epoch_1": [
    "output/004_vsb_naive_multirun/multirun/seed4/fold4/checkpoints/train.2.pth",
    0.6879199632196575,
    {
      "epoch_mcc": 0.6879199632196575,
      "mcc": 0.6941127917764541,
      "loss": 0.08831656647139582
    }
  ],
  "epoch_2": [
    "output/004_vsb_naive_multirun/multirun/seed4/fold4/checkpoints/train.3.pth",
    0.6657272830451229,
    {
      "epoch_mcc": 0.6657272830451229,
      "mcc": 0.677031004080988,
      "loss": 0.0828667149975382
    }
  ],
  "epoch_3": [
    "output/004_vsb_naive_multirun/multirun/seed4/fold4/checkpoints/train.4.pth",
    0.604177819361136,
    {
      "epoch_mcc": 0.604177819361136,
      "mcc": 0.5891708345448915,
      "loss": 0.09712956085287291
    }
  ],
  "epoch_4": [
    "output/004_vsb_naive_multirun/multirun/seed4/fold4/checkpoints/train.5.pth",
    0.7161657947001097,
    {
      "epoch_mcc": 0.7161657947001097,
      "mcc": 0.7036571533262449,
      "loss": 0.14963252883532951
    }
  ],
  "epoch_5": [
    "output/004_vsb_naive_multirun/multirun/seed4/fold4/checkpoints/train.6.pth",
    0.5734355457966254,
    {
      "epoch_mcc": 0.5734355457966254,
      "mcc": 0.5799748612184545,
      "loss": 0.09539637529644474
    }
  ],
  "epoch_6": [
    "output/004_vsb_naive_multirun/multirun/seed4/fold4/checkpoints/train.7.pth",
    0.5940228758819491,
    {
      "epoch_mcc": 0.5940228758819491,
      "mcc": 0.6054317999789405,
      "loss": 0.10502491978735759
    }
  ],
  "epoch_7": [
    "output/004_vsb_naive_multirun/multirun/seed4/fold4/checkpoints/train.8.pth",
    0.5798435298476691,
    {
      "epoch_mcc": 0.5798435298476691,
      "mcc": 0.5684747054774982,
      "loss": 0.14663679322292064
    }
  ],
  "epoch_8": [
    "output/004_vsb_naive_multirun/multirun/seed4/fold4/checkpoints/train.9.pth",
    0.6928411769914399,
    {
      "epoch_mcc": 0.6928411769914399,
      "mcc": 0.6941403360735586,
      "loss": 0.09439643446741433
    }
  ],
  "epoch_9": [
    "output/004_vsb_naive_multirun/multirun/seed4/fold4/checkpoints/train.10.pth",
    0.7073103323647627,
    {
      "epoch_mcc": 0.7073103323647627,
      "mcc": 0.712977838973514,
      "loss": 0.08256917703768303
    }
  ],
  "epoch_10": [
    "output/004_vsb_naive_multirun/multirun/seed4/fold4/checkpoints/train.11.pth",
    0.6266920551871246,
    {
      "epoch_mcc": 0.6266920551871246,
      "mcc": 0.6514316100432046,
      "loss": 0.09533255449656783
    }
  ],
  "epoch_11": [
    "output/004_vsb_naive_multirun/multirun/seed4/fold4/checkpoints/train.12.pth",
    0.616801157410346,
    {
      "epoch_mcc": 0.616801157410346,
      "mcc": 0.6059950093566688,
      "loss": 0.11382731014284594
    }
  ],
  "epoch_12": [
    "output/004_vsb_naive_multirun/multirun/seed4/fold4/checkpoints/train.13.pth",
    0.5809474517528165,
    {
      "epoch_mcc": 0.5809474517528165,
      "mcc": 0.5847597839627859,
      "loss": 0.11950506835148253
    }
  ],
  "epoch_13": [
    "output/004_vsb_naive_multirun/multirun/seed4/fold4/checkpoints/train.14.pth",
    0.7191768044783651,
    {
      "epoch_mcc": 0.7191768044783651,
      "mcc": 0.7314701135106425,
      "loss": 0.08141959181119655
    }
  ],
  "epoch_14": [
    "output/004_vsb_naive_multirun/multirun/seed4/fold4/checkpoints/train.15.pth",
    0.6235959445391991,
    {
      "epoch_mcc": 0.6235959445391991,
      "mcc": 0.6502811360651316,
      "loss": 0.09658117540951433
    }
  ],
  "epoch_15": [
    "output/004_vsb_naive_multirun/multirun/seed4/fold4/checkpoints/train.16.pth",
    0.674536345534614,
    {
      "epoch_mcc": 0.674536345534614,
      "mcc": 0.6913087575829637,
      "loss": 0.09221823133271316
    }
  ],
  "epoch_16": [
    "output/004_vsb_naive_multirun/multirun/seed4/fold4/checkpoints/train.17.pth",
    0.7040555870042785,
    {
      "epoch_mcc": 0.7040555870042785,
      "mcc": 0.7021819588033451,
      "loss": 0.1233464226640504
    }
  ],
  "epoch_17": [
    "output/004_vsb_naive_multirun/multirun/seed4/fold4/checkpoints/train.18.pth",
    0.5879443281929462,
    {
      "epoch_mcc": 0.5879443281929462,
      "mcc": 0.608420432492049,
      "loss": 0.11035019909513408
    }
  ],
  "epoch_18": [
    "output/004_vsb_naive_multirun/multirun/seed4/fold4/checkpoints/train.19.pth",
    0.777589412349268,
    {
      "epoch_mcc": 0.777589412349268,
      "mcc": 0.7876097799986196,
      "loss": 0.08505659360310126
    }
  ],
  "epoch_19": [
    "output/004_vsb_naive_multirun/multirun/seed4/fold4/checkpoints/train.20.pth",
    0.6485563488701157,
    {
      "epoch_mcc": 0.6485563488701157,
      "mcc": 0.6655374708480081,
      "loss": 0.09183889026271885
    }
  ],
  "epoch_20": [
    "output/004_vsb_naive_multirun/multirun/seed4/fold4/checkpoints/train.21.pth",
    0.7522356792302882,
    {
      "epoch_mcc": 0.7522356792302882,
      "mcc": 0.756532611586241,
      "loss": 0.09097605429846665
    }
  ],
  "epoch_21": [
    "output/004_vsb_naive_multirun/multirun/seed4/fold4/checkpoints/train.22.pth",
    0.7191768044783651,
    {
      "epoch_mcc": 0.7191768044783651,
      "mcc": 0.7412501515200586,
      "loss": 0.08136308953679841
    }
  ],
  "epoch_22": [
    "output/004_vsb_naive_multirun/multirun/seed4/fold4/checkpoints/train.23.pth",
    0.6657272830451229,
    {
      "epoch_mcc": 0.6657272830451229,
      "mcc": 0.6952975692972417,
      "loss": 0.09731895759187896
    }
  ],
  "epoch_23": [
    "output/004_vsb_naive_multirun/multirun/seed4/fold4/checkpoints/train.24.pth",
    0.7300901576426261,
    {
      "epoch_mcc": 0.7300901576426261,
      "mcc": 0.730372511972693,
      "loss": 0.13751035754022928
    }
  ],
  "epoch_24": [
    "output/004_vsb_naive_multirun/multirun/seed4/fold4/checkpoints/train.25.pth",
    0.7059596128389822,
    {
      "epoch_mcc": 0.7059596128389822,
      "mcc": 0.7269011787901727,
      "loss": 0.09084928703719172
    }
  ],
  "epoch_25": [
    "output/004_vsb_naive_multirun/multirun/seed4/fold4/checkpoints/train.26.pth",
    0.6017220730687036,
    {
      "epoch_mcc": 0.6017220730687036,
      "mcc": 0.6161060162771278,
      "loss": 0.1142827634153695
    }
  ],
  "epoch_26": [
    "output/004_vsb_naive_multirun/multirun/seed4/fold4/checkpoints/train.27.pth",
    0.7673044544988245,
    {
      "epoch_mcc": 0.7673044544988245,
      "mcc": 0.7694024097398361,
      "loss": 0.10203354183969826
    }
  ],
  "epoch_27": [
    "output/004_vsb_naive_multirun/multirun/seed4/fold4/checkpoints/train.28.pth",
    0.5635018895608507,
    {
      "epoch_mcc": 0.5635018895608507,
      "mcc": 0.5549433799288773,
      "loss": 0.10601034698815182
    }
  ],
  "epoch_28": [
    "output/004_vsb_naive_multirun/multirun/seed4/fold4/checkpoints/train.29.pth",
    0.7300901576426261,
    {
      "epoch_mcc": 0.7300901576426261,
      "mcc": 0.7330876444080968,
      "loss": 0.13009602237364343
    }
  ],
  "epoch_29": [
    "output/004_vsb_naive_multirun/multirun/seed4/fold4/checkpoints/train.30.pth",
    0.6879199632196575,
    {
      "epoch_mcc": 0.6879199632196575,
      "mcc": 0.7075059625950317,
      "loss": 0.10288009540788058
    }
  ],
  "epoch_30": [
    "output/004_vsb_naive_multirun/multirun/seed4/fold4/checkpoints/train.31.pth",
    0.6905559279841911,
    {
      "epoch_mcc": 0.6905559279841911,
      "mcc": 0.6886736818933258,
      "loss": 0.08755933806813997
    }
  ],