{
  "best": {
    "epoch_mcc": 0.7606836283739793,
    "mcc": 0.7616508923615016,
    "loss": 0.12870706946119384
  },
  "last": {
    "epoch_mcc": 0.6497917086877809,
    "mcc": 0.6434232535619202,
    "loss": 0.1316436822566231
  },
  "train.42": {
    "epoch_mcc": 0.7606836283739793,
    "mcc": 0.7616508923615016,
    "loss": 0.12870706946119384
  },
  "epoch_0": [
    "output/004_vsb_naive_multirun/multirun/seed8/fold2/checkpoints/train.1.pth",
    0.5504653794188282,
    {
      "epoch_mcc": 0.5504653794188282,
      "mcc": 0.5519093105365286,
      "loss": 0.3986121681286423
    }
  ],
  "epoch_1": [
    "output/004_vsb_naive_multirun/multirun/seed8/fold2/checkpoints/train.2.pth",
    0.5313778261755465,
    {
      "epoch_mcc": 0.5313778261755465,
      "mcc": 0.5211593292333268,
      "loss": 0.17790284570748957
    }
  ],
  "epoch_2": [
    "output/004_vsb_naive_multirun/multirun/seed8/fold2/checkpoints/train.3.pth",
    0.6890135898097761,
    {
      "epoch_mcc": 0.6890135898097761,
      "mcc": 0.6927298845313627,
      "loss": 0.1816362245665565
    }
  ],
  "epoch_3": [
    "output/004_vsb_naive_multirun/multirun/seed8/fold2/checkpoints/train.4.pth",
    0.4717251019419709,
    {
      "epoch_mcc": 0.4717251019419709,
      "mcc": 0.47655783128287804,
      "loss": 0.2394204307443714
    }
  ],
  "epoch_4": [
    "output/004_vsb_naive_multirun/multirun/seed8/fold2/checkpoints/train.5.pth",
    0.6128441464572957,
    {
      "epoch_mcc": 0.6128441464572957,
      "mcc": 0.6148882434694153,
      "loss": 0.4257105707917074
    }
  ],
  "epoch_5": [
    "output/004_vsb_naive_multirun/multirun/seed8/fold2/checkpoints/train.6.pth",
    0.4723745991000502,
    {
      "epoch_mcc": 0.4723745991000502,
      "mcc": 0.4827822584468057,
      "loss": 0.37739255998713217
    }
  ],
  "epoch_6": [
    "output/004_vsb_naive_multirun/multirun/seed8/fold2/checkpoints/train.7.pth",
    0.6827823679045434,
    {
      "epoch_mcc": 0.6827823679045434,
      "mcc": 0.6820388499737796,
      "loss": 0.21789261632039503
    }
  ],
  "epoch_7": [
    "output/004_vsb_naive_multirun/multirun/seed8/fold2/checkpoints/train.8.pth",
    0.5721002077102763,
    {
      "epoch_mcc": 0.5721002077102763,
      "mcc": 0.5714695101892181,
      "loss": 0.14029987969414914
    }
  ],
  "epoch_8": [
    "output/004_vsb_naive_multirun/multirun/seed8/fold2/checkpoints/train.9.pth",
    0.6054132384978471,
    {
      "epoch_mcc": 0.6054132384978471,
      "mcc": 0.6145494259899522,
      "loss": 0.12187804692070578
    }
  ],
  "epoch_9": [
    "output/004_vsb_naive_multirun/multirun/seed8/fold2/checkpoints/train.10.pth",
    0.5990244438511311,
    {
      "epoch_mcc": 0.5990244438511311,
      "mcc": 0.6057894043509376,
      "loss": 0.44784771606146573
    }
  ],
  "epoch_10": [
    "output/004_vsb_naive_multirun/multirun/seed8/fold2/checkpoints/train.11.pth",
    0.6890135898097761,
    {
      "epoch_mcc": 0.6890135898097761,
      "mcc": 0.690904728411619,
      "loss": 0.1467687605836921
    }
  ],
  "epoch_11": [
    "output/004_vsb_naive_multirun/multirun/seed8/fold2/checkpoints/train.12.pth",
    0.7388904976777009,
    {
      "epoch_mcc": 0.7388904976777009,
      "mcc": 0.7332846663028227,
      "loss": 0.14569268192255969
    }
  ],
  "epoch_12": [
    "output/004_vsb_naive_multirun/multirun/seed8/fold2/checkpoints/train.13.pth",
    0.7195030618033128,
    {
      "epoch_mcc": 0.7195030618033128,
      "mcc": 0.7072634578545653,
      "loss": 0.1252270939530686
    }
  ],
  "epoch_13": [
    "output/004_vsb_naive_multirun/multirun/seed8/fold2/checkpoints/train.14.pth",
    0.615035677879401,
    {
      "epoch_mcc": 0.615035677879401,
      "mcc": 0.6163346790315113,
      "loss": 0.1604283557444965
    }
  ],
  "epoch_14": [
    "output/004_vsb_naive_multirun/multirun/seed8/fold2/checkpoints/train.15.pth",
    0.642177996554393,
    {
      "epoch_mcc": 0.642177996554393,
      "mcc": 0.6385661324700774,
      "loss": 0.2804876698786954
    }
  ],
  "epoch_15": [
    "output/004_vsb_naive_multirun/multirun/seed8/fold2/checkpoints/train.16.pth",
    0.70884563096842,
    {
      "epoch_mcc": 0.70884563096842,
      "mcc": 0.7063846162232962,
      "loss": 0.11603679373321762
    }
  ],
  "epoch_16": [
    "output/004_vsb_naive_multirun/multirun/seed8/fold2/checkpoints/train.17.pth",
    0.6539695782783023,
    {
      "epoch_mcc": 0.6539695782783023,
      "mcc": 0.6524840296901712,
      "loss": 0.29920346898999767
    }
  ],
  "epoch_17": [
    "output/004_vsb_naive_multirun/multirun/seed8/fold2/checkpoints/train.18.pth",
    0.6463566467327208,
    {
      "epoch_mcc": 0.6463566467327208,
      "mcc": 0.6501294460922855,
      "loss": 0.13046828766390298
    }
  ],
  "epoch_18": [
    "output/004_vsb_naive_multirun/multirun/seed8/fold2/checkpoints/train.19.pth",
    0.6951162093271308,
    {
      "epoch_mcc": 0.6951162093271308,
      "mcc": 0.7050906326729454,
      "loss": 0.11655859349106347
    }
  ],
  "epoch_19": [
    "output/004_vsb_naive_multirun/multirun/seed8/fold2/checkpoints/train.20.pth",
    0.681846051130811,
    {
      "epoch_mcc": 0.681846051130811,
      "mcc": 0.683336896364596,
      "loss": 0.12613395051373466
    }
  ],
  "epoch_20": [
    "output/004_vsb_naive_multirun/multirun/seed8/fold2/checkpoints/train.21.pth",
    0.6623324998037066,
    {
      "epoch_mcc": 0.6623324998037066,
      "mcc": 0.6674447681004577,
      "loss": 0.13289059796041958
    }
  ],
  "epoch_21": [
    "output/004_vsb_naive_multirun/multirun/seed8/fold2/checkpoints/train.22.pth",
    0.6843211665914187,
    {
      "epoch_mcc": 0.6843211665914187,
      "mcc": 0.6694442618935098,
      "loss": 0.2677205016198544
    }
  ],
  "epoch_22": [
    "output/004_vsb_naive_multirun/multirun/seed8/fold2/checkpoints/train.23.pth",
    0.6931229280250475,
    {
      "epoch_mcc": 0.6931229280250475,
      "mcc": 0.6991883495991346,
      "loss": 0.1371322294726019
    }
  ],
  "epoch_23": [
    "output/004_vsb_naive_multirun/multirun/seed8/fold2/checkpoints/train.24.pth",
    0.6772012637143808,
    {
      "epoch_mcc": 0.6772012637143808,
      "mcc": 0.6723243138574748,
      "loss": 0.1751255116035934
    }
  ],
  "epoch_24": [
    "output/004_vsb_naive_multirun/multirun/seed8/fold2/checkpoints/train.25.pth",
    0.6890135898097761,
    {
      "epoch_mcc": 0.6890135898097761,
      "mcc": 0.6967951474916104,
      "loss": 0.11619239394102572
    }
  ],
  "epoch_25": [
    "output/004_vsb_naive_multirun/multirun/seed8/fold2/checkpoints/train.26.pth",
    0.6769657135346437,
    {
      "epoch_mcc": 0.6769657135346437,
      "mcc": 0.6806798670887486,
      "loss": 0.15535787486578634
    }
  ],
  "epoch_26": [
    "output/004_vsb_naive_multirun/multirun/seed8/fold2/checkpoints/train.27.pth",
    0.29810587590940785,
    {
      "epoch_mcc": 0.29810587590940785,
      "mcc": 0.29856617735946944,
      "loss": 0.41043597885540556
    }
  ],
  "epoch_27": [
    "output/004_vsb_naive_multirun/multirun/seed8/fold2/checkpoints/train.28.pth",
    0.39745567613555294,
    {
      "epoch_mcc": 0.39745567613555294,
      "mcc": 0.3524700902371186,
      "loss": 0.18392394901142678
    }
  ],
  "epoch_28": [
    "output/004_vsb_naive_multirun/multirun/seed8/fold2/checkpoints/train.29.pth",
    0.5982166325732848,
    {
      "epoch_mcc": 0.5982166325732848,
      "mcc": 0.5959371558168391,
      "loss": 0.16345446147729936
    }
  ],
  "epoch_29": [
    "output/004_vsb_naive_multirun/multirun/seed8/fold2/checkpoints/train.30.pth",
    0.6742609582055686,
    {
      "epoch_mcc": 0.6742609582055686,
      "mcc": 0.6753921397417038,
      "loss": 0.13155522255191704
    }
  ],
  "epoch_30": [
    "output/004_vsb_naive_multirun/multirun/seed8/fold2/checkpoints/train.31.pth",
    0.6772012637143808,
    {
      "epoch_mcc": 0.6772012637143808,
      "mcc": 0.6818625940490433,
      "loss": 0.11997291779148804
    }
  ],