{
  "best": {
    "epoch_mcc": 0.7267238559031224,
    "mcc": 0.7361289996280262,
    "loss": 0.13739445077162396
  },
  "last": {
    "epoch_mcc": 0.6215581659050019,
    "mcc": 0.6202864743066517,
    "loss": 0.1424308454877538
  },
  "train.36": {
    "epoch_mcc": 0.7267238559031224,
    "mcc": 0.7361289996280262,
    "loss": 0.13739445077162396
  },
  "epoch_0": [
    "output/004_vsb_naive_multirun/multirun/seed8/fold2/checkpoints/train.1.pth",
    0.5854230377163173,
    {
      "epoch_mcc": 0.5854230377163173,
      "mcc": 0.5805117390803275,
      "loss": 0.14692537501941655
    }
  ],
  "epoch_1": [
    "output/004_vsb_naive_multirun/multirun/seed8/fold2/checkpoints/train.2.pth",
    0.6385329548894924,
    {
      "epoch_mcc": 0.6385329548894924,
      "mcc": 0.6551185176964053,
      "loss": 0.14431140298687448
    }
  ],
  "epoch_2": [
    "output/004_vsb_naive_multirun/multirun/seed8/fold2/checkpoints/train.3.pth",
    0.6434840065120163,
    {
      "epoch_mcc": 0.6434840065120163,
      "mcc": 0.6424469323922043,
      "loss": 0.10742796906197953
    }
  ],
  "epoch_3": [
    "output/004_vsb_naive_multirun/multirun/seed8/fold2/checkpoints/train.4.pth",
    0.4717251019419709,
    {
      "epoch_mcc": 0.4717251019419709,
      "mcc": 0.47655783128287804,
      "loss": 0.14356215259704655
    }
  ],
  "epoch_4": [
    "output/004_vsb_naive_multirun/multirun/seed8/fold2/checkpoints/train.5.pth",
    0.642177996554393,
    {
      "epoch_mcc": 0.642177996554393,
      "mcc": 0.6335864082552123,
      "loss": 0.11650126531284155
    }
  ],
  "epoch_5": [
    "output/004_vsb_naive_multirun/multirun/seed8/fold2/checkpoints/train.6.pth",
    0.6450282509327917,
    {
      "epoch_mcc": 0.6450282509327917,
      "mcc": 0.6571009200706583,
      "loss": 0.130565948617643
    }
  ],
  "epoch_6": [
    "output/004_vsb_naive_multirun/multirun/seed8/fold2/checkpoints/train.7.pth",
    0.5336424020315106,
    {
      "epoch_mcc": 0.5336424020315106,
      "mcc": 0.5192151809423444,
      "loss": 0.13521002979368843
    }
  ],
  "epoch_7": [
    "output/004_vsb_naive_multirun/multirun/seed8/fold2/checkpoints/train.8.pth",
    0.5848684382124728,
    {
      "epoch_mcc": 0.5848684382124728,
      "mcc": 0.5730843467291723,
      "loss": 0.12120981106659631
    }
  ],
  "epoch_8": [
    "output/004_vsb_naive_multirun/multirun/seed8/fold2/checkpoints/train.9.pth",
    0.6577192733870525,
    {
      "epoch_mcc": 0.6577192733870525,
      "mcc": 0.6652235606727702,
      "loss": 0.11866294860634664
    }
  ],
  "epoch_9": [
    "output/004_vsb_naive_multirun/multirun/seed8/fold2/checkpoints/train.10.pth",
    0.7000280245418623,
    {
      "epoch_mcc": 0.7000280245418623,
      "mcc": 0.6997003452338901,
      "loss": 0.11877451131758304
    }
  ],
  "epoch_10": [
    "output/004_vsb_naive_multirun/multirun/seed8/fold2/checkpoints/train.11.pth",
    0.6725963996595794,
    {
      "epoch_mcc": 0.6725963996595794,
      "mcc": 0.6868223805749656,
      "loss": 0.12765250061342104
    }
  ],
  "epoch_11": [
    "output/004_vsb_naive_multirun/multirun/seed8/fold2/checkpoints/train.12.pth",
    0.70884563096842,
    {
      "epoch_mcc": 0.70884563096842,
      "mcc": 0.6999676940985489,
      "loss": 0.12152105990457453
    }
  ],
  "epoch_12": [
    "output/004_vsb_naive_multirun/multirun/seed8/fold2/checkpoints/train.13.pth",
    0.60046720540207,
    {
      "epoch_mcc": 0.60046720540207,
      "mcc": 0.5848210409882048,
      "loss": 0.12085478053958815
    }
  ],
  "epoch_13": [
    "output/004_vsb_naive_multirun/multirun/seed8/fold2/checkpoints/train.14.pth",
    0.5675095455905839,
    {
      "epoch_mcc": 0.5675095455905839,
      "mcc": 0.5565015393721272,
      "loss": 0.14439912994429085
    }
  ],
  "epoch_14": [
    "output/004_vsb_naive_multirun/multirun/seed8/fold2/checkpoints/train.15.pth",
    0.669496836133266,
    {
      "epoch_mcc": 0.669496836133266,
      "mcc": 0.6573460242523249,
      "loss": 0.11649394884269537
    }
  ],
  "epoch_15": [
    "output/004_vsb_naive_multirun/multirun/seed8/fold2/checkpoints/train.16.pth",
    0.704026588622696,
    {
      "epoch_mcc": 0.704026588622696,
      "mcc": 0.6868017538155616,
      "loss": 0.11125589194170579
    }
  ],
  "epoch_16": [
    "output/004_vsb_naive_multirun/multirun/seed8/fold2/checkpoints/train.17.pth",
    0.6539065085543804,
    {
      "epoch_mcc": 0.6539065085543804,
      "mcc": 0.6608192377435614,
      "loss": 0.11625683874456075
    }
  ],
  "epoch_17": [
    "output/004_vsb_naive_multirun/multirun/seed8/fold2/checkpoints/train.18.pth",
    0.7013701169095784,
    {
      "epoch_mcc": 0.7013701169095784,
      "mcc": 0.7040731614300663,
      "loss": 0.11971058461834355
    }
  ],
  "epoch_18": [
    "output/004_vsb_naive_multirun/multirun/seed8/fold2/checkpoints/train.19.pth",
    0.681846051130811,
    {
      "epoch_mcc": 0.681846051130811,
      "mcc": 0.6947758751215747,
      "loss": 0.13227212300809443
    }
  ],
  "epoch_19": [
    "output/004_vsb_naive_multirun/multirun/seed8/fold2/checkpoints/train.20.pth",
    0.6463566467327208,
    {
      "epoch_mcc": 0.6463566467327208,
      "mcc": 0.6416385975887935,
      "loss": 0.12847345677587538
    }
  ],
  "epoch_20": [
    "output/004_vsb_naive_multirun/multirun/seed8/fold2/checkpoints/train.21.pth",
    0.6222716922137328,
    {
      "epoch_mcc": 0.6222716922137328,
      "mcc": 0.6089070257595609,
      "loss": 0.14744260214692345
    }
  ],
  "epoch_21": [
    "output/004_vsb_naive_multirun/multirun/seed8/fold2/checkpoints/train.22.pth",
    0.6491392713795248,
    {
      "epoch_mcc": 0.6491392713795248,
      "mcc": 0.651114674160527,
      "loss": 0.13948515447404833
    }
  ],
  "epoch_22": [
    "output/004_vsb_naive_multirun/multirun/seed8/fold2/checkpoints/train.23.pth",
    0.6350319806837575,
    {
      "epoch_mcc": 0.6350319806837575,
      "mcc": 0.6380572092998309,
      "loss": 0.14095907782728617
    }
  ],
  "epoch_23": [
    "output/004_vsb_naive_multirun/multirun/seed8/fold2/checkpoints/train.24.pth",
    0.5484282466105435,
    {
      "epoch_mcc": 0.5484282466105435,
      "mcc": 0.5194906771530123,
      "loss": 0.14398369408515563
    }
  ],
  "epoch_24": [
    "output/004_vsb_naive_multirun/multirun/seed8/fold2/checkpoints/train.25.pth",
    0.5538227957877407,
    {
      "epoch_mcc": 0.5538227957877407,
      "mcc": 0.5455598578143419,
      "loss": 0.1718383783317474
    }
  ],
  "epoch_25": [
    "output/004_vsb_naive_multirun/multirun/seed8/fold2/checkpoints/train.26.pth",
    0.6088441793473796,
    {
      "epoch_mcc": 0.6088441793473796,
      "mcc": 0.6091104029068407,
      "loss": 0.13061279807361598
    }
  ],
  "epoch_26": [
    "output/004_vsb_naive_multirun/multirun/seed8/fold2/checkpoints/train.27.pth",
    0.7000280245418623,
    {
      "epoch_mcc": 0.7000280245418623,
      "mcc": 0.6902900870322827,
      "loss": 0.135362168443798
    }
  ],
  "epoch_27": [
    "output/004_vsb_naive_multirun/multirun/seed8/fold2/checkpoints/train.28.pth",
    0.6951162093271308,
    {
      "epoch_mcc": 0.6951162093271308,
      "mcc": 0.6997404598195404,
      "loss": 0.13644702991602137
    }
  ],
  "epoch_28": [
    "output/004_vsb_naive_multirun/multirun/seed8/fold2/checkpoints/train.29.pth",
    0.6632286624397578,
    {
      "epoch_mcc": 0.6632286624397578,
      "mcc": 0.6644765383269688,
      "loss": 0.15377928385841252
    }
  ],
  "epoch_29": [
    "output/004_vsb_naive_multirun/multirun/seed8/fold2/checkpoints/train.30.pth",
    0.6623324998037066,
    {
      "epoch_mcc": 0.6623324998037066,
      "mcc": 0.6502261402294977,
      "loss": 0.14405815413609635
    }
  ],
  "epoch_30": [
    "output/004_vsb_naive_multirun/multirun/seed8/fold2/checkpoints/train.31.pth",
    0.5936621163967801,
    {
      "epoch_mcc": 0.5936621163967801,
      "mcc": 0.6155519279136978,
      "loss": 0.22407576031405832
    }
  ],