{
  "best": {
    "epoch_mcc": 0.691425344195758,
    "mcc": 0.6870061325284743,
    "loss": 0.13084917064121382
  },
  "last": {
    "epoch_mcc": 0.5907888968738678,
    "mcc": 0.598828640057464,
    "loss": 0.16242309489164009
  },
  "train.45": {
    "epoch_mcc": 0.691425344195758,
    "mcc": 0.6870061325284743,
    "loss": 0.13084917064121382
  },
  "epoch_0": [
    "output/004_vsb_naive_multirun/multirun/seed7/fold3/checkpoints/train.1.pth",
    0.6199333525016595,
    {
      "epoch_mcc": 0.6199333525016595,
      "mcc": 0.623800602102482,
      "loss": 0.32078741170247943
    }
  ],
  "epoch_1": [
    "output/004_vsb_naive_multirun/multirun/seed7/fold3/checkpoints/train.2.pth",
    0.6350319806837575,
    {
      "epoch_mcc": 0.6350319806837575,
      "mcc": 0.640039314446528,
      "loss": 0.3670162237962634
    }
  ],
  "epoch_2": [
    "output/004_vsb_naive_multirun/multirun/seed7/fold3/checkpoints/train.3.pth",
    0.6155120297510608,
    {
      "epoch_mcc": 0.6155120297510608,
      "mcc": 0.6131324172762157,
      "loss": 0.2638222591858517
    }
  ],
  "epoch_3": [
    "output/004_vsb_naive_multirun/multirun/seed7/fold3/checkpoints/train.4.pth",
    0.6434840065120163,
    {
      "epoch_mcc": 0.6434840065120163,
      "mcc": 0.6366886499623052,
      "loss": 0.13623658953660941
    }
  ],
  "epoch_4": [
    "output/004_vsb_naive_multirun/multirun/seed7/fold3/checkpoints/train.5.pth",
    0.5676961520954644,
    {
      "epoch_mcc": 0.5676961520954644,
      "mcc": 0.5665205114533508,
      "loss": 0.4604945605470063
    }
  ],
  "epoch_5": [
    "output/004_vsb_naive_multirun/multirun/seed7/fold3/checkpoints/train.6.pth",
    0.4302460725801478,
    {
      "epoch_mcc": 0.4302460725801478,
      "mcc": 0.3894687289216965,
      "loss": 0.16774541198591766
    }
  ],
  "epoch_6": [
    "output/004_vsb_naive_multirun/multirun/seed7/fold3/checkpoints/train.7.pth",
    0.5659075786649764,
    {
      "epoch_mcc": 0.5659075786649764,
      "mcc": 0.5724498198667027,
      "loss": 0.1673548030258251
    }
  ],
  "epoch_7": [
    "output/004_vsb_naive_multirun/multirun/seed7/fold3/checkpoints/train.8.pth",
    0.5846674127694007,
    {
      "epoch_mcc": 0.5846674127694007,
      "mcc": 0.5852204092831833,
      "loss": 0.29649373878710444
    }
  ],
  "epoch_8": [
    "output/004_vsb_naive_multirun/multirun/seed7/fold3/checkpoints/train.9.pth",
    0.65505292209505,
    {
      "epoch_mcc": 0.65505292209505,
      "mcc": 0.6556580265827979,
      "loss": 0.2144394103764667
    }
  ],
  "epoch_9": [
    "output/004_vsb_naive_multirun/multirun/seed7/fold3/checkpoints/train.10.pth",
    0.6417888798978316,
    {
      "epoch_mcc": 0.6417888798978316,
      "mcc": 0.639511028603213,
      "loss": 0.29450685914330144
    }
  ],
  "epoch_10": [
    "output/004_vsb_naive_multirun/multirun/seed7/fold3/checkpoints/train.11.pth",
    0.6577192733870525,
    {
      "epoch_mcc": 0.6577192733870525,
      "mcc": 0.6628651383848364,
      "loss": 0.1463362535208515
    }
  ],
  "epoch_11": [
    "output/004_vsb_naive_multirun/multirun/seed7/fold3/checkpoints/train.12.pth",
    0.6641529004121258,
    {
      "epoch_mcc": 0.6641529004121258,
      "mcc": 0.6624499168343141,
      "loss": 0.1235647829900305
    }
  ],
  "epoch_12": [
    "output/004_vsb_naive_multirun/multirun/seed7/fold3/checkpoints/train.13.pth",
    0.6725963996595794,
    {
      "epoch_mcc": 0.6725963996595794,
      "mcc": 0.672188187005101,
      "loss": 0.19824641288968248
    }
  ],
  "epoch_13": [
    "output/004_vsb_naive_multirun/multirun/seed7/fold3/checkpoints/train.14.pth",
    0.68938786056894,
    {
      "epoch_mcc": 0.68938786056894,
      "mcc": 0.6890162438793401,
      "loss": 0.1498638849557985
    }
  ],
  "epoch_14": [
    "output/004_vsb_naive_multirun/multirun/seed7/fold3/checkpoints/train.15.pth",
    0.6772012637143808,
    {
      "epoch_mcc": 0.6772012637143808,
      "mcc": 0.6885694334952012,
      "loss": 0.21138655282749366
    }
  ],
  "epoch_15": [
    "output/004_vsb_naive_multirun/multirun/seed7/fold3/checkpoints/train.16.pth",
    0.4366324434518715,
    {
      "epoch_mcc": 0.4366324434518715,
      "mcc": 0.4108229514525939,
      "loss": 0.18597274559602886
    }
  ],
  "epoch_16": [
    "output/004_vsb_naive_multirun/multirun/seed7/fold3/checkpoints/train.17.pth",
    0.5403624810451036,
    {
      "epoch_mcc": 0.5403624810451036,
      "mcc": 0.5412155793017056,
      "loss": 0.16571509857339825
    }
  ],
  "epoch_17": [
    "output/004_vsb_naive_multirun/multirun/seed7/fold3/checkpoints/train.18.pth",
    0.6260931054257936,
    {
      "epoch_mcc": 0.6260931054257936,
      "mcc": 0.6275373025840252,
      "loss": 0.14476284461669792
    }
  ],
  "epoch_18": [
    "output/004_vsb_naive_multirun/multirun/seed7/fold3/checkpoints/train.19.pth",
    0.6772012637143808,
    {
      "epoch_mcc": 0.6772012637143808,
      "mcc": 0.6836760466810908,
      "loss": 0.13333303013274675
    }
  ],
  "epoch_19": [
    "output/004_vsb_naive_multirun/multirun/seed7/fold3/checkpoints/train.20.pth",
    0.68938786056894,
    {
      "epoch_mcc": 0.68938786056894,
      "mcc": 0.6961184960255609,
      "loss": 0.1075852109622627
    }
  ],
  "epoch_20": [
    "output/004_vsb_naive_multirun/multirun/seed7/fold3/checkpoints/train.21.pth",
    0.22432702881293592,
    {
      "epoch_mcc": 0.22432702881293592,
      "mcc": 0.22425766561615268,
      "loss": 0.7280996309500348
    }
  ],
  "epoch_21": [
    "output/004_vsb_naive_multirun/multirun/seed7/fold3/checkpoints/train.22.pth",
    0.11824193791419738,
    {
      "epoch_mcc": 0.11824193791419738,
      "mcc": 0.1211070679045264,
      "loss": 0.9751185944076249
    }
  ],
  "epoch_22": [
    "output/004_vsb_naive_multirun/multirun/seed7/fold3/checkpoints/train.23.pth",
    0.4597425319197079,
    {
      "epoch_mcc": 0.4597425319197079,
      "mcc": 0.42694840279044616,
      "loss": 0.15114844648132225
    }
  ],
  "epoch_23": [
    "output/004_vsb_naive_multirun/multirun/seed7/fold3/checkpoints/train.24.pth",
    0.6346498016735805,
    {
      "epoch_mcc": 0.6346498016735805,
      "mcc": 0.6389262473326773,
      "loss": 0.1756558112043522
    }
  ],
  "epoch_24": [
    "output/004_vsb_naive_multirun/multirun/seed7/fold3/checkpoints/train.25.pth",
    0.6577192733870525,
    {
      "epoch_mcc": 0.6577192733870525,
      "mcc": 0.666888365496028,
      "loss": 0.14103965698492918
    }
  ],
  "epoch_25": [
    "output/004_vsb_naive_multirun/multirun/seed7/fold3/checkpoints/train.26.pth",
    0.5405127159474028,
    {
      "epoch_mcc": 0.5405127159474028,
      "mcc": 0.5457922284106438,
      "loss": 0.16770865325775902
    }
  ],
  "epoch_26": [
    "output/004_vsb_naive_multirun/multirun/seed7/fold3/checkpoints/train.27.pth",
    0.6755118137614066,
    {
      "epoch_mcc": 0.6755118137614066,
      "mcc": 0.675827424827035,
      "loss": 0.13044050878327398
    }
  ],
  "epoch_27": [
    "output/004_vsb_naive_multirun/multirun/seed7/fold3/checkpoints/train.28.pth",
    0.2689493902875906,
    {
      "epoch_mcc": 0.2689493902875906,
      "mcc": 0.2680294390404047,
      "loss": 0.7393017062426844
    }
  ],
  "epoch_28": [
    "output/004_vsb_naive_multirun/multirun/seed7/fold3/checkpoints/train.29.pth",
    0.5848684382124728,
    {
      "epoch_mcc": 0.5848684382124728,
      "mcc": 0.5788924313478396,
      "loss": 0.1258820498846279
    }
  ],
  "epoch_29": [
    "output/004_vsb_naive_multirun/multirun/seed7/fold3/checkpoints/train.30.pth",
    0.5622179513357831,
    {
      "epoch_mcc": 0.5622179513357831,
      "mcc": 0.5597974482792476,
      "loss": 0.13237171153347177
    }
  ],
  "epoch_30": [
    "output/004_vsb_naive_multirun/multirun/seed7/fold3/checkpoints/train.31.pth",
    0.6446483180424849,
    {
      "epoch_mcc": 0.6446483180424849,
      "mcc": 0.6527229088645128,
      "loss": 0.13811390675129867
    }
  ],