{
  "best": {
    "epoch_mcc": 0.6850227762711036,
    "mcc": 0.6105655744313789,
    "loss": 0.15955963463618839
  },
  "last": {
    "epoch_mcc": 0.384730515123126,
    "mcc": 0.37932774974719025,
    "loss": 0.18892951299404276
  },
  "train.49": {
    "epoch_mcc": 0.6850227762711036,
    "mcc": 0.6105655744313789,
    "loss": 0.15955963463618839
  },
  "epoch_0": [
    "output/004_vsb_naive_multirun/multirun/seed7/fold4/checkpoints/train.1.pth",
    0.4282851818200218,
    {
      "epoch_mcc": 0.4282851818200218,
      "mcc": 0.40179180496225353,
      "loss": 0.1390450727323006
    }
  ],
  "epoch_1": [
    "output/004_vsb_naive_multirun/multirun/seed7/fold4/checkpoints/train.2.pth",
    0.4878071451526189,
    {
      "epoch_mcc": 0.4878071451526189,
      "mcc": 0.3864570412962564,
      "loss": 0.12133068658154586
    }
  ],
  "epoch_2": [
    "output/004_vsb_naive_multirun/multirun/seed7/fold4/checkpoints/train.3.pth",
    0.6266920551871246,
    {
      "epoch_mcc": 0.6266920551871246,
      "mcc": 0.5500063416074787,
      "loss": 0.11347261081481802
    }
  ],
  "epoch_3": [
    "output/004_vsb_naive_multirun/multirun/seed7/fold4/checkpoints/train.4.pth",
    0.4281465332675112,
    {
      "epoch_mcc": 0.4281465332675112,
      "mcc": 0.3783403425788632,
      "loss": 0.11767112129721148
    }
  ],
  "epoch_4": [
    "output/004_vsb_naive_multirun/multirun/seed7/fold4/checkpoints/train.5.pth",
    0.5166410955004405,
    {
      "epoch_mcc": 0.5166410955004405,
      "mcc": 0.4553259350010221,
      "loss": 0.12601589190548865
    }
  ],
  "epoch_5": [
    "output/004_vsb_naive_multirun/multirun/seed7/fold4/checkpoints/train.6.pth",
    0.5969917558237305,
    {
      "epoch_mcc": 0.5969917558237305,
      "mcc": 0.5301994929768938,
      "loss": 0.10668912046942218
    }
  ],
  "epoch_6": [
    "output/004_vsb_naive_multirun/multirun/seed7/fold4/checkpoints/train.7.pth",
    0.4926599473250011,
    {
      "epoch_mcc": 0.4926599473250011,
      "mcc": 0.4401300160629374,
      "loss": 0.1304135816878286
    }
  ],
  "epoch_7": [
    "output/004_vsb_naive_multirun/multirun/seed7/fold4/checkpoints/train.8.pth",
    0.5439056356484697,
    {
      "epoch_mcc": 0.5439056356484697,
      "mcc": 0.5107008076273781,
      "loss": 0.13131934712673055
    }
  ],
  "epoch_8": [
    "output/004_vsb_naive_multirun/multirun/seed7/fold4/checkpoints/train.9.pth",
    0.4954130353111146,
    {
      "epoch_mcc": 0.4954130353111146,
      "mcc": 0.44989344150071153,
      "loss": 0.14052106532557257
    }
  ],
  "epoch_9": [
    "output/004_vsb_naive_multirun/multirun/seed7/fold4/checkpoints/train.10.pth",
    0.666373429860545,
    {
      "epoch_mcc": 0.666373429860545,
      "mcc": 0.5780176396325323,
      "loss": 0.10724427515062793
    }
  ],
  "epoch_10": [
    "output/004_vsb_naive_multirun/multirun/seed7/fold4/checkpoints/train.11.pth",
    0.627365913953903,
    {
      "epoch_mcc": 0.627365913953903,
      "mcc": 0.5645194008265905,
      "loss": 0.1130440485888514
    }
  ],
  "epoch_11": [
    "output/004_vsb_naive_multirun/multirun/seed7/fold4/checkpoints/train.12.pth",
    0.5628925981848275,
    {
      "epoch_mcc": 0.5628925981848275,
      "mcc": 0.5182505631174413,
      "loss": 0.1252278396795536
    }
  ],
  "epoch_12": [
    "output/004_vsb_naive_multirun/multirun/seed7/fold4/checkpoints/train.13.pth",
    0.6157834523118535,
    {
      "epoch_mcc": 0.6157834523118535,
      "mcc": 0.5341290750525562,
      "loss": 0.10690826465343607
    }
  ],
  "epoch_13": [
    "output/004_vsb_naive_multirun/multirun/seed7/fold4/checkpoints/train.14.pth",
    0.6645917652054972,
    {
      "epoch_mcc": 0.6645917652054972,
      "mcc": 0.5918081643061079,
      "loss": 0.12008462815449156
    }
  ],
  "epoch_14": [
    "output/004_vsb_naive_multirun/multirun/seed7/fold4/checkpoints/train.15.pth",
    0.6453750129453301,
    {
      "epoch_mcc": 0.6453750129453301,
      "mcc": 0.584874935996538,
      "loss": 0.13030321680266282
    }
  ],
  "epoch_15": [
    "output/004_vsb_naive_multirun/multirun/seed7/fold4/checkpoints/train.16.pth",
    0.532014667682075,
    {
      "epoch_mcc": 0.532014667682075,
      "mcc": 0.48255973903119237,
      "loss": 0.12583478678917062
    }
  ],
  "epoch_16": [
    "output/004_vsb_naive_multirun/multirun/seed7/fold4/checkpoints/train.17.pth",
    0.5166410955004405,
    {
      "epoch_mcc": 0.5166410955004405,
      "mcc": 0.4738729034464173,
      "loss": 0.12962615407746414
    }
  ],
  "epoch_17": [
    "output/004_vsb_naive_multirun/multirun/seed7/fold4/checkpoints/train.18.pth",
    0.5762221902115311,
    {
      "epoch_mcc": 0.5762221902115311,
      "mcc": 0.5198512543328719,
      "loss": 0.14438377279659798
    }
  ],
  "epoch_18": [
    "output/004_vsb_naive_multirun/multirun/seed7/fold4/checkpoints/train.19.pth",
    0.6254062807022426,
    {
      "epoch_mcc": 0.6254062807022426,
      "mcc": 0.5463632928811131,
      "loss": 0.10792739596860162
    }
  ],
  "epoch_19": [
    "output/004_vsb_naive_multirun/multirun/seed7/fold4/checkpoints/train.20.pth",
    0.4096862464616818,
    {
      "epoch_mcc": 0.4096862464616818,
      "mcc": 0.3951488305122311,
      "loss": 0.16108942977313337
    }
  ],
  "epoch_20": [
    "output/004_vsb_naive_multirun/multirun/seed7/fold4/checkpoints/train.21.pth",
    0.5635018895608507,
    {
      "epoch_mcc": 0.5635018895608507,
      "mcc": 0.525002353049328,
      "loss": 0.12027518667023757
    }
  ],
  "epoch_21": [
    "output/004_vsb_naive_multirun/multirun/seed7/fold4/checkpoints/train.22.pth",
    0.3820524697792378,
    {
      "epoch_mcc": 0.3820524697792378,
      "mcc": 0.3637378210216286,
      "loss": 0.18956101433984165
    }
  ],
  "epoch_22": [
    "output/004_vsb_naive_multirun/multirun/seed7/fold4/checkpoints/train.23.pth",
    0.63192532560819,
    {
      "epoch_mcc": 0.63192532560819,
      "mcc": 0.5579554014544613,
      "loss": 0.11675177607043036
    }
  ],
  "epoch_23": [
    "output/004_vsb_naive_multirun/multirun/seed7/fold4/checkpoints/train.24.pth",
    0.6456664566665565,
    {
      "epoch_mcc": 0.6456664566665565,
      "mcc": 0.5587518223423507,
      "loss": 0.1129574598937199
    }
  ],
  "epoch_24": [
    "output/004_vsb_naive_multirun/multirun/seed7/fold4/checkpoints/train.25.pth",
    0.6727379839995008,
    {
      "epoch_mcc": 0.6727379839995008,
      "mcc": 0.6056530184010358,
      "loss": 0.11367793884770623
    }
  ],
  "epoch_25": [
    "output/004_vsb_naive_multirun/multirun/seed7/fold4/checkpoints/train.26.pth",
    0.6644496241088461,
    {
      "epoch_mcc": 0.6644496241088461,
      "mcc": 0.589524420970738,
      "loss": 0.1329556039695082
    }
  ],
  "epoch_26": [
    "output/004_vsb_naive_multirun/multirun/seed7/fold4/checkpoints/train.27.pth",
    0.6655307994754047,
    {
      "epoch_mcc": 0.6655307994754047,
      "mcc": 0.5712855344573181,
      "loss": 0.13006436023218879
    }
  ],
  "epoch_27": [
    "output/004_vsb_naive_multirun/multirun/seed7/fold4/checkpoints/train.28.pth",
    0.5626239922130344,
    {
      "epoch_mcc": 0.5626239922130344,
      "mcc": 0.4857800664069649,
      "loss": 0.13050737915367916
    }
  ],
  "epoch_28": [
    "output/004_vsb_naive_multirun/multirun/seed7/fold4/checkpoints/train.29.pth",
    0.6427748731941806,
    {
      "epoch_mcc": 0.6427748731941806,
      "mcc": 0.5715909171905514,
      "loss": 0.1699468672275543
    }
  ],
  "epoch_29": [
    "output/004_vsb_naive_multirun/multirun/seed7/fold4/checkpoints/train.30.pth",
    0.5749354278897122,
    {
      "epoch_mcc": 0.5749354278897122,
      "mcc": 0.505904559964874,
      "loss": 0.12192135453224182
    }
  ],
  "epoch_30": [
    "output/004_vsb_naive_multirun/multirun/seed7/fold4/checkpoints/train.31.pth",
    0.6097966701122933,
    {
      "epoch_mcc": 0.6097966701122933,
      "mcc": 0.5442388938093639,
      "loss": 0.14098731854866292
    }
  ],