{
  "best": {
    "epoch_mcc": 0.7421794481754336,
    "mcc": 0.740854086879561,
    "loss": 0.11733357575617846
  },
  "last": {
    "epoch_mcc": 0.5452495292869011,
    "mcc": 0.5506744584947246,
    "loss": 0.269444803324193
  },
  "train.24": {
    "epoch_mcc": 0.7421794481754336,
    "mcc": 0.740854086879561,
    "loss": 0.11733357575617846
  },
  "epoch_0": [
    "output/004_vsb_naive_multirun/multirun/seed1/fold2/checkpoints/train.1.pth",
    0.4600152390385983,
    {
      "epoch_mcc": 0.4600152390385983,
      "mcc": 0.43800451859251366,
      "loss": 0.1251301911375814
    }
  ],
  "epoch_1": [
    "output/004_vsb_naive_multirun/multirun/seed1/fold2/checkpoints/train.2.pth",
    0.4366324434518715,
    {
      "epoch_mcc": 0.4366324434518715,
      "mcc": 0.4099301238989816,
      "loss": 0.16365436650492032
    }
  ],
  "epoch_2": [
    "output/004_vsb_naive_multirun/multirun/seed1/fold2/checkpoints/train.3.pth",
    0.6113916303409611,
    {
      "epoch_mcc": 0.6113916303409611,
      "mcc": 0.6012124964763199,
      "loss": 0.12688991060663213
    }
  ],
  "epoch_3": [
    "output/004_vsb_naive_multirun/multirun/seed1/fold2/checkpoints/train.4.pth",
    0.68938786056894,
    {
      "epoch_mcc": 0.68938786056894,
      "mcc": 0.6886351544719039,
      "loss": 0.10913577925240726
    }
  ],
  "epoch_4": [
    "output/004_vsb_naive_multirun/multirun/seed1/fold2/checkpoints/train.5.pth",
    0.6596749462149928,
    {
      "epoch_mcc": 0.6596749462149928,
      "mcc": 0.6579940448440358,
      "loss": 0.11646109691175044
    }
  ],
  "epoch_5": [
    "output/004_vsb_naive_multirun/multirun/seed1/fold2/checkpoints/train.6.pth",
    0.6970782002162527,
    {
      "epoch_mcc": 0.6970782002162527,
      "mcc": 0.6991444252349354,
      "loss": 0.1076041390981506
    }
  ],
  "epoch_6": [
    "output/004_vsb_naive_multirun/multirun/seed1/fold2/checkpoints/train.7.pth",
    0.46464850071156716,
    {
      "epoch_mcc": 0.46464850071156716,
      "mcc": 0.4555079834991396,
      "loss": 0.15309795242270996
    }
  ],
  "epoch_7": [
    "output/004_vsb_naive_multirun/multirun/seed1/fold2/checkpoints/train.8.pth",
    0.4896928144588394,
    {
      "epoch_mcc": 0.4896928144588394,
      "mcc": 0.48335605571282597,
      "loss": 0.13129770899393473
    }
  ],
  "epoch_8": [
    "output/004_vsb_naive_multirun/multirun/seed1/fold2/checkpoints/train.9.pth",
    0.7223594912007809,
    {
      "epoch_mcc": 0.7223594912007809,
      "mcc": 0.7282681931267755,
      "loss": 0.11320801044007997
    }
  ],
  "epoch_9": [
    "output/004_vsb_naive_multirun/multirun/seed1/fold2/checkpoints/train.10.pth",
    0.6113916303409611,
    {
      "epoch_mcc": 0.6113916303409611,
      "mcc": 0.6012124964763199,
      "loss": 0.11936440967061844
    }
  ],
  "epoch_10": [
    "output/004_vsb_naive_multirun/multirun/seed1/fold2/checkpoints/train.11.pth",
    0.6772012637143808,
    {
      "epoch_mcc": 0.6772012637143808,
      "mcc": 0.6790005516918286,
      "loss": 0.10823315816727849
    }
  ],
  "epoch_11": [
    "output/004_vsb_naive_multirun/multirun/seed1/fold2/checkpoints/train.12.pth",
    0.429674989038862,
    {
      "epoch_mcc": 0.429674989038862,
      "mcc": 0.4319573073120356,
      "loss": 0.1797269732401211
    }
  ],
  "epoch_12": [
    "output/004_vsb_naive_multirun/multirun/seed1/fold2/checkpoints/train.13.pth",
    0.6696039773769571,
    {
      "epoch_mcc": 0.6696039773769571,
      "mcc": 0.6699019735106805,
      "loss": 0.10260352676352823
    }
  ],
  "epoch_13": [
    "output/004_vsb_naive_multirun/multirun/seed1/fold2/checkpoints/train.14.pth",
    0.44747018913692244,
    {
      "epoch_mcc": 0.44747018913692244,
      "mcc": 0.4385544849123279,
      "loss": 0.13928306561841816
    }
  ],
  "epoch_14": [
    "output/004_vsb_naive_multirun/multirun/seed1/fold2/checkpoints/train.15.pth",
    0.65505292209505,
    {
      "epoch_mcc": 0.65505292209505,
      "mcc": 0.660135644332432,
      "loss": 0.12683983991586198
    }
  ],
  "epoch_15": [
    "output/004_vsb_naive_multirun/multirun/seed1/fold2/checkpoints/train.16.pth",
    0.6157665428530914,
    {
      "epoch_mcc": 0.6157665428530914,
      "mcc": 0.6204327362780694,
      "loss": 0.12137949741132903
    }
  ],
  "epoch_16": [
    "output/004_vsb_naive_multirun/multirun/seed1/fold2/checkpoints/train.17.pth",
    0.6577192733870525,
    {
      "epoch_mcc": 0.6577192733870525,
      "mcc": 0.6655432738004732,
      "loss": 0.1210378772369145
    }
  ],
  "epoch_17": [
    "output/004_vsb_naive_multirun/multirun/seed1/fold2/checkpoints/train.18.pth",
    0.6931229280250475,
    {
      "epoch_mcc": 0.6931229280250475,
      "mcc": 0.6898826805070011,
      "loss": 0.11419454930597041
    }
  ],
  "epoch_18": [
    "output/004_vsb_naive_multirun/multirun/seed1/fold2/checkpoints/train.19.pth",
    0.5846674127694007,
    {
      "epoch_mcc": 0.5846674127694007,
      "mcc": 0.5764385894310472,
      "loss": 0.12871200767010707
    }
  ],
  "epoch_19": [
    "output/004_vsb_naive_multirun/multirun/seed1/fold2/checkpoints/train.20.pth",
    0.6658930591476528,
    {
      "epoch_mcc": 0.6658930591476528,
      "mcc": 0.6631508590761546,
      "loss": 0.11669379940157093
    }
  ],
  "epoch_20": [
    "output/004_vsb_naive_multirun/multirun/seed1/fold2/checkpoints/train.21.pth",
    0.6497917086877809,
    {
      "epoch_mcc": 0.6497917086877809,
      "mcc": 0.6459188639934403,
      "loss": 0.10524373222623347
    }
  ],
  "epoch_21": [
    "output/004_vsb_naive_multirun/multirun/seed1/fold2/checkpoints/train.22.pth",
    0.7167117428323535,
    {
      "epoch_mcc": 0.7167117428323535,
      "mcc": 0.7091267328896115,
      "loss": 0.11135705396302185
    }
  ],
  "epoch_22": [
    "output/004_vsb_naive_multirun/multirun/seed1/fold2/checkpoints/train.23.pth",
    0.7143155478174341,
    {
      "epoch_mcc": 0.7143155478174341,
      "mcc": 0.7212375735027693,
      "loss": 0.11549253933606173
    }
  ],
  "epoch_23": [
    "output/004_vsb_naive_multirun/multirun/seed1/fold2/checkpoints/train.24.pth",
    0.7421794481754336,
    {
      "epoch_mcc": 0.7421794481754336,
      "mcc": 0.740854086879561,
      "loss": 0.11733357575617846
    }
  ],
  "epoch_24": [
    "output/004_vsb_naive_multirun/multirun/seed1/fold2/checkpoints/train.25.pth",
    0.49209209336256904,
    {
      "epoch_mcc": 0.49209209336256904,
      "mcc": 0.47593423631808146,
      "loss": 0.1598649566509022
    }
  ],
  "epoch_25": [
    "output/004_vsb_naive_multirun/multirun/seed1/fold2/checkpoints/train.26.pth",
    0.6331495471371922,
    {
      "epoch_mcc": 0.6331495471371922,
      "mcc": 0.6312129485136052,
      "loss": 0.14916697134249388
    }
  ],
  "epoch_26": [
    "output/004_vsb_naive_multirun/multirun/seed1/fold2/checkpoints/train.27.pth",
    0.6387164594683569,
    {
      "epoch_mcc": 0.6387164594683569,
      "mcc": 0.6358518007430801,
      "loss": 0.1345054071826184
    }
  ],
  "epoch_27": [
    "output/004_vsb_naive_multirun/multirun/seed1/fold2/checkpoints/train.28.pth",
    0.6755118137614066,
    {
      "epoch_mcc": 0.6755118137614066,
      "mcc": 0.6769919534862263,
      "loss": 0.13092642815434175
    }
  ],
  "epoch_28": [
    "output/004_vsb_naive_multirun/multirun/seed1/fold2/checkpoints/train.29.pth",
    0.6497917086877809,
    {
      "epoch_mcc": 0.6497917086877809,
      "mcc": 0.6571574355509536,
      "loss": 0.15348177025553075
    }
  ],
  "epoch_29": [
    "output/004_vsb_naive_multirun/multirun/seed1/fold2/checkpoints/train.30.pth",
    0.663886364849314,
    {
      "epoch_mcc": 0.663886364849314,
      "mcc": 0.6755212782713003,
      "loss": 0.1544063117630818
    }
  ],
  "epoch_30": [
    "output/004_vsb_naive_multirun/multirun/seed1/fold2/checkpoints/train.31.pth",
    0.6350319806837575,
    {
      "epoch_mcc": 0.6350319806837575,
      "mcc": 0.641094025920163,
      "loss": 0.15990204017179763
    }
  ],