{
  "best": {
    "epoch_mcc": 0.7882442906202505,
    "mcc": 0.797767378133158,
    "loss": 0.08393493066060131
  },
  "last": {
    "epoch_mcc": 0.6860637338413752,
    "mcc": 0.6329627683036996,
    "loss": 0.11796918591034823
  },
  "train.8": {
    "epoch_mcc": 0.7882442906202505,
    "mcc": 0.797767378133158,
    "loss": 0.08393493066060131
  },
  "epoch_0": [
    "output/004_vsb_naive_multirun/multirun/seed1/fold4/checkpoints/train.1.pth",
    0.6941988548954221,
    {
      "epoch_mcc": 0.6941988548954221,
      "mcc": 0.6940587873459589,
      "loss": 0.1387578419570265
    }
  ],
  "epoch_1": [
    "output/004_vsb_naive_multirun/multirun/seed1/fold4/checkpoints/train.2.pth",
    0.6879199632196575,
    {
      "epoch_mcc": 0.6879199632196575,
      "mcc": 0.7037058088936252,
      "loss": 0.0982442364353558
    }
  ],
  "epoch_2": [
    "output/004_vsb_naive_multirun/multirun/seed1/fold4/checkpoints/train.3.pth",
    0.6655307994754047,
    {
      "epoch_mcc": 0.6655307994754047,
      "mcc": 0.6737951515822138,
      "loss": 0.0977916440573232
    }
  ],
  "epoch_3": [
    "output/004_vsb_naive_multirun/multirun/seed1/fold4/checkpoints/train.4.pth",
    0.532014667682075,
    {
      "epoch_mcc": 0.532014667682075,
      "mcc": 0.5011926320474336,
      "loss": 0.09386859207317746
    }
  ],
  "epoch_4": [
    "output/004_vsb_naive_multirun/multirun/seed1/fold4/checkpoints/train.5.pth",
    0.7393674436005622,
    {
      "epoch_mcc": 0.7393674436005622,
      "mcc": 0.7351524300270706,
      "loss": 0.09468955325669255
    }
  ],
  "epoch_5": [
    "output/004_vsb_naive_multirun/multirun/seed1/fold4/checkpoints/train.6.pth",
    0.7634188325645441,
    {
      "epoch_mcc": 0.7634188325645441,
      "mcc": 0.7784870102768087,
      "loss": 0.08452390761211001
    }
  ],
  "epoch_6": [
    "output/004_vsb_naive_multirun/multirun/seed1/fold4/checkpoints/train.7.pth",
    0.777589412349268,
    {
      "epoch_mcc": 0.777589412349268,
      "mcc": 0.7836492123284682,
      "loss": 0.09801473530202076
    }
  ],
  "epoch_7": [
    "output/004_vsb_naive_multirun/multirun/seed1/fold4/checkpoints/train.8.pth",
    0.7882442906202505,
    {
      "epoch_mcc": 0.7882442906202505,
      "mcc": 0.797767378133158,
      "loss": 0.08393493066060131
    }
  ],
  "epoch_8": [
    "output/004_vsb_naive_multirun/multirun/seed1/fold4/checkpoints/train.9.pth",
    0.5182179764294671,
    {
      "epoch_mcc": 0.5182179764294671,
      "mcc": 0.4985511036931216,
      "loss": 0.11928061282840269
    }
  ],
  "epoch_9": [
    "output/004_vsb_naive_multirun/multirun/seed1/fold4/checkpoints/train.10.pth",
    0.7294580348721635,
    {
      "epoch_mcc": 0.7294580348721635,
      "mcc": 0.7205650218932232,
      "loss": 0.09237357213579375
    }
  ],
  "epoch_10": [
    "output/004_vsb_naive_multirun/multirun/seed1/fold4/checkpoints/train.11.pth",
    0.6834934218040376,
    {
      "epoch_mcc": 0.6834934218040376,
      "mcc": 0.6829730142357162,
      "loss": 0.10181973001052594
    }
  ],
  "epoch_11": [
    "output/004_vsb_naive_multirun/multirun/seed1/fold4/checkpoints/train.12.pth",
    0.6764883945156596,
    {
      "epoch_mcc": 0.6764883945156596,
      "mcc": 0.6770746390072994,
      "loss": 0.09412656909432904
    }
  ],
  "epoch_12": [
    "output/004_vsb_naive_multirun/multirun/seed1/fold4/checkpoints/train.13.pth",
    0.6801645973935795,
    {
      "epoch_mcc": 0.6801645973935795,
      "mcc": 0.6717073946281702,
      "loss": 0.09306036444573566
    }
  ],
  "epoch_13": [
    "output/004_vsb_naive_multirun/multirun/seed1/fold4/checkpoints/train.14.pth",
    0.604177819361136,
    {
      "epoch_mcc": 0.604177819361136,
      "mcc": 0.562904912168345,
      "loss": 0.1219111044859064
    }
  ],
  "epoch_14": [
    "output/004_vsb_naive_multirun/multirun/seed1/fold4/checkpoints/train.15.pth",
    0.7344628102665152,
    {
      "epoch_mcc": 0.7344628102665152,
      "mcc": 0.7270042463825344,
      "loss": 0.08677036834174189
    }
  ],
  "epoch_15": [
    "output/004_vsb_naive_multirun/multirun/seed1/fold4/checkpoints/train.16.pth",
    0.7207316612110296,
    {
      "epoch_mcc": 0.7207316612110296,
      "mcc": 0.7209170364915383,
      "loss": 0.10629650374938701
    }
  ],
  "epoch_16": [
    "output/004_vsb_naive_multirun/multirun/seed1/fold4/checkpoints/train.17.pth",
    0.6927517594333754,
    {
      "epoch_mcc": 0.6927517594333754,
      "mcc": 0.6971621489069795,
      "loss": 0.08911867938165006
    }
  ],
  "epoch_17": [
    "output/004_vsb_naive_multirun/multirun/seed1/fold4/checkpoints/train.18.pth",
    0.5749354278897122,
    {
      "epoch_mcc": 0.5749354278897122,
      "mcc": 0.5401584730810566,
      "loss": 0.09940290553816433
    }
  ],
  "epoch_18": [
    "output/004_vsb_naive_multirun/multirun/seed1/fold4/checkpoints/train.19.pth",
    0.5946729912141668,
    {
      "epoch_mcc": 0.5946729912141668,
      "mcc": 0.5551260692026468,
      "loss": 0.08763890096853519
    }
  ],
  "epoch_19": [
    "output/004_vsb_naive_multirun/multirun/seed1/fold4/checkpoints/train.20.pth",
    0.6185056751609002,
    {
      "epoch_mcc": 0.6185056751609002,
      "mcc": 0.572267391288304,
      "loss": 0.09111690778156807
    }
  ],
  "epoch_20": [
    "output/004_vsb_naive_multirun/multirun/seed1/fold4/checkpoints/train.21.pth",
    0.7088095094344826,
    {
      "epoch_mcc": 0.7088095094344826,
      "mcc": 0.7183548929144699,
      "loss": 0.11747088514525315
    }
  ],
  "epoch_21": [
    "output/004_vsb_naive_multirun/multirun/seed1/fold4/checkpoints/train.22.pth",
    0.6727379839995008,
    {
      "epoch_mcc": 0.6727379839995008,
      "mcc": 0.6021561666878379,
      "loss": 0.10053786039352416
    }
  ],
  "epoch_22": [
    "output/004_vsb_naive_multirun/multirun/seed1/fold4/checkpoints/train.23.pth",
    0.7472644675266372,
    {
      "epoch_mcc": 0.7472644675266372,
      "mcc": 0.7538882098659674,
      "loss": 0.09857769865414193
    }
  ],
  "epoch_23": [
    "output/004_vsb_naive_multirun/multirun/seed1/fold4/checkpoints/train.24.pth",
    0.6998620232270516,
    {
      "epoch_mcc": 0.6998620232270516,
      "mcc": 0.7032559136912657,
      "loss": 0.08435786947094161
    }
  ],
  "epoch_24": [
    "output/004_vsb_naive_multirun/multirun/seed1/fold4/checkpoints/train.25.pth",
    0.7567496723456059,
    {
      "epoch_mcc": 0.7567496723456059,
      "mcc": 0.7771600718796818,
      "loss": 0.09383793514350365
    }
  ],
  "epoch_25": [
    "output/004_vsb_naive_multirun/multirun/seed1/fold4/checkpoints/train.26.pth",
    0.6860637338413752,
    {
      "epoch_mcc": 0.6860637338413752,
      "mcc": 0.6637692288205804,
      "loss": 0.09799324112205669
    }
  ],
  "epoch_26": [
    "output/004_vsb_naive_multirun/multirun/seed1/fold4/checkpoints/train.27.pth",
    0.7391812416784638,
    {
      "epoch_mcc": 0.7391812416784638,
      "mcc": 0.7292127459616677,
      "loss": 0.1034935689948756
    }
  ],
  "epoch_27": [
    "output/004_vsb_naive_multirun/multirun/seed1/fold4/checkpoints/train.28.pth",
    0.6163507518413786,
    {
      "epoch_mcc": 0.6163507518413786,
      "mcc": 0.5763571881805954,
      "loss": 0.11973073513343416
    }
  ],
  "epoch_28": [
    "output/004_vsb_naive_multirun/multirun/seed1/fold4/checkpoints/train.29.pth",
    0.6600588366936392,
    {
      "epoch_mcc": 0.6600588366936392,
      "mcc": 0.6898571380282104,
      "loss": 0.11839159562669951
    }
  ],
  "epoch_29": [
    "output/004_vsb_naive_multirun/multirun/seed1/fold4/checkpoints/train.30.pth",
    0.6148445188174534,
    {
      "epoch_mcc": 0.6148445188174534,
      "mcc": 0.6226234921670546,
      "loss": 0.11231445038113101
    }
  ],
  "epoch_30": [
    "output/004_vsb_naive_multirun/multirun/seed1/fold4/checkpoints/train.31.pth",
    0.5940228758819491,
    {
      "epoch_mcc": 0.5940228758819491,
      "mcc": 0.531105419990066,
      "loss": 0.12496989965438843
    }
  ],