{
  "best": {
    "epoch_mcc": 0.7816904869957801,
    "mcc": 0.7823254867080206,
    "loss": 0.11334358268770678
  },
  "last": {
    "epoch_mcc": 0.6905559279841911,
    "mcc": 0.6655498189453619,
    "loss": 0.08980974082289071
  },
  "train.24": {
    "epoch_mcc": 0.7816904869957801,
    "mcc": 0.7823254867080206,
    "loss": 0.11334358268770678
  },
  "epoch_0": [
    "output/004_vsb_naive_multirun/multirun/seed1/fold4/checkpoints/train.1.pth",
    0.6985929645395289,
    {
      "epoch_mcc": 0.6985929645395289,
      "mcc": 0.6944637409462647,
      "loss": 0.3349064999613269
    }
  ],
  "epoch_1": [
    "output/004_vsb_naive_multirun/multirun/seed1/fold4/checkpoints/train.2.pth",
    0.6566631219609501,
    {
      "epoch_mcc": 0.6566631219609501,
      "mcc": 0.644257622981988,
      "loss": 0.3540902688585479
    }
  ],
  "epoch_2": [
    "output/004_vsb_naive_multirun/multirun/seed1/fold4/checkpoints/train.3.pth",
    0.6856284723236226,
    {
      "epoch_mcc": 0.6856284723236226,
      "mcc": 0.6852347628491902,
      "loss": 0.2970721481175258
    }
  ],
  "epoch_3": [
    "output/004_vsb_naive_multirun/multirun/seed1/fold4/checkpoints/train.4.pth",
    0.5748505462031487,
    {
      "epoch_mcc": 0.5748505462031487,
      "mcc": 0.5730814010431307,
      "loss": 0.303724879026413
    }
  ],
  "epoch_4": [
    "output/004_vsb_naive_multirun/multirun/seed1/fold4/checkpoints/train.5.pth",
    0.7634188325645441,
    {
      "epoch_mcc": 0.7634188325645441,
      "mcc": 0.8016245956272755,
      "loss": 0.2689635040431187
    }
  ],
  "epoch_5": [
    "output/004_vsb_naive_multirun/multirun/seed1/fold4/checkpoints/train.6.pth",
    0.5226960227860614,
    {
      "epoch_mcc": 0.5226960227860614,
      "mcc": 0.490182122713043,
      "loss": 0.11923560705678217
    }
  ],
  "epoch_6": [
    "output/004_vsb_naive_multirun/multirun/seed1/fold4/checkpoints/train.7.pth",
    0.6062947263205377,
    {
      "epoch_mcc": 0.6062947263205377,
      "mcc": 0.5893469692015639,
      "loss": 0.1579269524278312
    }
  ],
  "epoch_7": [
    "output/004_vsb_naive_multirun/multirun/seed1/fold4/checkpoints/train.8.pth",
    0.6266920551871246,
    {
      "epoch_mcc": 0.6266920551871246,
      "mcc": 0.6026273735719386,
      "loss": 0.11709947288036346
    }
  ],
  "epoch_8": [
    "output/004_vsb_naive_multirun/multirun/seed1/fold4/checkpoints/train.9.pth",
    0.5522927118466933,
    {
      "epoch_mcc": 0.5522927118466933,
      "mcc": 0.5258814012858651,
      "loss": 0.20764227293688675
    }
  ],
  "epoch_9": [
    "output/004_vsb_naive_multirun/multirun/seed1/fold4/checkpoints/train.10.pth",
    0.5792481637699722,
    {
      "epoch_mcc": 0.5792481637699722,
      "mcc": 0.6168185773570041,
      "loss": 0.16492244107969875
    }
  ],
  "epoch_10": [
    "output/004_vsb_naive_multirun/multirun/seed1/fold4/checkpoints/train.11.pth",
    0.4878071451526189,
    {
      "epoch_mcc": 0.4878071451526189,
      "mcc": 0.455141925472996,
      "loss": 0.18098289257493513
    }
  ],
  "epoch_11": [
    "output/004_vsb_naive_multirun/multirun/seed1/fold4/checkpoints/train.12.pth",
    0.7254446821731115,
    {
      "epoch_mcc": 0.7254446821731115,
      "mcc": 0.7199744361431083,
      "loss": 0.19836818103132578
    }
  ],
  "epoch_12": [
    "output/004_vsb_naive_multirun/multirun/seed1/fold4/checkpoints/train.13.pth",
    0.4961626447349995,
    {
      "epoch_mcc": 0.4961626447349995,
      "mcc": 0.48943969929082376,
      "loss": 0.3981120939912467
    }
  ],
  "epoch_13": [
    "output/004_vsb_naive_multirun/multirun/seed1/fold4/checkpoints/train.14.pth",
    0.669827775334431,
    {
      "epoch_mcc": 0.669827775334431,
      "mcc": 0.5986972042545083,
      "loss": 0.14837800675425036
    }
  ],
  "epoch_14": [
    "output/004_vsb_naive_multirun/multirun/seed1/fold4/checkpoints/train.15.pth",
    0.6860637338413752,
    {
      "epoch_mcc": 0.6860637338413752,
      "mcc": 0.6789680642204896,
      "loss": 0.11469630306137019
    }
  ],
  "epoch_15": [
    "output/004_vsb_naive_multirun/multirun/seed1/fold4/checkpoints/train.16.pth",
    0.7814976976041023,
    {
      "epoch_mcc": 0.7814976976041023,
      "mcc": 0.7761929856640402,
      "loss": 0.17790013716138642
    }
  ],
  "epoch_16": [
    "output/004_vsb_naive_multirun/multirun/seed1/fold4/checkpoints/train.17.pth",
    0.7315745211545274,
    {
      "epoch_mcc": 0.7315745211545274,
      "mcc": 0.7251429622283381,
      "loss": 0.10285580101711997
    }
  ],
  "epoch_17": [
    "output/004_vsb_naive_multirun/multirun/seed1/fold4/checkpoints/train.18.pth",
    0.6383776268606055,
    {
      "epoch_mcc": 0.6383776268606055,
      "mcc": 0.6357093123006434,
      "loss": 0.168272102392953
    }
  ],
  "epoch_18": [
    "output/004_vsb_naive_multirun/multirun/seed1/fold4/checkpoints/train.19.pth",
    0.7148987219824857,
    {
      "epoch_mcc": 0.7148987219824857,
      "mcc": 0.713043226178273,
      "loss": 0.09239302059185917
    }
  ],
  "epoch_19": [
    "output/004_vsb_naive_multirun/multirun/seed1/fold4/checkpoints/train.20.pth",
    0.7123551699344425,
    {
      "epoch_mcc": 0.7123551699344425,
      "mcc": 0.731204146808829,
      "loss": 0.17670017799426768
    }
  ],
  "epoch_20": [
    "output/004_vsb_naive_multirun/multirun/seed1/fold4/checkpoints/train.21.pth",
    0.7305507935779577,
    {
      "epoch_mcc": 0.7305507935779577,
      "mcc": 0.7231431591605024,
      "loss": 0.18352212741457183
    }
  ],
  "epoch_21": [
    "output/004_vsb_naive_multirun/multirun/seed1/fold4/checkpoints/train.22.pth",
    0.6948991772317048,
    {
      "epoch_mcc": 0.6948991772317048,
      "mcc": 0.669146451417108,
      "loss": 0.09775167382482824
    }
  ],
  "epoch_22": [
    "output/004_vsb_naive_multirun/multirun/seed1/fold4/checkpoints/train.23.pth",
    0.6479740248527165,
    {
      "epoch_mcc": 0.6479740248527165,
      "mcc": 0.6042223430825336,
      "loss": 0.12352585134835078
    }
  ],
  "epoch_23": [
    "output/004_vsb_naive_multirun/multirun/seed1/fold4/checkpoints/train.24.pth",
    0.7816904869957801,
    {
      "epoch_mcc": 0.7816904869957801,
      "mcc": 0.7823254867080206,
      "loss": 0.11334358268770678
    }
  ],
  "epoch_24": [
    "output/004_vsb_naive_multirun/multirun/seed1/fold4/checkpoints/train.25.pth",
    0.6250056750268076,
    {
      "epoch_mcc": 0.6250056750268076,
      "mcc": 0.5629467315037484,
      "loss": 0.14513843655586242
    }
  ],
  "epoch_25": [
    "output/004_vsb_naive_multirun/multirun/seed1/fold4/checkpoints/train.26.pth",
    0.6448537491614215,
    {
      "epoch_mcc": 0.6448537491614215,
      "mcc": 0.6140647646266425,
      "loss": 0.11230205914069866
    }
  ],
  "epoch_26": [
    "output/004_vsb_naive_multirun/multirun/seed1/fold4/checkpoints/train.27.pth",
    0.6855296789617069,
    {
      "epoch_mcc": 0.6855296789617069,
      "mcc": 0.6407333593944433,
      "loss": 0.14788395957700137
    }
  ],
  "epoch_27": [
    "output/004_vsb_naive_multirun/multirun/seed1/fold4/checkpoints/train.28.pth",
    0.7123551699344425,
    {
      "epoch_mcc": 0.7123551699344425,
      "mcc": 0.712353782662426,
      "loss": 0.08396211508019218
    }
  ],
  "epoch_28": [
    "output/004_vsb_naive_multirun/multirun/seed1/fold4/checkpoints/train.29.pth",
    0.7504336457370726,
    {
      "epoch_mcc": 0.7504336457370726,
      "mcc": 0.7599922509975539,
      "loss": 0.08795834158001276
    }
  ],
  "epoch_29": [
    "output/004_vsb_naive_multirun/multirun/seed1/fold4/checkpoints/train.30.pth",
    0.7632870190820031,
    {
      "epoch_mcc": 0.7632870190820031,
      "mcc": 0.7639535644140926,
      "loss": 0.11580258366362801
    }
  ],
  "epoch_30": [
    "output/004_vsb_naive_multirun/multirun/seed1/fold4/checkpoints/train.31.pth",
    0.6566631219609501,
    {
      "epoch_mcc": 0.6566631219609501,
      "mcc": 0.6193054262600272,
      "loss": 0.10540439686898527
    }
  ],