{
  "best": {
    "epoch_mcc": 0.7334862385317362,
    "mcc": 0.7487598761264367,
    "loss": 0.15472302139574812
  },
  "last": {
    "epoch_mcc": 0.592402652152653,
    "mcc": 0.6001839068093017,
    "loss": 0.1601270537073251
  },
  "train.49": {
    "epoch_mcc": 0.7334862385317362,
    "mcc": 0.7487598761264367,
    "loss": 0.15472302139574812
  },
  "epoch_0": [
    "output/004_vsb_naive_multirun/multirun/seed8/fold3/checkpoints/train.1.pth",
    0.5873682386259141,
    {
      "epoch_mcc": 0.5873682386259141,
      "mcc": 0.5942366580350984,
      "loss": 0.4467977297695902
    }
  ],
  "epoch_1": [
    "output/004_vsb_naive_multirun/multirun/seed8/fold3/checkpoints/train.2.pth",
    0.6497917086877809,
    {
      "epoch_mcc": 0.6497917086877809,
      "mcc": 0.6615255612827917,
      "loss": 0.359329511140587
    }
  ],
  "epoch_2": [
    "output/004_vsb_naive_multirun/multirun/seed8/fold3/checkpoints/train.3.pth",
    0.6850581056126488,
    {
      "epoch_mcc": 0.6850581056126488,
      "mcc": 0.6913844081166868,
      "loss": 0.3166026453040348
    }
  ],
  "epoch_3": [
    "output/004_vsb_naive_multirun/multirun/seed8/fold3/checkpoints/train.4.pth",
    0.6820536282526075,
    {
      "epoch_mcc": 0.6820536282526075,
      "mcc": 0.6955690369189176,
      "loss": 0.15890151039150618
    }
  ],
  "epoch_4": [
    "output/004_vsb_naive_multirun/multirun/seed8/fold3/checkpoints/train.5.pth",
    0.563981371233434,
    {
      "epoch_mcc": 0.563981371233434,
      "mcc": 0.5756128882155308,
      "loss": 0.1777581602027207
    }
  ],
  "epoch_5": [
    "output/004_vsb_naive_multirun/multirun/seed8/fold3/checkpoints/train.6.pth",
    0.5846674127694007,
    {
      "epoch_mcc": 0.5846674127694007,
      "mcc": 0.5925819180102848,
      "loss": 0.22983778805412647
    }
  ],
  "epoch_6": [
    "output/004_vsb_naive_multirun/multirun/seed8/fold3/checkpoints/train.7.pth",
    0.663886364849314,
    {
      "epoch_mcc": 0.663886364849314,
      "mcc": 0.6819061644263271,
      "loss": 0.2945713996630733
    }
  ],
  "epoch_7": [
    "output/004_vsb_naive_multirun/multirun/seed8/fold3/checkpoints/train.8.pth",
    0.5696552719244006,
    {
      "epoch_mcc": 0.5696552719244006,
      "mcc": 0.5771951727037463,
      "loss": 0.2502891691642046
    }
  ],
  "epoch_8": [
    "output/004_vsb_naive_multirun/multirun/seed8/fold3/checkpoints/train.9.pth",
    0.7331362564421996,
    {
      "epoch_mcc": 0.7331362564421996,
      "mcc": 0.7472843518095026,
      "loss": 0.15382501220077327
    }
  ],
  "epoch_9": [
    "output/004_vsb_naive_multirun/multirun/seed8/fold3/checkpoints/train.10.pth",
    0.5405127159474028,
    {
      "epoch_mcc": 0.5405127159474028,
      "mcc": 0.5508994196826256,
      "loss": 0.18507567323782767
    }
  ],
  "epoch_10": [
    "output/004_vsb_naive_multirun/multirun/seed8/fold3/checkpoints/train.11.pth",
    0.5787754809557367,
    {
      "epoch_mcc": 0.5787754809557367,
      "mcc": 0.6074637137166313,
      "loss": 0.1808093306889017
    }
  ],
  "epoch_11": [
    "output/004_vsb_naive_multirun/multirun/seed8/fold3/checkpoints/train.12.pth",
    0.7080458806960408,
    {
      "epoch_mcc": 0.7080458806960408,
      "mcc": 0.7258173646301141,
      "loss": 0.21321083820727935
    }
  ],
  "epoch_12": [
    "output/004_vsb_naive_multirun/multirun/seed8/fold3/checkpoints/train.13.pth",
    0.563981371233434,
    {
      "epoch_mcc": 0.563981371233434,
      "mcc": 0.5794108509040667,
      "loss": 0.14432063081947744
    }
  ],
  "epoch_13": [
    "output/004_vsb_naive_multirun/multirun/seed8/fold3/checkpoints/train.14.pth",
    0.7331362564421996,
    {
      "epoch_mcc": 0.7331362564421996,
      "mcc": 0.7472843518095026,
      "loss": 0.1949934752949749
    }
  ],
  "epoch_14": [
    "output/004_vsb_naive_multirun/multirun/seed8/fold3/checkpoints/train.15.pth",
    0.7331362564421996,
    {
      "epoch_mcc": 0.7331362564421996,
      "mcc": 0.7472843518095026,
      "loss": 0.11222134794712887
    }
  ],
  "epoch_15": [
    "output/004_vsb_naive_multirun/multirun/seed8/fold3/checkpoints/train.16.pth",
    0.4198995643752189,
    {
      "epoch_mcc": 0.4198995643752189,
      "mcc": 0.4272062345365445,
      "loss": 0.3947201004947524
    }
  ],
  "epoch_16": [
    "output/004_vsb_naive_multirun/multirun/seed8/fold3/checkpoints/train.17.pth",
    0.6596749462149928,
    {
      "epoch_mcc": 0.6596749462149928,
      "mcc": 0.6786068055238165,
      "loss": 0.12242088847105967
    }
  ],
  "epoch_17": [
    "output/004_vsb_naive_multirun/multirun/seed8/fold3/checkpoints/train.18.pth",
    0.669496836133266,
    {
      "epoch_mcc": 0.669496836133266,
      "mcc": 0.6828741776021258,
      "loss": 0.1319397001843034
    }
  ],
  "epoch_18": [
    "output/004_vsb_naive_multirun/multirun/seed8/fold3/checkpoints/train.19.pth",
    0.5149071786322368,
    {
      "epoch_mcc": 0.5149071786322368,
      "mcc": 0.5231431079576012,
      "loss": 0.1617524634386299
    }
  ],
  "epoch_19": [
    "output/004_vsb_naive_multirun/multirun/seed8/fold3/checkpoints/train.20.pth",
    0.6250306492042174,
    {
      "epoch_mcc": 0.6250306492042174,
      "mcc": 0.6445460294727599,
      "loss": 0.20183055382382234
    }
  ],
  "epoch_20": [
    "output/004_vsb_naive_multirun/multirun/seed8/fold3/checkpoints/train.21.pth",
    0.5846674127694007,
    {
      "epoch_mcc": 0.5846674127694007,
      "mcc": 0.580070829611774,
      "loss": 0.16437437194247254
    }
  ],
  "epoch_21": [
    "output/004_vsb_naive_multirun/multirun/seed8/fold3/checkpoints/train.22.pth",
    0.680097874672185,
    {
      "epoch_mcc": 0.680097874672185,
      "mcc": 0.6896841519864086,
      "loss": 0.16716944353202945
    }
  ],
  "epoch_22": [
    "output/004_vsb_naive_multirun/multirun/seed8/fold3/checkpoints/train.23.pth",
    0.5949898558305198,
    {
      "epoch_mcc": 0.5949898558305198,
      "mcc": 0.6019131750035943,
      "loss": 0.12763764841318542
    }
  ],
  "epoch_23": [
    "output/004_vsb_naive_multirun/multirun/seed8/fold3/checkpoints/train.24.pth",
    0.6636572258697931,
    {
      "epoch_mcc": 0.6636572258697931,
      "mcc": 0.6853326223109688,
      "loss": 0.12596315194863872
    }
  ],
  "epoch_24": [
    "output/004_vsb_naive_multirun/multirun/seed8/fold3/checkpoints/train.25.pth",
    0.6068701383518478,
    {
      "epoch_mcc": 0.6068701383518478,
      "mcc": 0.6248576213947662,
      "loss": 0.1057774569525058
    }
  ],
  "epoch_25": [
    "output/004_vsb_naive_multirun/multirun/seed8/fold3/checkpoints/train.26.pth",
    0.7154110493642629,
    {
      "epoch_mcc": 0.7154110493642629,
      "mcc": 0.7223543757891694,
      "loss": 0.10268029154449855
    }
  ],
  "epoch_26": [
    "output/004_vsb_naive_multirun/multirun/seed8/fold3/checkpoints/train.27.pth",
    0.5886328687276383,
    {
      "epoch_mcc": 0.5886328687276383,
      "mcc": 0.5924600052322204,
      "loss": 0.12645229085536094
    }
  ],
  "epoch_27": [
    "output/004_vsb_naive_multirun/multirun/seed8/fold3/checkpoints/train.28.pth",
    0.7000280245418623,
    {
      "epoch_mcc": 0.7000280245418623,
      "mcc": 0.7050179586868046,
      "loss": 0.0982771511806781
    }
  ],
  "epoch_28": [
    "output/004_vsb_naive_multirun/multirun/seed8/fold3/checkpoints/train.29.pth",
    0.575510362140366,
    {
      "epoch_mcc": 0.575510362140366,
      "mcc": 0.591578586113347,
      "loss": 0.1237424976367138
    }
  ],
  "epoch_29": [
    "output/004_vsb_naive_multirun/multirun/seed8/fold3/checkpoints/train.30.pth",
    0.6545076009617131,
    {
      "epoch_mcc": 0.6545076009617131,
      "mcc": 0.6670801318590284,
      "loss": 0.10670721985515136
    }
  ],
  "epoch_30": [
    "output/004_vsb_naive_multirun/multirun/seed8/fold3/checkpoints/train.31.pth",
    0.6769657135346437,
    {
      "epoch_mcc": 0.6769657135346437,
      "mcc": 0.6903101401930817,
      "loss": 0.11091459836817238
    }
  ],