{
  "best": {
    "epoch_mcc": 0.8179700510363267,
    "mcc": 0.8138441153744469,
    "loss": 0.09476326432931854
  },
  "last": {
    "epoch_mcc": 0.6385329548894924,
    "mcc": 0.6128505567231627,
    "loss": 0.14161142550421663
  },
  "train.33": {
    "epoch_mcc": 0.8179700510363267,
    "mcc": 0.8138441153744469,
    "loss": 0.09476326432931854
  },
  "epoch_0": [
    "output/004_vsb_naive_multirun/multirun/seed6/fold2/checkpoints/train.1.pth",
    0.5873682386259141,
    {
      "epoch_mcc": 0.5873682386259141,
      "mcc": 0.5803770483913391,
      "loss": 0.43338978834283537
    }
  ],
  "epoch_1": [
    "output/004_vsb_naive_multirun/multirun/seed6/fold2/checkpoints/train.2.pth",
    0.7143155478174341,
    {
      "epoch_mcc": 0.7143155478174341,
      "mcc": 0.6982161722057423,
      "loss": 0.23463362096303916
    }
  ],
  "epoch_2": [
    "output/004_vsb_naive_multirun/multirun/seed6/fold2/checkpoints/train.3.pth",
    0.32862882471643606,
    {
      "epoch_mcc": 0.32862882471643606,
      "mcc": 0.3314735617850317,
      "loss": 0.5797407515282885
    }
  ],
  "epoch_3": [
    "output/004_vsb_naive_multirun/multirun/seed6/fold2/checkpoints/train.4.pth",
    0.6563323945509507,
    {
      "epoch_mcc": 0.6563323945509507,
      "mcc": 0.6405891458944248,
      "loss": 0.1998089587319123
    }
  ],
  "epoch_4": [
    "output/004_vsb_naive_multirun/multirun/seed6/fold2/checkpoints/train.5.pth",
    0.46464850071156716,
    {
      "epoch_mcc": 0.46464850071156716,
      "mcc": 0.4572202849731021,
      "loss": 0.1640446344823312
    }
  ],
  "epoch_5": [
    "output/004_vsb_naive_multirun/multirun/seed6/fold2/checkpoints/train.6.pth",
    0.7080458806960408,
    {
      "epoch_mcc": 0.7080458806960408,
      "mcc": 0.6867371140336513,
      "loss": 0.35389593182045087
    }
  ],
  "epoch_6": [
    "output/004_vsb_naive_multirun/multirun/seed6/fold2/checkpoints/train.7.pth",
    0.6742609582055686,
    {
      "epoch_mcc": 0.6742609582055686,
      "mcc": 0.6436248590178889,
      "loss": 0.23989716910864523
    }
  ],
  "epoch_7": [
    "output/004_vsb_naive_multirun/multirun/seed6/fold2/checkpoints/train.8.pth",
    0.4880566572630955,
    {
      "epoch_mcc": 0.4880566572630955,
      "mcc": 0.3396280765918625,
      "loss": 0.14544354530496975
    }
  ],
  "epoch_8": [
    "output/004_vsb_naive_multirun/multirun/seed6/fold2/checkpoints/train.9.pth",
    0.6649735255395384,
    {
      "epoch_mcc": 0.6649735255395384,
      "mcc": 0.6710078245608693,
      "loss": 0.21866532780627582
    }
  ],
  "epoch_9": [
    "output/004_vsb_naive_multirun/multirun/seed6/fold2/checkpoints/train.10.pth",
    0.6696039773769571,
    {
      "epoch_mcc": 0.6696039773769571,
      "mcc": 0.652429421799017,
      "loss": 0.19922745438122708
    }
  ],
  "epoch_10": [
    "output/004_vsb_naive_multirun/multirun/seed6/fold2/checkpoints/train.11.pth",
    0.7080458806960408,
    {
      "epoch_mcc": 0.7080458806960408,
      "mcc": 0.6837548174885147,
      "loss": 0.11852542722594513
    }
  ],
  "epoch_11": [
    "output/004_vsb_naive_multirun/multirun/seed6/fold2/checkpoints/train.12.pth",
    0.6890135898097761,
    {
      "epoch_mcc": 0.6890135898097761,
      "mcc": 0.6703364121626011,
      "loss": 0.19527306452573065
    }
  ],
  "epoch_12": [
    "output/004_vsb_naive_multirun/multirun/seed6/fold2/checkpoints/train.13.pth",
    0.6827823679045434,
    {
      "epoch_mcc": 0.6827823679045434,
      "mcc": 0.6688218652810386,
      "loss": 0.17320956984813776
    }
  ],
  "epoch_13": [
    "output/004_vsb_naive_multirun/multirun/seed6/fold2/checkpoints/train.14.pth",
    0.6951162093271308,
    {
      "epoch_mcc": 0.6951162093271308,
      "mcc": 0.6770133454194934,
      "loss": 0.12478192237794092
    }
  ],
  "epoch_14": [
    "output/004_vsb_naive_multirun/multirun/seed6/fold2/checkpoints/train.15.pth",
    0.7000280245418623,
    {
      "epoch_mcc": 0.7000280245418623,
      "mcc": 0.6675786778844496,
      "loss": 0.17906906141574125
    }
  ],
  "epoch_15": [
    "output/004_vsb_naive_multirun/multirun/seed6/fold2/checkpoints/train.16.pth",
    0.6890135898097761,
    {
      "epoch_mcc": 0.6890135898097761,
      "mcc": 0.6876771048619922,
      "loss": 0.1430258960455092
    }
  ],
  "epoch_16": [
    "output/004_vsb_naive_multirun/multirun/seed6/fold2/checkpoints/train.17.pth",
    0.8111013065119138,
    {
      "epoch_mcc": 0.8111013065119138,
      "mcc": 0.801027256509782,
      "loss": 0.0962961698511997
    }
  ],
  "epoch_17": [
    "output/004_vsb_naive_multirun/multirun/seed6/fold2/checkpoints/train.18.pth",
    0.6266917764079115,
    {
      "epoch_mcc": 0.6266917764079115,
      "mcc": 0.6127106091434298,
      "loss": 0.243041114686073
    }
  ],
  "epoch_18": [
    "output/004_vsb_naive_multirun/multirun/seed6/fold2/checkpoints/train.19.pth",
    0.6491392713795248,
    {
      "epoch_mcc": 0.6491392713795248,
      "mcc": 0.6320797930923908,
      "loss": 0.1099367455648268
    }
  ],
  "epoch_19": [
    "output/004_vsb_naive_multirun/multirun/seed6/fold2/checkpoints/train.20.pth",
    0.796668535507442,
    {
      "epoch_mcc": 0.796668535507442,
      "mcc": 0.7780629662217852,
      "loss": 0.09100638535162257
    }
  ],
  "epoch_20": [
    "output/004_vsb_naive_multirun/multirun/seed6/fold2/checkpoints/train.21.pth",
    0.6593649810109786,
    {
      "epoch_mcc": 0.6593649810109786,
      "mcc": 0.642575955540086,
      "loss": 0.16182594673256046
    }
  ],
  "epoch_21": [
    "output/004_vsb_naive_multirun/multirun/seed6/fold2/checkpoints/train.22.pth",
    0.6352538176963314,
    {
      "epoch_mcc": 0.6352538176963314,
      "mcc": 0.6038944638140274,
      "loss": 0.18946591081184283
    }
  ],
  "epoch_22": [
    "output/004_vsb_naive_multirun/multirun/seed6/fold2/checkpoints/train.23.pth",
    0.5648361208746311,
    {
      "epoch_mcc": 0.5648361208746311,
      "mcc": 0.5712398402178254,
      "loss": 0.1421216332101986
    }
  ],
  "epoch_23": [
    "output/004_vsb_naive_multirun/multirun/seed6/fold2/checkpoints/train.24.pth",
    0.6014625689458136,
    {
      "epoch_mcc": 0.6014625689458136,
      "mcc": 0.5949996526177467,
      "loss": 0.24375889315662613
    }
  ],
  "epoch_24": [
    "output/004_vsb_naive_multirun/multirun/seed6/fold2/checkpoints/train.25.pth",
    0.7334862385317362,
    {
      "epoch_mcc": 0.7334862385317362,
      "mcc": 0.7241906333828735,
      "loss": 0.09907733991408717
    }
  ],
  "epoch_25": [
    "output/004_vsb_naive_multirun/multirun/seed6/fold2/checkpoints/train.26.pth",
    0.7421794481754336,
    {
      "epoch_mcc": 0.7421794481754336,
      "mcc": 0.7214065746527569,
      "loss": 0.11596759215074234
    }
  ],
  "epoch_26": [
    "output/004_vsb_naive_multirun/multirun/seed6/fold2/checkpoints/train.27.pth",
    0.6632286624397578,
    {
      "epoch_mcc": 0.6632286624397578,
      "mcc": 0.6497654361809744,
      "loss": 0.155454179300909
    }
  ],
  "epoch_27": [
    "output/004_vsb_naive_multirun/multirun/seed6/fold2/checkpoints/train.28.pth",
    0.7515960543765143,
    {
      "epoch_mcc": 0.7515960543765143,
      "mcc": 0.7420494334187417,
      "loss": 0.10177919970065509
    }
  ],
  "epoch_28": [
    "output/004_vsb_naive_multirun/multirun/seed6/fold2/checkpoints/train.29.pth",
    0.551004154021618,
    {
      "epoch_mcc": 0.551004154021618,
      "mcc": 0.5432888158372705,
      "loss": 0.23026667527610792
    }
  ],
  "epoch_29": [
    "output/004_vsb_naive_multirun/multirun/seed6/fold2/checkpoints/train.30.pth",
    0.3239582839914456,
    {
      "epoch_mcc": 0.3239582839914456,
      "mcc": 0.3212181719154787,
      "loss": 0.1548000277627561
    }
  ],
  "epoch_30": [
    "output/004_vsb_naive_multirun/multirun/seed6/fold2/checkpoints/train.31.pth",
    0.6547609470163921,
    {
      "epoch_mcc": 0.6547609470163921,
      "mcc": 0.6414654224574177,
      "loss": 0.1396128690437688
    }
  ],