{
  "best": {
    "epoch_mcc": 0.7116582272547064,
    "mcc": 0.7049171609639575,
    "loss": 0.09121613482753914
  },
  "last": {
    "epoch_mcc": 0.6139573761676307,
    "mcc": 0.6089242753256645,
    "loss": 0.14754639868584435
  },
  "train.7": {
    "epoch_mcc": 0.7116582272547064,
    "mcc": 0.7049171609639575,
    "loss": 0.09121613482753914
  },
  "epoch_0": [
    "output/004_vsb_naive_multirun/multirun/seed6/fold2/checkpoints/train.1.pth",
    0.5876433185730329,
    {
      "epoch_mcc": 0.5876433185730329,
      "mcc": 0.5879011243770768,
      "loss": 0.10862936665546052
    }
  ],
  "epoch_1": [
    "output/004_vsb_naive_multirun/multirun/seed6/fold2/checkpoints/train.2.pth",
    0.65505292209505,
    {
      "epoch_mcc": 0.65505292209505,
      "mcc": 0.6499214335685438,
      "loss": 0.09569833754672447
    }
  ],
  "epoch_2": [
    "output/004_vsb_naive_multirun/multirun/seed6/fold2/checkpoints/train.3.pth",
    0.5780146452730492,
    {
      "epoch_mcc": 0.5780146452730492,
      "mcc": 0.5223231454451224,
      "loss": 0.11019424105418939
    }
  ],
  "epoch_3": [
    "output/004_vsb_naive_multirun/multirun/seed6/fold2/checkpoints/train.4.pth",
    0.5149071786322368,
    {
      "epoch_mcc": 0.5149071786322368,
      "mcc": 0.49046206770540857,
      "loss": 0.12169606782329268
    }
  ],
  "epoch_4": [
    "output/004_vsb_naive_multirun/multirun/seed6/fold2/checkpoints/train.5.pth",
    0.6349670836438361,
    {
      "epoch_mcc": 0.6349670836438361,
      "mcc": 0.6221998610543016,
      "loss": 0.10175763975937888
    }
  ],
  "epoch_5": [
    "output/004_vsb_naive_multirun/multirun/seed6/fold2/checkpoints/train.6.pth",
    0.6497917086877809,
    {
      "epoch_mcc": 0.6497917086877809,
      "mcc": 0.6305050208355581,
      "loss": 0.0980411929538451
    }
  ],
  "epoch_6": [
    "output/004_vsb_naive_multirun/multirun/seed6/fold2/checkpoints/train.7.pth",
    0.7116582272547064,
    {
      "epoch_mcc": 0.7116582272547064,
      "mcc": 0.7049171609639575,
      "loss": 0.09121613482753914
    }
  ],
  "epoch_7": [
    "output/004_vsb_naive_multirun/multirun/seed6/fold2/checkpoints/train.8.pth",
    0.5848684382124728,
    {
      "epoch_mcc": 0.5848684382124728,
      "mcc": 0.5483210057334045,
      "loss": 0.1060924923973937
    }
  ],
  "epoch_8": [
    "output/004_vsb_naive_multirun/multirun/seed6/fold2/checkpoints/train.9.pth",
    0.6742609582055686,
    {
      "epoch_mcc": 0.6742609582055686,
      "mcc": 0.6643638758522294,
      "loss": 0.09814508600407336
    }
  ],
  "epoch_9": [
    "output/004_vsb_naive_multirun/multirun/seed6/fold2/checkpoints/train.10.pth",
    0.6434840065120163,
    {
      "epoch_mcc": 0.6434840065120163,
      "mcc": 0.6282584179859765,
      "loss": 0.09585710925253656
    }
  ],
  "epoch_10": [
    "output/004_vsb_naive_multirun/multirun/seed6/fold2/checkpoints/train.11.pth",
    0.6554730132369709,
    {
      "epoch_mcc": 0.6554730132369709,
      "mcc": 0.6442065518861462,
      "loss": 0.09190280214849725
    }
  ],
  "epoch_11": [
    "output/004_vsb_naive_multirun/multirun/seed6/fold2/checkpoints/train.12.pth",
    0.6850581056126488,
    {
      "epoch_mcc": 0.6850581056126488,
      "mcc": 0.6774710307571427,
      "loss": 0.08565314452639956
    }
  ],
  "epoch_12": [
    "output/004_vsb_naive_multirun/multirun/seed6/fold2/checkpoints/train.13.pth",
    0.6139573761676307,
    {
      "epoch_mcc": 0.6139573761676307,
      "mcc": 0.5957086748669229,
      "loss": 0.11041831185403256
    }
  ],
  "epoch_13": [
    "output/004_vsb_naive_multirun/multirun/seed6/fold2/checkpoints/train.14.pth",
    0.6004373311544063,
    {
      "epoch_mcc": 0.6004373311544063,
      "mcc": 0.586618950877581,
      "loss": 0.11401380419013012
    }
  ],
  "epoch_14": [
    "output/004_vsb_naive_multirun/multirun/seed6/fold2/checkpoints/train.15.pth",
    0.6497917086877809,
    {
      "epoch_mcc": 0.6497917086877809,
      "mcc": 0.6305050208355581,
      "loss": 0.114312099764146
    }
  ],
  "epoch_15": [
    "output/004_vsb_naive_multirun/multirun/seed6/fold2/checkpoints/train.16.pth",
    0.6820536282526075,
    {
      "epoch_mcc": 0.6820536282526075,
      "mcc": 0.6656366994211154,
      "loss": 0.08355488584548389
    }
  ],
  "epoch_16": [
    "output/004_vsb_naive_multirun/multirun/seed6/fold2/checkpoints/train.17.pth",
    0.6963084575253876,
    {
      "epoch_mcc": 0.6963084575253876,
      "mcc": 0.6838531045868872,
      "loss": 0.0991505801985473
    }
  ],
  "epoch_17": [
    "output/004_vsb_naive_multirun/multirun/seed6/fold2/checkpoints/train.18.pth",
    0.704026588622696,
    {
      "epoch_mcc": 0.704026588622696,
      "mcc": 0.6809017412656133,
      "loss": 0.09337712767920273
    }
  ],
  "epoch_18": [
    "output/004_vsb_naive_multirun/multirun/seed6/fold2/checkpoints/train.19.pth",
    0.5949898558305198,
    {
      "epoch_mcc": 0.5949898558305198,
      "mcc": 0.5714936224858983,
      "loss": 0.12119141868644245
    }
  ],
  "epoch_19": [
    "output/004_vsb_naive_multirun/multirun/seed6/fold2/checkpoints/train.20.pth",
    0.6351302536751008,
    {
      "epoch_mcc": 0.6351302536751008,
      "mcc": 0.6161972197915723,
      "loss": 0.11004581213920744
    }
  ],
  "epoch_20": [
    "output/004_vsb_naive_multirun/multirun/seed6/fold2/checkpoints/train.21.pth",
    0.6250306492042174,
    {
      "epoch_mcc": 0.6250306492042174,
      "mcc": 0.6294411670314611,
      "loss": 0.10678171070225267
    }
  ],
  "epoch_21": [
    "output/004_vsb_naive_multirun/multirun/seed6/fold2/checkpoints/train.22.pth",
    0.7013701169095784,
    {
      "epoch_mcc": 0.7013701169095784,
      "mcc": 0.6851940744554568,
      "loss": 0.0905649838215718
    }
  ],
  "epoch_22": [
    "output/004_vsb_naive_multirun/multirun/seed6/fold2/checkpoints/train.23.pth",
    0.5721002077102763,
    {
      "epoch_mcc": 0.5721002077102763,
      "mcc": 0.5548244806556261,
      "loss": 0.14378399826368243
    }
  ],
  "epoch_23": [
    "output/004_vsb_naive_multirun/multirun/seed6/fold2/checkpoints/train.24.pth",
    0.6446483180424849,
    {
      "epoch_mcc": 0.6446483180424849,
      "mcc": 0.6510836073308136,
      "loss": 0.12131676680557493
    }
  ],
  "epoch_24": [
    "output/004_vsb_naive_multirun/multirun/seed6/fold2/checkpoints/train.25.pth",
    0.6563323945509507,
    {
      "epoch_mcc": 0.6563323945509507,
      "mcc": 0.6379956106687357,
      "loss": 0.13473785372383623
    }
  ],
  "epoch_25": [
    "output/004_vsb_naive_multirun/multirun/seed6/fold2/checkpoints/train.26.pth",
    0.6222716922137328,
    {
      "epoch_mcc": 0.6222716922137328,
      "mcc": 0.6032932914289784,
      "loss": 0.14153817660221749
    }
  ],
  "epoch_26": [
    "output/004_vsb_naive_multirun/multirun/seed6/fold2/checkpoints/train.27.pth",
    0.6331495471371922,
    {
      "epoch_mcc": 0.6331495471371922,
      "mcc": 0.6160070600033806,
      "loss": 0.13680475652730814
    }
  ],
  "epoch_27": [
    "output/004_vsb_naive_multirun/multirun/seed6/fold2/checkpoints/train.28.pth",
    0.68938786056894,
    {
      "epoch_mcc": 0.68938786056894,
      "mcc": 0.670972404524723,
      "loss": 0.16666287335081478
    }
  ],
  "epoch_28": [
    "output/004_vsb_naive_multirun/multirun/seed6/fold2/checkpoints/train.29.pth",
    0.5149071786322368,
    {
      "epoch_mcc": 0.5149071786322368,
      "mcc": 0.4612796167906009,
      "loss": 0.1489391477454755
    }
  ],
  "epoch_29": [
    "output/004_vsb_naive_multirun/multirun/seed6/fold2/checkpoints/train.30.pth",
    0.5537284712410638,
    {
      "epoch_mcc": 0.5537284712410638,
      "mcc": 0.5452781173854244,
      "loss": 0.13418827140495412
    }
  ],
  "epoch_30": [
    "output/004_vsb_naive_multirun/multirun/seed6/fold2/checkpoints/train.31.pth",
    0.6295487902802823,
    {
      "epoch_mcc": 0.6295487902802823,
      "mcc": 0.6365331302958284,
      "loss": 0.11484702021242624
    }
  ],