{
  "best": {
    "epoch_mcc": 0.7097225239833197,
    "mcc": 0.7035267458394963,
    "loss": 0.12860219131853823
  },
  "last": {
    "epoch_mcc": 0.6155120297510608,
    "mcc": 0.5992781119544622,
    "loss": 0.16546456384987102
  },
  "train.34": {
    "epoch_mcc": 0.7097225239833197,
    "mcc": 0.7035267458394963,
    "loss": 0.12860219131853823
  },
  "epoch_0": [
    "output/004_vsb_naive_multirun/multirun/seed2/fold1/checkpoints/train.1.pth",
    0.65505292209505,
    {
      "epoch_mcc": 0.65505292209505,
      "mcc": 0.6335778864334437,
      "loss": 0.11434692844568965
    }
  ],
  "epoch_1": [
    "output/004_vsb_naive_multirun/multirun/seed2/fold1/checkpoints/train.2.pth",
    0.6215581659050019,
    {
      "epoch_mcc": 0.6215581659050019,
      "mcc": 0.611373742974835,
      "loss": 0.10607367623180612
    }
  ],
  "epoch_2": [
    "output/004_vsb_naive_multirun/multirun/seed2/fold1/checkpoints/train.3.pth",
    0.592402652152653,
    {
      "epoch_mcc": 0.592402652152653,
      "mcc": 0.6035897246353882,
      "loss": 0.09860599305153714
    }
  ],
  "epoch_3": [
    "output/004_vsb_naive_multirun/multirun/seed2/fold1/checkpoints/train.4.pth",
    0.6155120297510608,
    {
      "epoch_mcc": 0.6155120297510608,
      "mcc": 0.6140697495055769,
      "loss": 0.10401729898280408
    }
  ],
  "epoch_4": [
    "output/004_vsb_naive_multirun/multirun/seed2/fold1/checkpoints/train.5.pth",
    0.6563323945509507,
    {
      "epoch_mcc": 0.6563323945509507,
      "mcc": 0.6400862675623771,
      "loss": 0.10261663520089936
    }
  ],
  "epoch_5": [
    "output/004_vsb_naive_multirun/multirun/seed2/fold1/checkpoints/train.6.pth",
    0.7080458806960408,
    {
      "epoch_mcc": 0.7080458806960408,
      "mcc": 0.7024420461464874,
      "loss": 0.09901471028229455
    }
  ],
  "epoch_6": [
    "output/004_vsb_naive_multirun/multirun/seed2/fold1/checkpoints/train.7.pth",
    0.6742609582055686,
    {
      "epoch_mcc": 0.6742609582055686,
      "mcc": 0.6700586983669445,
      "loss": 0.10667240447821592
    }
  ],
  "epoch_7": [
    "output/004_vsb_naive_multirun/multirun/seed2/fold1/checkpoints/train.8.pth",
    0.43574611445768097,
    {
      "epoch_mcc": 0.43574611445768097,
      "mcc": 0.442541943087369,
      "loss": 0.1526403845177255
    }
  ],
  "epoch_8": [
    "output/004_vsb_naive_multirun/multirun/seed2/fold1/checkpoints/train.9.pth",
    0.6931229280250475,
    {
      "epoch_mcc": 0.6931229280250475,
      "mcc": 0.6904444593651867,
      "loss": 0.1028656208576721
    }
  ],
  "epoch_9": [
    "output/004_vsb_naive_multirun/multirun/seed2/fold1/checkpoints/train.10.pth",
    0.6931229280250475,
    {
      "epoch_mcc": 0.6931229280250475,
      "mcc": 0.6904444593651867,
      "loss": 0.10400714695761414
    }
  ],
  "epoch_10": [
    "output/004_vsb_naive_multirun/multirun/seed2/fold1/checkpoints/train.11.pth",
    0.6772012637143808,
    {
      "epoch_mcc": 0.6772012637143808,
      "mcc": 0.6916173189248945,
      "loss": 0.10058645180806441
    }
  ],
  "epoch_11": [
    "output/004_vsb_naive_multirun/multirun/seed2/fold1/checkpoints/train.12.pth",
    0.7013551460582699,
    {
      "epoch_mcc": 0.7013551460582699,
      "mcc": 0.6919882055679867,
      "loss": 0.1004984332905784
    }
  ],
  "epoch_12": [
    "output/004_vsb_naive_multirun/multirun/seed2/fold1/checkpoints/train.13.pth",
    0.6827823679045434,
    {
      "epoch_mcc": 0.6827823679045434,
      "mcc": 0.67699998729761,
      "loss": 0.10765084467841098
    }
  ],
  "epoch_13": [
    "output/004_vsb_naive_multirun/multirun/seed2/fold1/checkpoints/train.14.pth",
    0.617173519912,
    {
      "epoch_mcc": 0.617173519912,
      "mcc": 0.6191640889584883,
      "loss": 0.12251647196312575
    }
  ],
  "epoch_14": [
    "output/004_vsb_naive_multirun/multirun/seed2/fold1/checkpoints/train.15.pth",
    0.6295487902802823,
    {
      "epoch_mcc": 0.6295487902802823,
      "mcc": 0.6354903362666107,
      "loss": 0.11387360847447703
    }
  ],
  "epoch_15": [
    "output/004_vsb_naive_multirun/multirun/seed2/fold1/checkpoints/train.16.pth",
    0.65505292209505,
    {
      "epoch_mcc": 0.65505292209505,
      "mcc": 0.6541965834705303,
      "loss": 0.11238906579973776
    }
  ],
  "epoch_16": [
    "output/004_vsb_naive_multirun/multirun/seed2/fold1/checkpoints/train.17.pth",
    0.6282777762823895,
    {
      "epoch_mcc": 0.6282777762823895,
      "mcc": 0.6250699539017242,
      "loss": 0.13554595049194954
    }
  ],
  "epoch_17": [
    "output/004_vsb_naive_multirun/multirun/seed2/fold1/checkpoints/train.18.pth",
    0.6850581056126488,
    {
      "epoch_mcc": 0.6850581056126488,
      "mcc": 0.679170974963575,
      "loss": 0.10733523872551122
    }
  ],
  "epoch_18": [
    "output/004_vsb_naive_multirun/multirun/seed2/fold1/checkpoints/train.19.pth",
    0.681846051130811,
    {
      "epoch_mcc": 0.681846051130811,
      "mcc": 0.6738888011395322,
      "loss": 0.11192422938531524
    }
  ],
  "epoch_19": [
    "output/004_vsb_naive_multirun/multirun/seed2/fold1/checkpoints/train.20.pth",
    0.6850581056126488,
    {
      "epoch_mcc": 0.6850581056126488,
      "mcc": 0.6835031704345211,
      "loss": 0.11467298021517604
    }
  ],
  "epoch_20": [
    "output/004_vsb_naive_multirun/multirun/seed2/fold1/checkpoints/train.21.pth",
    0.6157665428530914,
    {
      "epoch_mcc": 0.6157665428530914,
      "mcc": 0.6233328544824542,
      "loss": 0.13990279939827122
    }
  ],
  "epoch_21": [
    "output/004_vsb_naive_multirun/multirun/seed2/fold1/checkpoints/train.22.pth",
    0.5659075786649764,
    {
      "epoch_mcc": 0.5659075786649764,
      "mcc": 0.5603976314106051,
      "loss": 0.12841737680714224
    }
  ],
  "epoch_22": [
    "output/004_vsb_naive_multirun/multirun/seed2/fold1/checkpoints/train.23.pth",
    0.6632286624397578,
    {
      "epoch_mcc": 0.6632286624397578,
      "mcc": 0.6541268132523654,
      "loss": 0.1197644330291863
    }
  ],
  "epoch_23": [
    "output/004_vsb_naive_multirun/multirun/seed2/fold1/checkpoints/train.24.pth",
    0.49969689599514777,
    {
      "epoch_mcc": 0.49969689599514777,
      "mcc": 0.5023630793316315,
      "loss": 0.15617125046643046
    }
  ],
  "epoch_24": [
    "output/004_vsb_naive_multirun/multirun/seed2/fold1/checkpoints/train.25.pth",
    0.5982166325732848,
    {
      "epoch_mcc": 0.5982166325732848,
      "mcc": 0.5892104890117037,
      "loss": 0.15857091151088118
    }
  ],
  "epoch_25": [
    "output/004_vsb_naive_multirun/multirun/seed2/fold1/checkpoints/train.26.pth",
    0.5659075786649764,
    {
      "epoch_mcc": 0.5659075786649764,
      "mcc": 0.5669581290377622,
      "loss": 0.14478930364172143
    }
  ],
  "epoch_26": [
    "output/004_vsb_naive_multirun/multirun/seed2/fold1/checkpoints/train.27.pth",
    0.49835943994191567,
    {
      "epoch_mcc": 0.49835943994191567,
      "mcc": 0.5055398600985764,
      "loss": 0.13090531112507575
    }
  ],
  "epoch_27": [
    "output/004_vsb_naive_multirun/multirun/seed2/fold1/checkpoints/train.28.pth",
    0.563981371233434,
    {
      "epoch_mcc": 0.563981371233434,
      "mcc": 0.5615158148356322,
      "loss": 0.15693021841385688
    }
  ],
  "epoch_28": [
    "output/004_vsb_naive_multirun/multirun/seed2/fold1/checkpoints/train.29.pth",
    0.5622179513357831,
    {
      "epoch_mcc": 0.5622179513357831,
      "mcc": 0.5558773285968458,
      "loss": 0.14198322694190807
    }
  ],
  "epoch_29": [
    "output/004_vsb_naive_multirun/multirun/seed2/fold1/checkpoints/train.30.pth",
    0.5622179513357831,
    {
      "epoch_mcc": 0.5622179513357831,
      "mcc": 0.5590057598863689,
      "loss": 0.1383192487920213
    }
  ],
  "epoch_30": [
    "output/004_vsb_naive_multirun/multirun/seed2/fold1/checkpoints/train.31.pth",
    0.617173519912,
    {
      "epoch_mcc": 0.617173519912,
      "mcc": 0.6124840815288173,
      "loss": 0.17554255648036832
    }
  ],