{
  "best": {
    "epoch_mcc": 0.7750736561654454,
    "mcc": 0.7691073180404977,
    "loss": 0.11123702040330063
  },
  "last": {
    "epoch_mcc": 0.704026588622696,
    "mcc": 0.7184113637163593,
    "loss": 0.11309027471763952
  },
  "train.20": {
    "epoch_mcc": 0.7750736561654454,
    "mcc": 0.7691073180404977,
    "loss": 0.11123702040330063
  },
  "epoch_0": [
    "output/004_vsb_naive_multirun/multirun/seed2/fold1/checkpoints/train.1.pth",
    0.4364269895544075,
    {
      "epoch_mcc": 0.4364269895544075,
      "mcc": 0.42815632762277767,
      "loss": 0.49989730637783436
    }
  ],
  "epoch_1": [
    "output/004_vsb_naive_multirun/multirun/seed2/fold1/checkpoints/train.2.pth",
    0.6385329548894924,
    {
      "epoch_mcc": 0.6385329548894924,
      "mcc": 0.6303895238952578,
      "loss": 0.28215459414890837
    }
  ],
  "epoch_2": [
    "output/004_vsb_naive_multirun/multirun/seed2/fold1/checkpoints/train.3.pth",
    0.5429473620939242,
    {
      "epoch_mcc": 0.5429473620939242,
      "mcc": 0.5414072743538835,
      "loss": 0.31062752203358635
    }
  ],
  "epoch_3": [
    "output/004_vsb_naive_multirun/multirun/seed2/fold1/checkpoints/train.4.pth",
    0.7152149676009306,
    {
      "epoch_mcc": 0.7152149676009306,
      "mcc": 0.7162743503910415,
      "loss": 0.11756625158548765
    }
  ],
  "epoch_4": [
    "output/004_vsb_naive_multirun/multirun/seed2/fold1/checkpoints/train.5.pth",
    0.7150632891302477,
    {
      "epoch_mcc": 0.7150632891302477,
      "mcc": 0.7112336094447232,
      "loss": 0.34872967548501677
    }
  ],
  "epoch_5": [
    "output/004_vsb_naive_multirun/multirun/seed2/fold1/checkpoints/train.6.pth",
    0.6376395816308116,
    {
      "epoch_mcc": 0.6376395816308116,
      "mcc": 0.617936894828475,
      "loss": 0.24660941748118442
    }
  ],
  "epoch_6": [
    "output/004_vsb_naive_multirun/multirun/seed2/fold1/checkpoints/train.7.pth",
    0.6963084575253876,
    {
      "epoch_mcc": 0.6963084575253876,
      "mcc": 0.7002866302514131,
      "loss": 0.1989050221576543
    }
  ],
  "epoch_7": [
    "output/004_vsb_naive_multirun/multirun/seed2/fold1/checkpoints/train.8.pth",
    0.5787754809557367,
    {
      "epoch_mcc": 0.5787754809557367,
      "mcc": 0.5913808158603842,
      "loss": 0.18056842533425907
    }
  ],
  "epoch_8": [
    "output/004_vsb_naive_multirun/multirun/seed2/fold1/checkpoints/train.9.pth",
    0.7013701169095784,
    {
      "epoch_mcc": 0.7013701169095784,
      "mcc": 0.7013716690303592,
      "loss": 0.2462741132190839
    }
  ],
  "epoch_9": [
    "output/004_vsb_naive_multirun/multirun/seed2/fold1/checkpoints/train.10.pth",
    0.7267238559031224,
    {
      "epoch_mcc": 0.7267238559031224,
      "mcc": 0.7246780815123,
      "loss": 0.11342317868735827
    }
  ],
  "epoch_10": [
    "output/004_vsb_naive_multirun/multirun/seed2/fold1/checkpoints/train.11.pth",
    0.6843211665914187,
    {
      "epoch_mcc": 0.6843211665914187,
      "mcc": 0.6860789338904592,
      "loss": 0.10752640059297959
    }
  ],
  "epoch_11": [
    "output/004_vsb_naive_multirun/multirun/seed2/fold1/checkpoints/train.12.pth",
    0.6417888798978316,
    {
      "epoch_mcc": 0.6417888798978316,
      "mcc": 0.6223236189336919,
      "loss": 0.23051374899335655
    }
  ],
  "epoch_12": [
    "output/004_vsb_naive_multirun/multirun/seed2/fold1/checkpoints/train.13.pth",
    0.6226599753878038,
    {
      "epoch_mcc": 0.6226599753878038,
      "mcc": 0.6065698314104785,
      "loss": 0.45162121641246056
    }
  ],
  "epoch_13": [
    "output/004_vsb_naive_multirun/multirun/seed2/fold1/checkpoints/train.14.pth",
    0.5818441878408626,
    {
      "epoch_mcc": 0.5818441878408626,
      "mcc": 0.5763979911315086,
      "loss": 0.22166255667882614
    }
  ],
  "epoch_14": [
    "output/004_vsb_naive_multirun/multirun/seed2/fold1/checkpoints/train.15.pth",
    0.6295487902802823,
    {
      "epoch_mcc": 0.6295487902802823,
      "mcc": 0.6255354602539439,
      "loss": 0.25191757695912903
    }
  ],
  "epoch_15": [
    "output/004_vsb_naive_multirun/multirun/seed2/fold1/checkpoints/train.16.pth",
    0.5852678695581277,
    {
      "epoch_mcc": 0.5852678695581277,
      "mcc": 0.5810727605524436,
      "loss": 0.11300686158227018
    }
  ],
  "epoch_16": [
    "output/004_vsb_naive_multirun/multirun/seed2/fold1/checkpoints/train.17.pth",
    0.6010420465261707,
    {
      "epoch_mcc": 0.6010420465261707,
      "mcc": 0.5952435396356953,
      "loss": 0.20247388091226864
    }
  ],
  "epoch_17": [
    "output/004_vsb_naive_multirun/multirun/seed2/fold1/checkpoints/train.18.pth",
    0.6545076009617131,
    {
      "epoch_mcc": 0.6545076009617131,
      "mcc": 0.6578326426589802,
      "loss": 0.11412344393344426
    }
  ],
  "epoch_18": [
    "output/004_vsb_naive_multirun/multirun/seed2/fold1/checkpoints/train.19.pth",
    0.6623324998037066,
    {
      "epoch_mcc": 0.6623324998037066,
      "mcc": 0.6609144684710228,
      "loss": 0.20972214785377252
    }
  ],
  "epoch_19": [
    "output/004_vsb_naive_multirun/multirun/seed2/fold1/checkpoints/train.20.pth",
    0.7750736561654454,
    {
      "epoch_mcc": 0.7750736561654454,
      "mcc": 0.7691073180404977,
      "loss": 0.11123702040330063
    }
  ],
  "epoch_20": [
    "output/004_vsb_naive_multirun/multirun/seed2/fold1/checkpoints/train.21.pth",
    0.5051728713582128,
    {
      "epoch_mcc": 0.5051728713582128,
      "mcc": 0.5012422229402224,
      "loss": 0.37360361998134556
    }
  ],
  "epoch_21": [
    "output/004_vsb_naive_multirun/multirun/seed2/fold1/checkpoints/train.22.pth",
    0.6954912691899015,
    {
      "epoch_mcc": 0.6954912691899015,
      "mcc": 0.6816877351617516,
      "loss": 0.11184588662010463
    }
  ],
  "epoch_22": [
    "output/004_vsb_naive_multirun/multirun/seed2/fold1/checkpoints/train.23.pth",
    0.7697351146593608,
    {
      "epoch_mcc": 0.7697351146593608,
      "mcc": 0.7720129946668907,
      "loss": 0.09482127443443272
    }
  ],
  "epoch_23": [
    "output/004_vsb_naive_multirun/multirun/seed2/fold1/checkpoints/train.24.pth",
    0.6497917086877809,
    {
      "epoch_mcc": 0.6497917086877809,
      "mcc": 0.645058466071786,
      "loss": 0.1035870308001973
    }
  ],
  "epoch_24": [
    "output/004_vsb_naive_multirun/multirun/seed2/fold1/checkpoints/train.25.pth",
    0.5876433185730329,
    {
      "epoch_mcc": 0.5876433185730329,
      "mcc": 0.5936174513979048,
      "loss": 0.16146079990724277
    }
  ],
  "epoch_25": [
    "output/004_vsb_naive_multirun/multirun/seed2/fold1/checkpoints/train.26.pth",
    0.727899918850555,
    {
      "epoch_mcc": 0.727899918850555,
      "mcc": 0.7291569415773232,
      "loss": 0.09453497308974833
    }
  ],
  "epoch_26": [
    "output/004_vsb_naive_multirun/multirun/seed2/fold1/checkpoints/train.27.pth",
    0.7572175552328779,
    {
      "epoch_mcc": 0.7572175552328779,
      "mcc": 0.7420975218546323,
      "loss": 0.10525087801909488
    }
  ],
  "epoch_27": [
    "output/004_vsb_naive_multirun/multirun/seed2/fold1/checkpoints/train.28.pth",
    0.5193171474503187,
    {
      "epoch_mcc": 0.5193171474503187,
      "mcc": 0.5167967038732026,
      "loss": 0.27509211114064347
    }
  ],
  "epoch_28": [
    "output/004_vsb_naive_multirun/multirun/seed2/fold1/checkpoints/train.29.pth",
    0.6963084575253876,
    {
      "epoch_mcc": 0.6963084575253876,
      "mcc": 0.6820192984068612,
      "loss": 0.13806356887193638
    }
  ],
  "epoch_29": [
    "output/004_vsb_naive_multirun/multirun/seed2/fold1/checkpoints/train.30.pth",
    0.7385563411121259,
    {
      "epoch_mcc": 0.7385563411121259,
      "mcc": 0.7454627917816703,
      "loss": 0.10616760248263814
    }
  ],
  "epoch_30": [
    "output/004_vsb_naive_multirun/multirun/seed2/fold1/checkpoints/train.31.pth",
    0.7116582272547064,
    {
      "epoch_mcc": 0.7116582272547064,
      "mcc": 0.7087716653848787,
      "loss": 0.1565813913095018
    }
  ],