{
  "best": {
    "epoch_mcc": 0.8100691807279813,
    "mcc": 0.8160251685841625,
    "loss": 0.08707214087222201
  },
  "last": {
    "epoch_mcc": 0.7755132653824471,
    "mcc": 0.7656709485809238,
    "loss": 0.09397872073155877
  },
  "train.13": {
    "epoch_mcc": 0.8100691807279813,
    "mcc": 0.8160251685841625,
    "loss": 0.08707214087222201
  },
  "epoch_0": [
    "output/004_vsb_naive_multirun/multirun/seed2/fold3/checkpoints/train.1.pth",
    0.672878877954992,
    {
      "epoch_mcc": 0.672878877954992,
      "mcc": 0.679809727198265,
      "loss": 0.40535273968455304
    }
  ],
  "epoch_1": [
    "output/004_vsb_naive_multirun/multirun/seed2/fold3/checkpoints/train.2.pth",
    0.6553715218837652,
    {
      "epoch_mcc": 0.6553715218837652,
      "mcc": 0.6471631186689095,
      "loss": 0.3348179436489145
    }
  ],
  "epoch_2": [
    "output/004_vsb_naive_multirun/multirun/seed2/fold3/checkpoints/train.3.pth",
    0.727899918850555,
    {
      "epoch_mcc": 0.727899918850555,
      "mcc": 0.668459054029725,
      "loss": 0.21572492980813407
    }
  ],
  "epoch_3": [
    "output/004_vsb_naive_multirun/multirun/seed2/fold3/checkpoints/train.4.pth",
    0.6771501913321073,
    {
      "epoch_mcc": 0.6771501913321073,
      "mcc": 0.6836558830888679,
      "loss": 0.29570209118257085
    }
  ],
  "epoch_4": [
    "output/004_vsb_naive_multirun/multirun/seed2/fold3/checkpoints/train.5.pth",
    0.7697351146593608,
    {
      "epoch_mcc": 0.7697351146593608,
      "mcc": 0.7600116603992352,
      "loss": 0.1843835873570992
    }
  ],
  "epoch_5": [
    "output/004_vsb_naive_multirun/multirun/seed2/fold3/checkpoints/train.6.pth",
    0.6462955069244767,
    {
      "epoch_mcc": 0.6462955069244767,
      "mcc": 0.6450489095605025,
      "loss": 0.3760117859212544
    }
  ],
  "epoch_6": [
    "output/004_vsb_naive_multirun/multirun/seed2/fold3/checkpoints/train.7.pth",
    0.6963084575253876,
    {
      "epoch_mcc": 0.6963084575253876,
      "mcc": 0.6879690394414458,
      "loss": 0.19631530231637512
    }
  ],
  "epoch_7": [
    "output/004_vsb_naive_multirun/multirun/seed2/fold3/checkpoints/train.8.pth",
    0.704026588622696,
    {
      "epoch_mcc": 0.704026588622696,
      "mcc": 0.6914137348583179,
      "loss": 0.17889207239918373
    }
  ],
  "epoch_8": [
    "output/004_vsb_naive_multirun/multirun/seed2/fold3/checkpoints/train.9.pth",
    0.5648361208746311,
    {
      "epoch_mcc": 0.5648361208746311,
      "mcc": 0.5604481363809186,
      "loss": 0.1276488521243742
    }
  ],
  "epoch_9": [
    "output/004_vsb_naive_multirun/multirun/seed2/fold3/checkpoints/train.10.pth",
    0.7760153894637587,
    {
      "epoch_mcc": 0.7760153894637587,
      "mcc": 0.7846101394190799,
      "loss": 0.21731743870524245
    }
  ],
  "epoch_10": [
    "output/004_vsb_naive_multirun/multirun/seed2/fold3/checkpoints/train.11.pth",
    0.7203079062324996,
    {
      "epoch_mcc": 0.7203079062324996,
      "mcc": 0.7130159748847488,
      "loss": 0.12893139492726777
    }
  ],
  "epoch_11": [
    "output/004_vsb_naive_multirun/multirun/seed2/fold3/checkpoints/train.12.pth",
    0.7572175552328779,
    {
      "epoch_mcc": 0.7572175552328779,
      "mcc": 0.741595598873275,
      "loss": 0.1930511937237853
    }
  ],
  "epoch_12": [
    "output/004_vsb_naive_multirun/multirun/seed2/fold3/checkpoints/train.13.pth",
    0.8100691807279813,
    {
      "epoch_mcc": 0.8100691807279813,
      "mcc": 0.8160251685841625,
      "loss": 0.08707214087222201
    }
  ],
  "epoch_13": [
    "output/004_vsb_naive_multirun/multirun/seed2/fold3/checkpoints/train.14.pth",
    0.7184057881991605,
    {
      "epoch_mcc": 0.7184057881991605,
      "mcc": 0.7207082512891424,
      "loss": 0.261070845664676
    }
  ],
  "epoch_14": [
    "output/004_vsb_naive_multirun/multirun/seed2/fold3/checkpoints/train.15.pth",
    0.68938786056894,
    {
      "epoch_mcc": 0.68938786056894,
      "mcc": 0.6333460540793271,
      "loss": 0.27851936436561214
    }
  ],
  "epoch_15": [
    "output/004_vsb_naive_multirun/multirun/seed2/fold3/checkpoints/train.16.pth",
    0.5762390076186134,
    {
      "epoch_mcc": 0.5762390076186134,
      "mcc": 0.5830627346280952,
      "loss": 0.26368247985634663
    }
  ],
  "epoch_16": [
    "output/004_vsb_naive_multirun/multirun/seed2/fold3/checkpoints/train.17.pth",
    0.6434840065120163,
    {
      "epoch_mcc": 0.6434840065120163,
      "mcc": 0.6391668609273488,
      "loss": 0.10290520468954376
    }
  ],
  "epoch_17": [
    "output/004_vsb_naive_multirun/multirun/seed2/fold3/checkpoints/train.18.pth",
    0.7143155478174341,
    {
      "epoch_mcc": 0.7143155478174341,
      "mcc": 0.7059358137948639,
      "loss": 0.09481973970459578
    }
  ],
  "epoch_18": [
    "output/004_vsb_naive_multirun/multirun/seed2/fold3/checkpoints/train.19.pth",
    0.8042120712197589,
    {
      "epoch_mcc": 0.8042120712197589,
      "mcc": 0.8097248770639563,
      "loss": 0.16249563856604998
    }
  ],
  "epoch_19": [
    "output/004_vsb_naive_multirun/multirun/seed2/fold3/checkpoints/train.20.pth",
    0.6954912691899015,
    {
      "epoch_mcc": 0.6954912691899015,
      "mcc": 0.6873641584417391,
      "loss": 0.10274038727999554
    }
  ],
  "epoch_20": [
    "output/004_vsb_naive_multirun/multirun/seed2/fold3/checkpoints/train.21.pth",
    0.5989913743017697,
    {
      "epoch_mcc": 0.5989913743017697,
      "mcc": 0.5995782546469123,
      "loss": 0.24123777736382312
    }
  ],
  "epoch_21": [
    "output/004_vsb_naive_multirun/multirun/seed2/fold3/checkpoints/train.22.pth",
    0.7572175552328779,
    {
      "epoch_mcc": 0.7572175552328779,
      "mcc": 0.7598333277897297,
      "loss": 0.08839204761226904
    }
  ],
  "epoch_22": [
    "output/004_vsb_naive_multirun/multirun/seed2/fold3/checkpoints/train.23.pth",
    0.7750736561654454,
    {
      "epoch_mcc": 0.7750736561654454,
      "mcc": 0.7806379261635148,
      "loss": 0.11120314133095455
    }
  ],
  "epoch_23": [
    "output/004_vsb_naive_multirun/multirun/seed2/fold3/checkpoints/train.24.pth",
    0.6752706515196818,
    {
      "epoch_mcc": 0.6752706515196818,
      "mcc": 0.6715250006609269,
      "loss": 0.1065469305968736
    }
  ],
  "epoch_24": [
    "output/004_vsb_naive_multirun/multirun/seed2/fold3/checkpoints/train.25.pth",
    0.7267762021429772,
    {
      "epoch_mcc": 0.7267762021429772,
      "mcc": 0.733208381883779,
      "loss": 0.12290628972541855
    }
  ],
  "epoch_25": [
    "output/004_vsb_naive_multirun/multirun/seed2/fold3/checkpoints/train.26.pth",
    0.7385563411121259,
    {
      "epoch_mcc": 0.7385563411121259,
      "mcc": 0.7292809864436975,
      "loss": 0.08139020334063626
    }
  ],
  "epoch_26": [
    "output/004_vsb_naive_multirun/multirun/seed2/fold3/checkpoints/train.27.pth",
    0.7694099459550325,
    {
      "epoch_mcc": 0.7694099459550325,
      "mcc": 0.7754948298382244,
      "loss": 0.10216139582676649
    }
  ],
  "epoch_27": [
    "output/004_vsb_naive_multirun/multirun/seed2/fold3/checkpoints/train.28.pth",
    0.6279407275984389,
    {
      "epoch_mcc": 0.6279407275984389,
      "mcc": 0.627161764783816,
      "loss": 0.259301446288465
    }
  ],
  "epoch_28": [
    "output/004_vsb_naive_multirun/multirun/seed2/fold3/checkpoints/train.29.pth",
    0.7869437492634483,
    {
      "epoch_mcc": 0.7869437492634483,
      "mcc": 0.7912125594668344,
      "loss": 0.12758035419217076
    }
  ],
  "epoch_29": [
    "output/004_vsb_naive_multirun/multirun/seed2/fold3/checkpoints/train.30.pth",
    0.7828965390779468,
    {
      "epoch_mcc": 0.7828965390779468,
      "mcc": 0.7896186606958246,
      "loss": 0.0727186607158456
    }
  ],
  "epoch_30": [
    "output/004_vsb_naive_multirun/multirun/seed2/fold3/checkpoints/train.31.pth",
    0.7760153894637587,
    {
      "epoch_mcc": 0.7760153894637587,
      "mcc": 0.7846101394190799,
      "loss": 0.10331921329442892
    }
  ],