{
  "best": {
    "epoch_mcc": 0.8107597159779163,
    "mcc": 0.8084577042163772,
    "loss": 0.08004133629387823
  },
  "last": {
    "epoch_mcc": 0.770381420101702,
    "mcc": 0.7660746889183835,
    "loss": 0.09623301900152502
  },
  "train.30": {
    "epoch_mcc": 0.8107597159779163,
    "mcc": 0.8084577042163772,
    "loss": 0.08004133629387823
  },
  "epoch_0": [
    "output/004_vsb_naive_multirun/multirun/seed3/fold4/checkpoints/train.1.pth",
    0.7305507935779577,
    {
      "epoch_mcc": 0.7305507935779577,
      "mcc": 0.7121044687080107,
      "loss": 0.0856522869447182
    }
  ],
  "epoch_1": [
    "output/004_vsb_naive_multirun/multirun/seed3/fold4/checkpoints/train.2.pth",
    0.5517286654430251,
    {
      "epoch_mcc": 0.5517286654430251,
      "mcc": 0.5505065071039829,
      "loss": 0.09811850190162659
    }
  ],
  "epoch_2": [
    "output/004_vsb_naive_multirun/multirun/seed3/fold4/checkpoints/train.3.pth",
    0.6744301568978387,
    {
      "epoch_mcc": 0.6744301568978387,
      "mcc": 0.6774258619863762,
      "loss": 0.0786738227410563
    }
  ],
  "epoch_3": [
    "output/004_vsb_naive_multirun/multirun/seed3/fold4/checkpoints/train.4.pth",
    0.7305507935779577,
    {
      "epoch_mcc": 0.7305507935779577,
      "mcc": 0.7299773954564007,
      "loss": 0.07257500722490508
    }
  ],
  "epoch_4": [
    "output/004_vsb_naive_multirun/multirun/seed3/fold4/checkpoints/train.5.pth",
    0.7059596128389822,
    {
      "epoch_mcc": 0.7059596128389822,
      "mcc": 0.7031411980161547,
      "loss": 0.07189258172594268
    }
  ],
  "epoch_5": [
    "output/004_vsb_naive_multirun/multirun/seed3/fold4/checkpoints/train.6.pth",
    0.711396964092877,
    {
      "epoch_mcc": 0.711396964092877,
      "mcc": 0.7125844803076562,
      "loss": 0.10429933238132247
    }
  ],
  "epoch_6": [
    "output/004_vsb_naive_multirun/multirun/seed3/fold4/checkpoints/train.7.pth",
    0.7816904869957801,
    {
      "epoch_mcc": 0.7816904869957801,
      "mcc": 0.7815887949365657,
      "loss": 0.06841015995576463
    }
  ],
  "epoch_7": [
    "output/004_vsb_naive_multirun/multirun/seed3/fold4/checkpoints/train.8.pth",
    0.7381322702138658,
    {
      "epoch_mcc": 0.7381322702138658,
      "mcc": 0.7404143461191106,
      "loss": 0.07283631216349273
    }
  ],
  "epoch_8": [
    "output/004_vsb_naive_multirun/multirun/seed3/fold4/checkpoints/train.9.pth",
    0.644917074936099,
    {
      "epoch_mcc": 0.644917074936099,
      "mcc": 0.6488609875945507,
      "loss": 0.1001445795441496
    }
  ],
  "epoch_9": [
    "output/004_vsb_naive_multirun/multirun/seed3/fold4/checkpoints/train.10.pth",
    0.7344628102665152,
    {
      "epoch_mcc": 0.7344628102665152,
      "mcc": 0.7311066277883116,
      "loss": 0.07354413312056969
    }
  ],
  "epoch_10": [
    "output/004_vsb_naive_multirun/multirun/seed3/fold4/checkpoints/train.11.pth",
    0.7384622470823075,
    {
      "epoch_mcc": 0.7384622470823075,
      "mcc": 0.7369461874644533,
      "loss": 0.09976419213003125
    }
  ],
  "epoch_11": [
    "output/004_vsb_naive_multirun/multirun/seed3/fold4/checkpoints/train.12.pth",
    0.5762221902115311,
    {
      "epoch_mcc": 0.5762221902115311,
      "mcc": 0.5707522302702324,
      "loss": 0.12144741046017614
    }
  ],
  "epoch_12": [
    "output/004_vsb_naive_multirun/multirun/seed3/fold4/checkpoints/train.13.pth",
    0.6801645973935795,
    {
      "epoch_mcc": 0.6801645973935795,
      "mcc": 0.6689012778827378,
      "loss": 0.073865366855572
    }
  ],
  "epoch_13": [
    "output/004_vsb_naive_multirun/multirun/seed3/fold4/checkpoints/train.14.pth",
    0.7300901576426261,
    {
      "epoch_mcc": 0.7300901576426261,
      "mcc": 0.7325173289110105,
      "loss": 0.10830572013711107
    }
  ],
  "epoch_14": [
    "output/004_vsb_naive_multirun/multirun/seed3/fold4/checkpoints/train.15.pth",
    0.6927517594333754,
    {
      "epoch_mcc": 0.6927517594333754,
      "mcc": 0.6895336874510661,
      "loss": 0.0799701448658417
    }
  ],
  "epoch_15": [
    "output/004_vsb_naive_multirun/multirun/seed3/fold4/checkpoints/train.16.pth",
    0.6905559279841911,
    {
      "epoch_mcc": 0.6905559279841911,
      "mcc": 0.6846159512488809,
      "loss": 0.07974068566129125
    }
  ],
  "epoch_16": [
    "output/004_vsb_naive_multirun/multirun/seed3/fold4/checkpoints/train.17.pth",
    0.7930463282411875,
    {
      "epoch_mcc": 0.7930463282411875,
      "mcc": 0.7868318520204775,
      "loss": 0.0670746346100651
    }
  ],
  "epoch_17": [
    "output/004_vsb_naive_multirun/multirun/seed3/fold4/checkpoints/train.18.pth",
    0.7059596128389822,
    {
      "epoch_mcc": 0.7059596128389822,
      "mcc": 0.6915319064784893,
      "loss": 0.08008482137630726
    }
  ],
  "epoch_18": [
    "output/004_vsb_naive_multirun/multirun/seed3/fold4/checkpoints/train.19.pth",
    0.7305507935779577,
    {
      "epoch_mcc": 0.7305507935779577,
      "mcc": 0.7321521068619307,
      "loss": 0.08435699276883027
    }
  ],
  "epoch_19": [
    "output/004_vsb_naive_multirun/multirun/seed3/fold4/checkpoints/train.20.pth",
    0.799776145912072,
    {
      "epoch_mcc": 0.799776145912072,
      "mcc": 0.7970426603324525,
      "loss": 0.06835047059274953
    }
  ],
  "epoch_20": [
    "output/004_vsb_naive_multirun/multirun/seed3/fold4/checkpoints/train.21.pth",
    0.7337913368879007,
    {
      "epoch_mcc": 0.7337913368879007,
      "mcc": 0.7413002798349531,
      "loss": 0.08185557502097097
    }
  ],
  "epoch_21": [
    "output/004_vsb_naive_multirun/multirun/seed3/fold4/checkpoints/train.22.pth",
    0.666373429860545,
    {
      "epoch_mcc": 0.666373429860545,
      "mcc": 0.6602514538503672,
      "loss": 0.08367214927385594
    }
  ],
  "epoch_22": [
    "output/004_vsb_naive_multirun/multirun/seed3/fold4/checkpoints/train.23.pth",
    0.7908305276525839,
    {
      "epoch_mcc": 0.7908305276525839,
      "mcc": 0.7846055566795606,
      "loss": 0.06855366271117638
    }
  ],
  "epoch_23": [
    "output/004_vsb_naive_multirun/multirun/seed3/fold4/checkpoints/train.24.pth",
    0.7123551699344425,
    {
      "epoch_mcc": 0.7123551699344425,
      "mcc": 0.7132701573559136,
      "loss": 0.08308738760393242
    }
  ],
  "epoch_24": [
    "output/004_vsb_naive_multirun/multirun/seed3/fold4/checkpoints/train.25.pth",
    0.700095046655819,
    {
      "epoch_mcc": 0.700095046655819,
      "mcc": 0.696486509770648,
      "loss": 0.09385912271923032
    }
  ],
  "epoch_25": [
    "output/004_vsb_naive_multirun/multirun/seed3/fold4/checkpoints/train.26.pth",
    0.6860637338413752,
    {
      "epoch_mcc": 0.6860637338413752,
      "mcc": 0.6768234970179869,
      "loss": 0.08237853863372885
    }
  ],
  "epoch_26": [
    "output/004_vsb_naive_multirun/multirun/seed3/fold4/checkpoints/train.27.pth",
    0.6427748731941806,
    {
      "epoch_mcc": 0.6427748731941806,
      "mcc": 0.6245854676828106,
      "loss": 0.11446023788945428
    }
  ],
  "epoch_27": [
    "output/004_vsb_naive_multirun/multirun/seed3/fold4/checkpoints/train.28.pth",
    0.7930463282411875,
    {
      "epoch_mcc": 0.7930463282411875,
      "mcc": 0.7868318520204775,
      "loss": 0.07327623182329639
    }
  ],
  "epoch_28": [
    "output/004_vsb_naive_multirun/multirun/seed3/fold4/checkpoints/train.29.pth",
    0.669827775334431,
    {
      "epoch_mcc": 0.669827775334431,
      "mcc": 0.6632227597868359,
      "loss": 0.1304340827567824
    }
  ],
  "epoch_29": [
    "output/004_vsb_naive_multirun/multirun/seed3/fold4/checkpoints/train.30.pth",
    0.8107597159779163,
    {
      "epoch_mcc": 0.8107597159779163,
      "mcc": 0.8084577042163772,
      "loss": 0.08004133629387823
    }
  ],
  "epoch_30": [
    "output/004_vsb_naive_multirun/multirun/seed3/fold4/checkpoints/train.31.pth",
    0.7254446821731115,
    {
      "epoch_mcc": 0.7254446821731115,
      "mcc": 0.7267167915110875,
      "loss": 0.08400101869784553
    }
  ],