{
  "best": {
    "epoch_source_acc": 0.9923,
    "epoch_target_acc": 0.9078991223197422,
    "epoch_domain_auc": 0.7038168425730474,
    "source_acc": 0.9923057026641655,
    "target_acc": 0.9073943524848536,
    "domain_auc": 0.70436107386942,
    "loss": 0.6952315975280758
  },
  "last": {
    "epoch_source_acc": 0.9912,
    "epoch_target_acc": 0.9220086657038107,
    "epoch_domain_auc": 0.6411889234529496,
    "source_acc": 0.9912090551850568,
    "target_acc": 0.9216718823822184,
    "domain_auc": 0.6418991119049035,
    "loss": 0.7479774910025543
  },
  "train.39": {
    "epoch_source_acc": 0.9923,
    "epoch_target_acc": 0.9078991223197422,
    "epoch_domain_auc": 0.7038168425730474,
    "source_acc": 0.9923057026641655,
    "target_acc": 0.9073943524848536,
    "domain_auc": 0.70436107386942,
    "loss": 0.6952315975280758
  },
  "epoch_0": [
    "output/000_digits/checkpoints/train.1.pth",
    0.9765,
    {
      "epoch_source_acc": 0.9765,
      "epoch_target_acc": 0.5482724141762026,
      "epoch_domain_auc": 0.9637089378957892,
      "source_acc": 0.9766292490224432,
      "target_acc": 0.5480043006148564,
      "domain_auc": 0.9635409755896033,
      "loss": 0.4702790231179214
    }
  ],
  "epoch_1": [
    "output/000_digits/checkpoints/train.2.pth",
    0.9799,
    {
      "epoch_source_acc": 0.9799,
      "epoch_target_acc": 0.5492723030774358,
      "epoch_domain_auc": 0.16519813909565606,
      "source_acc": 0.9798847713240224,
      "target_acc": 0.5489848786135563,
      "domain_auc": 0.16577559237592618,
      "loss": 1.1317327914065574
    }
  ],
  "epoch_2": [
    "output/000_digits/checkpoints/train.3.pth",
    0.979,
    {
      "epoch_source_acc": 0.979,
      "epoch_target_acc": 0.5673814020664371,
      "epoch_domain_auc": 0.5056610209976669,
      "source_acc": 0.9788974883329346,
      "target_acc": 0.5670579454856284,
      "domain_auc": 0.5057728314175586,
      "loss": 0.8499533877982056
    }
  ],
  "epoch_3": [
    "output/000_digits/checkpoints/train.4.pth",
    0.9855,
    {
      "epoch_source_acc": 0.9855,
      "epoch_target_acc": 0.6452616375958227,
      "epoch_domain_auc": 0.7297693645150539,
      "source_acc": 0.9855704150529185,
      "target_acc": 0.6452002809298807,
      "domain_auc": 0.7294631171184818,
      "loss": 0.6837660815331704
    }
  ],
  "epoch_4": [
    "output/000_digits/checkpoints/train.5.pth",
    0.9855,
    {
      "epoch_source_acc": 0.9855,
      "epoch_target_acc": 0.7671369847794689,
      "epoch_domain_auc": 0.28654512831907564,
      "source_acc": 0.9854763464811538,
      "target_acc": 0.7665918089855316,
      "domain_auc": 0.28715796830915746,
      "loss": 0.8283223157794556
    }
  ],
  "epoch_5": [
    "output/000_digits/checkpoints/train.6.pth",
    0.9862,
    {
      "epoch_source_acc": 0.9862,
      "epoch_target_acc": 0.732140873236307,
      "epoch_domain_auc": 0.5991476280413288,
      "source_acc": 0.9861323178093074,
      "target_acc": 0.7319730843382899,
      "domain_auc": 0.5997618208153429,
      "loss": 0.7241963012758904
    }
  ],
  "epoch_6": [
    "output/000_digits/checkpoints/train.7.pth",
    0.9888,
    {
      "epoch_source_acc": 0.9888,
      "epoch_target_acc": 0.7899122319742251,
      "epoch_domain_auc": 0.4197382513054105,
      "source_acc": 0.9888233226189401,
      "target_acc": 0.7898122935054201,
      "domain_auc": 0.4204298665062603,
      "loss": 0.7629465985835195
    }
  ],
  "epoch_7": [
    "output/000_digits/checkpoints/train.8.pth",
    0.9874,
    {
      "epoch_source_acc": 0.9874,
      "epoch_target_acc": 0.804910565492723,
      "epoch_domain_auc": 0.8853463004110655,
      "source_acc": 0.9873376606503796,
      "target_acc": 0.8045013112638707,
      "domain_auc": 0.8855474339923041,
      "loss": 0.6402543952173818
    }
  ],
  "epoch_8": [
    "output/000_digits/checkpoints/train.9.pth",
    0.9841,
    {
      "epoch_source_acc": 0.9841,
      "epoch_target_acc": 0.7566937006999223,
      "epoch_domain_auc": 0.14993416287079214,
      "source_acc": 0.9840303557473159,
      "target_acc": 0.755814109179068,
      "domain_auc": 0.150197653873014,
      "loss": 0.8039887800140637
    }
  ],
  "epoch_9": [
    "output/000_digits/checkpoints/train.10.pth",
    0.9872,
    {
      "epoch_source_acc": 0.9872,
      "epoch_target_acc": 0.7618042439728919,
      "epoch_domain_auc": 0.8270247305854905,
      "source_acc": 0.9872222837376314,
      "target_acc": 0.7615389664584264,
      "domain_auc": 0.8272731414282338,
      "loss": 0.6589993625325622
    }
  ],
  "epoch_10": [
    "output/000_digits/checkpoints/train.11.pth",
    0.9874,
    {
      "epoch_source_acc": 0.9874,
      "epoch_target_acc": 0.7682479724475059,
      "epoch_domain_auc": 0.8520950394400622,
      "source_acc": 0.9873576096094482,
      "target_acc": 0.7679762535832538,
      "domain_auc": 0.8522778274748359,
      "loss": 0.6780462180317769
    }
  ],
  "epoch_11": [
    "output/000_digits/checkpoints/train.12.pth",
    0.9867,
    {
      "epoch_source_acc": 0.9867,
      "epoch_target_acc": 0.8182424175091656,
      "epoch_domain_auc": 0.825332479724475,
      "source_acc": 0.9867279309611545,
      "target_acc": 0.8179112431208668,
      "domain_auc": 0.8252940065031104,
      "loss": 0.6764015621131646
    }
  ],
  "epoch_12": [
    "output/000_digits/checkpoints/train.13.pth",
    0.9834,
    {
      "epoch_source_acc": 0.9834,
      "epoch_target_acc": 0.7499166759248972,
      "epoch_domain_auc": 0.1522923564048439,
      "source_acc": 0.9834211196375453,
      "target_acc": 0.7497909954871385,
      "domain_auc": 0.15244146045669107,
      "loss": 0.8489596974811433
    }
  ],
  "epoch_13": [
    "output/000_digits/checkpoints/train.14.pth",
    0.9888,
    {
      "epoch_source_acc": 0.9888,
      "epoch_target_acc": 0.8143539606710366,
      "epoch_domain_auc": 0.5056240251083213,
      "source_acc": 0.9886802134603528,
      "target_acc": 0.8137207825238706,
      "domain_auc": 0.5054732833442114,
      "loss": 0.8111444211063882
    }
  ],
  "epoch_14": [
    "output/000_digits/checkpoints/train.15.pth",
    0.9882,
    {
      "epoch_source_acc": 0.9882,
      "epoch_target_acc": 0.830574380624375,
      "epoch_domain_auc": 0.7814551994222865,
      "source_acc": 0.9882655273791316,
      "target_acc": 0.8306170583212444,
      "domain_auc": 0.7814964253694852,
      "loss": 0.7145109572421123
    }
  ],
  "epoch_15": [
    "output/000_digits/checkpoints/train.16.pth",
    0.9888,
    {
      "epoch_source_acc": 0.9888,
      "epoch_target_acc": 0.8519053438506833,
      "epoch_domain_auc": 0.7563073214087324,
      "source_acc": 0.9887326240456898,
      "target_acc": 0.851236757975676,
      "domain_auc": 0.7568694570350989,
      "loss": 0.6805349431579465
    }
  ],
  "epoch_16": [
    "output/000_digits/checkpoints/train.17.pth",
    0.9883,
    {
      "epoch_source_acc": 0.9883,
      "epoch_target_acc": 0.839906677035885,
      "epoch_domain_auc": 0.8202006443728475,
      "source_acc": 0.9882819941357172,
      "target_acc": 0.8393781865031913,
      "domain_auc": 0.8203793413650341,
      "loss": 0.6840182645597822
    }
  ],
  "epoch_17": [
    "output/000_digits/checkpoints/train.18.pth",
    0.9889,
    {
      "epoch_source_acc": 0.9889,
      "epoch_target_acc": 0.7985779357849128,
      "epoch_domain_auc": 0.7586579435618266,
      "source_acc": 0.9887808199331047,
      "target_acc": 0.7981762211375611,
      "domain_auc": 0.7595979081928009,
      "loss": 0.6941388969101167
    }
  ],
  "epoch_18": [
    "output/000_digits/checkpoints/train.19.pth",
    0.9887,
    {
      "epoch_source_acc": 0.9887,
      "epoch_target_acc": 0.8427952449727808,
      "epoch_domain_auc": 0.7119412843017443,
      "source_acc": 0.9886514811708812,
      "target_acc": 0.8427544959870557,
      "domain_auc": 0.7123890007574508,
      "loss": 0.7017924717354603
    }
  ],