{
  "best": {
    "epoch_mcc": 0.7808326175522479,
    "mcc": 0.792229941479258,
    "loss": 0.09331213579017816
  },
  "last": {
    "epoch_mcc": 0.691425344195758,
    "mcc": 0.7133249477032569,
    "loss": 0.16058257740253837
  },
  "train.22": {
    "epoch_mcc": 0.7808326175522479,
    "mcc": 0.792229941479258,
    "loss": 0.09331213579017816
  },
  "epoch_0": [
    "output/004_vsb_naive_multirun/multirun/seed4/fold1/checkpoints/train.1.pth",
    0.6378378378443359,
    {
      "epoch_mcc": 0.6378378378443359,
      "mcc": 0.6427629110983369,
      "loss": 0.11090788183647261
    }
  ],
  "epoch_1": [
    "output/004_vsb_naive_multirun/multirun/seed4/fold1/checkpoints/train.2.pth",
    0.6155120297510608,
    {
      "epoch_mcc": 0.6155120297510608,
      "mcc": 0.6226620470895204,
      "loss": 0.11476378460861934
    }
  ],
  "epoch_2": [
    "output/004_vsb_naive_multirun/multirun/seed4/fold1/checkpoints/train.3.pth",
    0.5421765449333524,
    {
      "epoch_mcc": 0.5421765449333524,
      "mcc": 0.5467786544785737,
      "loss": 0.13091699517429797
    }
  ],
  "epoch_3": [
    "output/004_vsb_naive_multirun/multirun/seed4/fold1/checkpoints/train.4.pth",
    0.7013701169095784,
    {
      "epoch_mcc": 0.7013701169095784,
      "mcc": 0.7061118749660374,
      "loss": 0.09427642199032893
    }
  ],
  "epoch_4": [
    "output/004_vsb_naive_multirun/multirun/seed4/fold1/checkpoints/train.5.pth",
    0.6951162093271308,
    {
      "epoch_mcc": 0.6951162093271308,
      "mcc": 0.7103576352381017,
      "loss": 0.09487558962863817
    }
  ],
  "epoch_5": [
    "output/004_vsb_naive_multirun/multirun/seed4/fold1/checkpoints/train.6.pth",
    0.7375989968358284,
    {
      "epoch_mcc": 0.7375989968358284,
      "mcc": 0.7580718359594202,
      "loss": 0.10902847603553338
    }
  ],
  "epoch_6": [
    "output/004_vsb_naive_multirun/multirun/seed4/fold1/checkpoints/train.7.pth",
    0.76309887869482,
    {
      "epoch_mcc": 0.76309887869482,
      "mcc": 0.7706693788272311,
      "loss": 0.0977386744266533
    }
  ],
  "epoch_7": [
    "output/004_vsb_naive_multirun/multirun/seed4/fold1/checkpoints/train.8.pth",
    0.5628188984738683,
    {
      "epoch_mcc": 0.5628188984738683,
      "mcc": 0.5760145960251845,
      "loss": 0.19053886181926563
    }
  ],
  "epoch_8": [
    "output/004_vsb_naive_multirun/multirun/seed4/fold1/checkpoints/train.9.pth",
    0.5702562701916791,
    {
      "epoch_mcc": 0.5702562701916791,
      "mcc": 0.5740206416034528,
      "loss": 0.11398707861128855
    }
  ],
  "epoch_9": [
    "output/004_vsb_naive_multirun/multirun/seed4/fold1/checkpoints/train.10.pth",
    0.7000567273652508,
    {
      "epoch_mcc": 0.7000567273652508,
      "mcc": 0.7152764141471946,
      "loss": 0.11024493150887514
    }
  ],
  "epoch_10": [
    "output/004_vsb_naive_multirun/multirun/seed4/fold1/checkpoints/train.11.pth",
    0.6909282385461033,
    {
      "epoch_mcc": 0.6909282385461033,
      "mcc": 0.7032841408144366,
      "loss": 0.10141509240445089
    }
  ],
  "epoch_11": [
    "output/004_vsb_naive_multirun/multirun/seed4/fold1/checkpoints/train.12.pth",
    0.7150632891302477,
    {
      "epoch_mcc": 0.7150632891302477,
      "mcc": 0.7256697928575,
      "loss": 0.09653897650167988
    }
  ],
  "epoch_12": [
    "output/004_vsb_naive_multirun/multirun/seed4/fold1/checkpoints/train.13.pth",
    0.7516022226552233,
    {
      "epoch_mcc": 0.7516022226552233,
      "mcc": 0.7623954419546548,
      "loss": 0.09659843044211244
    }
  ],
  "epoch_13": [
    "output/004_vsb_naive_multirun/multirun/seed4/fold1/checkpoints/train.14.pth",
    0.5425394192464722,
    {
      "epoch_mcc": 0.5425394192464722,
      "mcc": 0.5762233497428513,
      "loss": 0.11464233691331237
    }
  ],
  "epoch_14": [
    "output/004_vsb_naive_multirun/multirun/seed4/fold1/checkpoints/train.15.pth",
    0.6526954006557621,
    {
      "epoch_mcc": 0.6526954006557621,
      "mcc": 0.6657217145113953,
      "loss": 0.1569744474454919
    }
  ],
  "epoch_15": [
    "output/004_vsb_naive_multirun/multirun/seed4/fold1/checkpoints/train.16.pth",
    0.6491392713795248,
    {
      "epoch_mcc": 0.6491392713795248,
      "mcc": 0.6617646713338775,
      "loss": 0.09938204337212797
    }
  ],
  "epoch_16": [
    "output/004_vsb_naive_multirun/multirun/seed4/fold1/checkpoints/train.17.pth",
    0.6914140961895843,
    {
      "epoch_mcc": 0.6914140961895843,
      "mcc": 0.7155831920040814,
      "loss": 0.11644955995058234
    }
  ],
  "epoch_17": [
    "output/004_vsb_naive_multirun/multirun/seed4/fold1/checkpoints/train.18.pth",
    0.7334862385317362,
    {
      "epoch_mcc": 0.7334862385317362,
      "mcc": 0.745302448741805,
      "loss": 0.10380753831178104
    }
  ],
  "epoch_18": [
    "output/004_vsb_naive_multirun/multirun/seed4/fold1/checkpoints/train.19.pth",
    0.7478187077077585,
    {
      "epoch_mcc": 0.7478187077077585,
      "mcc": 0.7511988378484419,
      "loss": 0.11128311685050826
    }
  ],
  "epoch_19": [
    "output/004_vsb_naive_multirun/multirun/seed4/fold1/checkpoints/train.20.pth",
    0.6434840065120163,
    {
      "epoch_mcc": 0.6434840065120163,
      "mcc": 0.6591294719401505,
      "loss": 0.11508060904562781
    }
  ],
  "epoch_20": [
    "output/004_vsb_naive_multirun/multirun/seed4/fold1/checkpoints/train.21.pth",
    0.6820536282526075,
    {
      "epoch_mcc": 0.6820536282526075,
      "mcc": 0.6909674950945458,
      "loss": 0.1055235509566719
    }
  ],
  "epoch_21": [
    "output/004_vsb_naive_multirun/multirun/seed4/fold1/checkpoints/train.22.pth",
    0.7808326175522479,
    {
      "epoch_mcc": 0.7808326175522479,
      "mcc": 0.792229941479258,
      "loss": 0.09331213579017816
    }
  ],
  "epoch_22": [
    "output/004_vsb_naive_multirun/multirun/seed4/fold1/checkpoints/train.23.pth",
    0.7013551460582699,
    {
      "epoch_mcc": 0.7013551460582699,
      "mcc": 0.7181971491335225,
      "loss": 0.09770630761698888
    }
  ],
  "epoch_23": [
    "output/004_vsb_naive_multirun/multirun/seed4/fold1/checkpoints/train.24.pth",
    0.7478187077077585,
    {
      "epoch_mcc": 0.7478187077077585,
      "mcc": 0.7679338694112586,
      "loss": 0.09824652515877545
    }
  ],
  "epoch_24": [
    "output/004_vsb_naive_multirun/multirun/seed4/fold1/checkpoints/train.25.pth",
    0.7267238559031224,
    {
      "epoch_mcc": 0.7267238559031224,
      "mcc": 0.7314330201646145,
      "loss": 0.10537864652537643
    }
  ],
  "epoch_25": [
    "output/004_vsb_naive_multirun/multirun/seed4/fold1/checkpoints/train.26.pth",
    0.5787754809557367,
    {
      "epoch_mcc": 0.5787754809557367,
      "mcc": 0.5851633065518886,
      "loss": 0.1547605501497469
    }
  ],
  "epoch_26": [
    "output/004_vsb_naive_multirun/multirun/seed4/fold1/checkpoints/train.27.pth",
    0.7584142148617222,
    {
      "epoch_mcc": 0.7584142148617222,
      "mcc": 0.7755039710383143,
      "loss": 0.09374291533139405
    }
  ],
  "epoch_27": [
    "output/004_vsb_naive_multirun/multirun/seed4/fold1/checkpoints/train.28.pth",
    0.6755118137614066,
    {
      "epoch_mcc": 0.6755118137614066,
      "mcc": 0.6890213245478864,
      "loss": 0.09512853867369551
    }
  ],
  "epoch_28": [
    "output/004_vsb_naive_multirun/multirun/seed4/fold1/checkpoints/train.29.pth",
    0.669496836133266,
    {
      "epoch_mcc": 0.669496836133266,
      "mcc": 0.6755006434899521,
      "loss": 0.12235596996576568
    }
  ],
  "epoch_29": [
    "output/004_vsb_naive_multirun/multirun/seed4/fold1/checkpoints/train.30.pth",
    0.5604456185577334,
    {
      "epoch_mcc": 0.5604456185577334,
      "mcc": 0.5522584808603619,
      "loss": 0.20378757261778524
    }
  ],
  "epoch_30": [
    "output/004_vsb_naive_multirun/multirun/seed4/fold1/checkpoints/train.31.pth",
    0.7097225239833197,
    {
      "epoch_mcc": 0.7097225239833197,
      "mcc": 0.7180944959820644,
      "loss": 0.105591266244496
    }
  ],