{
  "best": {
    "epoch_mcc": 0.796668535507442,
    "mcc": 0.8026511336503892,
    "loss": 0.13943682877721966
  },
  "last": {
    "epoch_mcc": 0.6850581056126488,
    "mcc": 0.6903367777265857,
    "loss": 0.12067189822919193
  },
  "train.10": {
    "epoch_mcc": 0.796668535507442,
    "mcc": 0.8026511336503892,
    "loss": 0.13943682877721966
  },
  "epoch_0": [
    "output/004_vsb_naive_multirun/multirun/seed4/fold1/checkpoints/train.1.pth",
    0.5504653794188282,
    {
      "epoch_mcc": 0.5504653794188282,
      "mcc": 0.5525300137057121,
      "loss": 0.45287320433303124
    }
  ],
  "epoch_1": [
    "output/004_vsb_naive_multirun/multirun/seed4/fold1/checkpoints/train.2.pth",
    0.6658930591476528,
    {
      "epoch_mcc": 0.6658930591476528,
      "mcc": 0.6694510419991357,
      "loss": 0.23647685625979906
    }
  ],
  "epoch_2": [
    "output/004_vsb_naive_multirun/multirun/seed4/fold1/checkpoints/train.3.pth",
    0.5189560171843557,
    {
      "epoch_mcc": 0.5189560171843557,
      "mcc": 0.5289991352442548,
      "loss": 0.4032921846988074
    }
  ],
  "epoch_3": [
    "output/004_vsb_naive_multirun/multirun/seed4/fold1/checkpoints/train.4.pth",
    0.626424956964329,
    {
      "epoch_mcc": 0.626424956964329,
      "mcc": 0.6322036252066571,
      "loss": 0.2124816384711487
    }
  ],
  "epoch_4": [
    "output/004_vsb_naive_multirun/multirun/seed4/fold1/checkpoints/train.5.pth",
    0.4847921943855586,
    {
      "epoch_mcc": 0.4847921943855586,
      "mcc": 0.4983411796323662,
      "loss": 0.35068425992680086
    }
  ],
  "epoch_5": [
    "output/004_vsb_naive_multirun/multirun/seed4/fold1/checkpoints/train.6.pth",
    0.5143009834836574,
    {
      "epoch_mcc": 0.5143009834836574,
      "mcc": 0.5169049848349352,
      "loss": 0.3303064858338919
    }
  ],
  "epoch_6": [
    "output/004_vsb_naive_multirun/multirun/seed4/fold1/checkpoints/train.7.pth",
    0.7546849570152068,
    {
      "epoch_mcc": 0.7546849570152068,
      "mcc": 0.7614900220319444,
      "loss": 0.14346097414854678
    }
  ],
  "epoch_7": [
    "output/004_vsb_naive_multirun/multirun/seed4/fold1/checkpoints/train.8.pth",
    0.7298846804599961,
    {
      "epoch_mcc": 0.7298846804599961,
      "mcc": 0.7410302613547604,
      "loss": 0.15642176709569056
    }
  ],
  "epoch_8": [
    "output/004_vsb_naive_multirun/multirun/seed4/fold1/checkpoints/train.9.pth",
    0.7196220259517582,
    {
      "epoch_mcc": 0.7196220259517582,
      "mcc": 0.7196530116878841,
      "loss": 0.2921211190662778
    }
  ],
  "epoch_9": [
    "output/004_vsb_naive_multirun/multirun/seed4/fold1/checkpoints/train.10.pth",
    0.796668535507442,
    {
      "epoch_mcc": 0.796668535507442,
      "mcc": 0.8026511336503892,
      "loss": 0.13943682877721966
    }
  ],
  "epoch_10": [
    "output/004_vsb_naive_multirun/multirun/seed4/fold1/checkpoints/train.11.pth",
    0.7553008458399425,
    {
      "epoch_mcc": 0.7553008458399425,
      "mcc": 0.7689958962262612,
      "loss": 0.20309695147503673
    }
  ],
  "epoch_11": [
    "output/004_vsb_naive_multirun/multirun/seed4/fold1/checkpoints/train.12.pth",
    0.7808326175522479,
    {
      "epoch_mcc": 0.7808326175522479,
      "mcc": 0.7926316170195995,
      "loss": 0.12114304591374225
    }
  ],
  "epoch_12": [
    "output/004_vsb_naive_multirun/multirun/seed4/fold1/checkpoints/train.13.pth",
    0.6755118137614066,
    {
      "epoch_mcc": 0.6755118137614066,
      "mcc": 0.6822581532223507,
      "loss": 0.13222879699708673
    }
  ],
  "epoch_13": [
    "output/004_vsb_naive_multirun/multirun/seed4/fold1/checkpoints/train.14.pth",
    0.7038735983686524,
    {
      "epoch_mcc": 0.7038735983686524,
      "mcc": 0.7133644484226368,
      "loss": 0.164188394294138
    }
  ],
  "epoch_14": [
    "output/004_vsb_naive_multirun/multirun/seed4/fold1/checkpoints/train.15.pth",
    0.7097225239833197,
    {
      "epoch_mcc": 0.7097225239833197,
      "mcc": 0.7253706294989153,
      "loss": 0.16749065337308303
    }
  ],
  "epoch_15": [
    "output/004_vsb_naive_multirun/multirun/seed4/fold1/checkpoints/train.16.pth",
    0.727899918850555,
    {
      "epoch_mcc": 0.727899918850555,
      "mcc": 0.7381945992849083,
      "loss": 0.12570568781968033
    }
  ],
  "epoch_16": [
    "output/004_vsb_naive_multirun/multirun/seed4/fold1/checkpoints/train.17.pth",
    0.7334862385317362,
    {
      "epoch_mcc": 0.7334862385317362,
      "mcc": 0.7345683359876326,
      "loss": 0.13134545304535178
    }
  ],
  "epoch_17": [
    "output/004_vsb_naive_multirun/multirun/seed4/fold1/checkpoints/train.18.pth",
    0.6226599753878038,
    {
      "epoch_mcc": 0.6226599753878038,
      "mcc": 0.6284551222003987,
      "loss": 0.2651008098753307
    }
  ],
  "epoch_18": [
    "output/004_vsb_naive_multirun/multirun/seed4/fold1/checkpoints/train.19.pth",
    0.7750736561654454,
    {
      "epoch_mcc": 0.7750736561654454,
      "mcc": 0.7763714616982869,
      "loss": 0.10952919294573558
    }
  ],
  "epoch_19": [
    "output/004_vsb_naive_multirun/multirun/seed4/fold1/checkpoints/train.20.pth",
    0.7750736561654454,
    {
      "epoch_mcc": 0.7750736561654454,
      "mcc": 0.7856909297037123,
      "loss": 0.1369121010686157
    }
  ],
  "epoch_20": [
    "output/004_vsb_naive_multirun/multirun/seed4/fold1/checkpoints/train.21.pth",
    0.6755118137614066,
    {
      "epoch_mcc": 0.6755118137614066,
      "mcc": 0.6826631536796477,
      "loss": 0.1089215720787311
    }
  ],
  "epoch_21": [
    "output/004_vsb_naive_multirun/multirun/seed4/fold1/checkpoints/train.22.pth",
    0.6890135898097761,
    {
      "epoch_mcc": 0.6890135898097761,
      "mcc": 0.6967150172124247,
      "loss": 0.14492392819535097
    }
  ],
  "epoch_22": [
    "output/004_vsb_naive_multirun/multirun/seed4/fold1/checkpoints/train.23.pth",
    0.7334862385317362,
    {
      "epoch_mcc": 0.7334862385317362,
      "mcc": 0.7463183440022235,
      "loss": 0.1368087496281491
    }
  ],
  "epoch_23": [
    "output/004_vsb_naive_multirun/multirun/seed4/fold1/checkpoints/train.24.pth",
    0.6890135898097761,
    {
      "epoch_mcc": 0.6890135898097761,
      "mcc": 0.6903506074349168,
      "loss": 0.1030284223401608
    }
  ],
  "epoch_24": [
    "output/004_vsb_naive_multirun/multirun/seed4/fold1/checkpoints/train.25.pth",
    0.6351302536751008,
    {
      "epoch_mcc": 0.6351302536751008,
      "mcc": 0.633602232933598,
      "loss": 0.10425047099385122
    }
  ],
  "epoch_25": [
    "output/004_vsb_naive_multirun/multirun/seed4/fold1/checkpoints/train.26.pth",
    0.7899394791526907,
    {
      "epoch_mcc": 0.7899394791526907,
      "mcc": 0.7945374513700317,
      "loss": 0.10251559651811029
    }
  ],
  "epoch_26": [
    "output/004_vsb_naive_multirun/multirun/seed4/fold1/checkpoints/train.27.pth",
    0.6931229280250475,
    {
      "epoch_mcc": 0.6931229280250475,
      "mcc": 0.7042745375047177,
      "loss": 0.11566120843930416
    }
  ],
  "epoch_27": [
    "output/004_vsb_naive_multirun/multirun/seed4/fold1/checkpoints/train.28.pth",
    0.70884563096842,
    {
      "epoch_mcc": 0.70884563096842,
      "mcc": 0.7154555941134216,
      "loss": 0.1179837860461972
    }
  ],
  "epoch_28": [
    "output/004_vsb_naive_multirun/multirun/seed4/fold1/checkpoints/train.29.pth",
    0.7080458806960408,
    {
      "epoch_mcc": 0.7080458806960408,
      "mcc": 0.7153755568504877,
      "loss": 0.10141419736017664
    }
  ],
  "epoch_29": [
    "output/004_vsb_naive_multirun/multirun/seed4/fold1/checkpoints/train.30.pth",
    0.7516022226552233,
    {
      "epoch_mcc": 0.7516022226552233,
      "mcc": 0.7648994315634898,
      "loss": 0.09806658981589154
    }
  ],
  "epoch_30": [
    "output/004_vsb_naive_multirun/multirun/seed4/fold1/checkpoints/train.31.pth",
    0.7203079062324996,
    {
      "epoch_mcc": 0.7203079062324996,
      "mcc": 0.7280448840865745,
      "loss": 0.1151084753070764
    }
  ],