{
  "best": {
    "epoch_mcc": 0.796668535507442,
    "mcc": 0.7924033477738816,
    "loss": 0.11283391767955687
  },
  "last": {
    "epoch_mcc": 0.6951162093271308,
    "mcc": 0.7030244391241504,
    "loss": 0.09632591887821224
  },
  "train.20": {
    "epoch_mcc": 0.796668535507442,
    "mcc": 0.7924033477738816,
    "loss": 0.11283391767955687
  },
  "epoch_0": [
    "output/004_vsb_naive_multirun/multirun/seed3/fold3/checkpoints/train.1.pth",
    0.6624350168043275,
    {
      "epoch_mcc": 0.6624350168043275,
      "mcc": 0.6642112083303264,
      "loss": 0.40885341593197416
    }
  ],
  "epoch_1": [
    "output/004_vsb_naive_multirun/multirun/seed3/fold3/checkpoints/train.2.pth",
    0.539578048795819,
    {
      "epoch_mcc": 0.539578048795819,
      "mcc": 0.5401618241462113,
      "loss": 0.43892854816326793
    }
  ],
  "epoch_2": [
    "output/004_vsb_naive_multirun/multirun/seed3/fold3/checkpoints/train.3.pth",
    0.7000567273652508,
    {
      "epoch_mcc": 0.7000567273652508,
      "mcc": 0.7007734356703852,
      "loss": 0.2592706726463239
    }
  ],
  "epoch_3": [
    "output/004_vsb_naive_multirun/multirun/seed3/fold3/checkpoints/train.4.pth",
    0.623046674796648,
    {
      "epoch_mcc": 0.623046674796648,
      "mcc": 0.6303181417099897,
      "loss": 0.27408293500004044
    }
  ],
  "epoch_4": [
    "output/004_vsb_naive_multirun/multirun/seed3/fold3/checkpoints/train.5.pth",
    0.6830369396522065,
    {
      "epoch_mcc": 0.6830369396522065,
      "mcc": 0.6832358751820452,
      "loss": 0.4388097447700632
    }
  ],
  "epoch_5": [
    "output/004_vsb_naive_multirun/multirun/seed3/fold3/checkpoints/train.6.pth",
    0.7388904976777009,
    {
      "epoch_mcc": 0.7388904976777009,
      "mcc": 0.7427961806547023,
      "loss": 0.18681749191115932
    }
  ],
  "epoch_6": [
    "output/004_vsb_naive_multirun/multirun/seed3/fold3/checkpoints/train.7.pth",
    0.6519209838700094,
    {
      "epoch_mcc": 0.6519209838700094,
      "mcc": 0.6554528702235417,
      "loss": 0.18162003903298699
    }
  ],
  "epoch_7": [
    "output/004_vsb_naive_multirun/multirun/seed3/fold3/checkpoints/train.8.pth",
    0.7606836283739793,
    {
      "epoch_mcc": 0.7606836283739793,
      "mcc": 0.7608946755529217,
      "loss": 0.13343451140054122
    }
  ],
  "epoch_8": [
    "output/004_vsb_naive_multirun/multirun/seed3/fold3/checkpoints/train.9.pth",
    0.7927115188579038,
    {
      "epoch_mcc": 0.7927115188579038,
      "mcc": 0.7925122437133382,
      "loss": 0.12766847411962468
    }
  ],
  "epoch_9": [
    "output/004_vsb_naive_multirun/multirun/seed3/fold3/checkpoints/train.10.pth",
    0.6641529004121258,
    {
      "epoch_mcc": 0.6641529004121258,
      "mcc": 0.6788638132608957,
      "loss": 0.15262773263680135
    }
  ],
  "epoch_10": [
    "output/004_vsb_naive_multirun/multirun/seed3/fold3/checkpoints/train.11.pth",
    0.7385563411121259,
    {
      "epoch_mcc": 0.7385563411121259,
      "mcc": 0.7359875097613695,
      "loss": 0.1947926274419036
    }
  ],
  "epoch_11": [
    "output/004_vsb_naive_multirun/multirun/seed3/fold3/checkpoints/train.12.pth",
    0.6752706515196818,
    {
      "epoch_mcc": 0.6752706515196818,
      "mcc": 0.6748895159934493,
      "loss": 0.11474410616335894
    }
  ],
  "epoch_12": [
    "output/004_vsb_naive_multirun/multirun/seed3/fold3/checkpoints/train.13.pth",
    0.727899918850555,
    {
      "epoch_mcc": 0.727899918850555,
      "mcc": 0.7174058434747952,
      "loss": 0.12383550992828639
    }
  ],
  "epoch_13": [
    "output/004_vsb_naive_multirun/multirun/seed3/fold3/checkpoints/train.14.pth",
    0.7102774740626603,
    {
      "epoch_mcc": 0.7102774740626603,
      "mcc": 0.7104519910028172,
      "loss": 0.16442863030195645
    }
  ],
  "epoch_14": [
    "output/004_vsb_naive_multirun/multirun/seed3/fold3/checkpoints/train.15.pth",
    0.6400481956568514,
    {
      "epoch_mcc": 0.6400481956568514,
      "mcc": 0.6432948638531665,
      "loss": 0.28024690994502344
    }
  ],
  "epoch_15": [
    "output/004_vsb_naive_multirun/multirun/seed3/fold3/checkpoints/train.16.pth",
    0.4881294152025419,
    {
      "epoch_mcc": 0.4881294152025419,
      "mcc": 0.46931614909937325,
      "loss": 0.16024231388780213
    }
  ],
  "epoch_16": [
    "output/004_vsb_naive_multirun/multirun/seed3/fold3/checkpoints/train.17.pth",
    0.7454702638987237,
    {
      "epoch_mcc": 0.7454702638987237,
      "mcc": 0.7560923904990863,
      "loss": 0.13405280407652798
    }
  ],
  "epoch_17": [
    "output/004_vsb_naive_multirun/multirun/seed3/fold3/checkpoints/train.18.pth",
    0.7571392542808572,
    {
      "epoch_mcc": 0.7571392542808572,
      "mcc": 0.7583072391749911,
      "loss": 0.1230166050735316
    }
  ],
  "epoch_18": [
    "output/004_vsb_naive_multirun/multirun/seed3/fold3/checkpoints/train.19.pth",
    0.7267238559031224,
    {
      "epoch_mcc": 0.7267238559031224,
      "mcc": 0.7238566617479839,
      "loss": 0.10081295469028814
    }
  ],
  "epoch_19": [
    "output/004_vsb_naive_multirun/multirun/seed3/fold3/checkpoints/train.20.pth",
    0.796668535507442,
    {
      "epoch_mcc": 0.796668535507442,
      "mcc": 0.7924033477738816,
      "loss": 0.11283391767955687
    }
  ],
  "epoch_20": [
    "output/004_vsb_naive_multirun/multirun/seed3/fold3/checkpoints/train.21.pth",
    0.5883926596577903,
    {
      "epoch_mcc": 0.5883926596577903,
      "mcc": 0.5839097757596199,
      "loss": 0.1508893990783396
    }
  ],
  "epoch_21": [
    "output/004_vsb_naive_multirun/multirun/seed3/fold3/checkpoints/train.22.pth",
    0.6331495471371922,
    {
      "epoch_mcc": 0.6331495471371922,
      "mcc": 0.640627511892265,
      "loss": 0.09813634021505842
    }
  ],
  "epoch_22": [
    "output/004_vsb_naive_multirun/multirun/seed3/fold3/checkpoints/train.23.pth",
    0.7388904976777009,
    {
      "epoch_mcc": 0.7388904976777009,
      "mcc": 0.7366039651066139,
      "loss": 0.1493522767458438
    }
  ],
  "epoch_23": [
    "output/004_vsb_naive_multirun/multirun/seed3/fold3/checkpoints/train.24.pth",
    0.6951162093271308,
    {
      "epoch_mcc": 0.6951162093271308,
      "mcc": 0.6932324289999436,
      "loss": 0.09224634685532772
    }
  ],
  "epoch_24": [
    "output/004_vsb_naive_multirun/multirun/seed3/fold3/checkpoints/train.25.pth",
    0.7388904976777009,
    {
      "epoch_mcc": 0.7388904976777009,
      "mcc": 0.7534229460521993,
      "loss": 0.1137492075023881
    }
  ],
  "epoch_25": [
    "output/004_vsb_naive_multirun/multirun/seed3/fold3/checkpoints/train.26.pth",
    0.7195030618033128,
    {
      "epoch_mcc": 0.7195030618033128,
      "mcc": 0.7048202183444078,
      "loss": 0.09962326419025198
    }
  ],
  "epoch_26": [
    "output/004_vsb_naive_multirun/multirun/seed3/fold3/checkpoints/train.27.pth",
    0.6331495471371922,
    {
      "epoch_mcc": 0.6331495471371922,
      "mcc": 0.640627511892265,
      "loss": 0.12237945227224938
    }
  ],
  "epoch_27": [
    "output/004_vsb_naive_multirun/multirun/seed3/fold3/checkpoints/train.28.pth",
    0.691425344195758,
    {
      "epoch_mcc": 0.691425344195758,
      "mcc": 0.6927875924144721,
      "loss": 0.13394442446876106
    }
  ],
  "epoch_28": [
    "output/004_vsb_naive_multirun/multirun/seed3/fold3/checkpoints/train.29.pth",
    0.7038735983686524,
    {
      "epoch_mcc": 0.7038735983686524,
      "mcc": 0.7007493604097523,
      "loss": 0.20895574584269894
    }
  ],
  "epoch_29": [
    "output/004_vsb_naive_multirun/multirun/seed3/fold3/checkpoints/train.30.pth",
    0.6843211665914187,
    {
      "epoch_mcc": 0.6843211665914187,
      "mcc": 0.6826178111470057,
      "loss": 0.10402543687625514
    }
  ],
  "epoch_30": [
    "output/004_vsb_naive_multirun/multirun/seed3/fold3/checkpoints/train.31.pth",
    0.70884563096842,
    {
      "epoch_mcc": 0.70884563096842,
      "mcc": 0.7083210266689913,
      "loss": 0.09008686689470803
    }
  ],