{
  "best": {
    "epoch_mcc": 0.7465774673822606,
    "mcc": 0.754576261072931,
    "loss": 0.14576789248164057
  },
  "last": {
    "epoch_mcc": 0.5876433185730329,
    "mcc": 0.593911670297024,
    "loss": 0.11870636735848838
  },
  "train.14": {
    "epoch_mcc": 0.7465774673822606,
    "mcc": 0.754576261072931,
    "loss": 0.14576789248164057
  },
  "epoch_0": [
    "output/004_vsb_naive_multirun/multirun/seed7/fold2/checkpoints/train.1.pth",
    0.33535623603789333,
    {
      "epoch_mcc": 0.33535623603789333,
      "mcc": 0.33675831422845776,
      "loss": 0.5990867282355303
    }
  ],
  "epoch_1": [
    "output/004_vsb_naive_multirun/multirun/seed7/fold2/checkpoints/train.2.pth",
    0.6128441464572957,
    {
      "epoch_mcc": 0.6128441464572957,
      "mcc": 0.6184639428180132,
      "loss": 0.39068277582859623
    }
  ],
  "epoch_2": [
    "output/004_vsb_naive_multirun/multirun/seed7/fold2/checkpoints/train.3.pth",
    0.6295487902802823,
    {
      "epoch_mcc": 0.6295487902802823,
      "mcc": 0.6399766614664985,
      "loss": 0.23709237757627813
    }
  ],
  "epoch_3": [
    "output/004_vsb_naive_multirun/multirun/seed7/fold2/checkpoints/train.4.pth",
    0.7080458806960408,
    {
      "epoch_mcc": 0.7080458806960408,
      "mcc": 0.7178968786919819,
      "loss": 0.30060580731874487
    }
  ],
  "epoch_4": [
    "output/004_vsb_naive_multirun/multirun/seed7/fold2/checkpoints/train.5.pth",
    0.681846051130811,
    {
      "epoch_mcc": 0.681846051130811,
      "mcc": 0.6878939577045392,
      "loss": 0.2579777137137526
    }
  ],
  "epoch_5": [
    "output/004_vsb_naive_multirun/multirun/seed7/fold2/checkpoints/train.6.pth",
    0.5949898558305198,
    {
      "epoch_mcc": 0.5949898558305198,
      "mcc": 0.6008240693210684,
      "loss": 0.18789662166840032
    }
  ],
  "epoch_6": [
    "output/004_vsb_naive_multirun/multirun/seed7/fold2/checkpoints/train.7.pth",
    0.6772012637143808,
    {
      "epoch_mcc": 0.6772012637143808,
      "mcc": 0.6839248708333487,
      "loss": 0.18723053063254758
    }
  ],
  "epoch_7": [
    "output/004_vsb_naive_multirun/multirun/seed7/fold2/checkpoints/train.8.pth",
    0.7331362564421996,
    {
      "epoch_mcc": 0.7331362564421996,
      "mcc": 0.7415750732708648,
      "loss": 0.22343530040394624
    }
  ],
  "epoch_8": [
    "output/004_vsb_naive_multirun/multirun/seed7/fold2/checkpoints/train.9.pth",
    0.6539065085543804,
    {
      "epoch_mcc": 0.6539065085543804,
      "mcc": 0.6599698689617881,
      "loss": 0.2030400870537799
    }
  ],
  "epoch_9": [
    "output/004_vsb_naive_multirun/multirun/seed7/fold2/checkpoints/train.10.pth",
    0.6489790566332303,
    {
      "epoch_mcc": 0.6489790566332303,
      "mcc": 0.6572005872168313,
      "loss": 0.24955366223588868
    }
  ],
  "epoch_10": [
    "output/004_vsb_naive_multirun/multirun/seed7/fold2/checkpoints/train.11.pth",
    0.5907888968738678,
    {
      "epoch_mcc": 0.5907888968738678,
      "mcc": 0.5998209155919344,
      "loss": 0.13005948564271713
    }
  ],
  "epoch_11": [
    "output/004_vsb_naive_multirun/multirun/seed7/fold2/checkpoints/train.12.pth",
    0.5676961520954644,
    {
      "epoch_mcc": 0.5676961520954644,
      "mcc": 0.5759263697137558,
      "loss": 0.2446408719850284
    }
  ],
  "epoch_12": [
    "output/004_vsb_naive_multirun/multirun/seed7/fold2/checkpoints/train.13.pth",
    0.6772012637143808,
    {
      "epoch_mcc": 0.6772012637143808,
      "mcc": 0.6828348491076177,
      "loss": 0.13504977308842073
    }
  ],
  "epoch_13": [
    "output/004_vsb_naive_multirun/multirun/seed7/fold2/checkpoints/train.14.pth",
    0.7465774673822606,
    {
      "epoch_mcc": 0.7465774673822606,
      "mcc": 0.754576261072931,
      "loss": 0.14576789248164057
    }
  ],
  "epoch_14": [
    "output/004_vsb_naive_multirun/multirun/seed7/fold2/checkpoints/train.15.pth",
    0.3844564872114867,
    {
      "epoch_mcc": 0.3844564872114867,
      "mcc": 0.3882140934949952,
      "loss": 0.36968389635652354
    }
  ],
  "epoch_15": [
    "output/004_vsb_naive_multirun/multirun/seed7/fold2/checkpoints/train.16.pth",
    0.6279867071918642,
    {
      "epoch_mcc": 0.6279867071918642,
      "mcc": 0.6411401281530895,
      "loss": 0.38465912042509465
    }
  ],
  "epoch_16": [
    "output/004_vsb_naive_multirun/multirun/seed7/fold2/checkpoints/train.17.pth",
    0.7167117428323535,
    {
      "epoch_mcc": 0.7167117428323535,
      "mcc": 0.7151760688655285,
      "loss": 0.14375146069337907
    }
  ],
  "epoch_17": [
    "output/004_vsb_naive_multirun/multirun/seed7/fold2/checkpoints/train.18.pth",
    0.5312079732566437,
    {
      "epoch_mcc": 0.5312079732566437,
      "mcc": 0.5394787182856199,
      "loss": 0.2426237505756434
    }
  ],
  "epoch_18": [
    "output/004_vsb_naive_multirun/multirun/seed7/fold2/checkpoints/train.19.pth",
    0.5131021860168711,
    {
      "epoch_mcc": 0.5131021860168711,
      "mcc": 0.5179680816150103,
      "loss": 0.18624494749276854
    }
  ],
  "epoch_19": [
    "output/004_vsb_naive_multirun/multirun/seed7/fold2/checkpoints/train.20.pth",
    0.7000280245418623,
    {
      "epoch_mcc": 0.7000280245418623,
      "mcc": 0.7082257225669657,
      "loss": 0.1110900860029736
    }
  ],
  "epoch_20": [
    "output/004_vsb_naive_multirun/multirun/seed7/fold2/checkpoints/train.21.pth",
    0.6489790566332303,
    {
      "epoch_mcc": 0.6489790566332303,
      "mcc": 0.6674847267904982,
      "loss": 0.20798939081764878
    }
  ],
  "epoch_21": [
    "output/004_vsb_naive_multirun/multirun/seed7/fold2/checkpoints/train.22.pth",
    0.7143155478174341,
    {
      "epoch_mcc": 0.7143155478174341,
      "mcc": 0.7221957517683447,
      "loss": 0.10570901772087495
    }
  ],
  "epoch_22": [
    "output/004_vsb_naive_multirun/multirun/seed7/fold2/checkpoints/train.23.pth",
    0.2286771214357396,
    {
      "epoch_mcc": 0.2286771214357396,
      "mcc": 0.15139343662514373,
      "loss": 0.1664395262062447
    }
  ],
  "epoch_23": [
    "output/004_vsb_naive_multirun/multirun/seed7/fold2/checkpoints/train.24.pth",
    0.7195030618033128,
    {
      "epoch_mcc": 0.7195030618033128,
      "mcc": 0.7284469022613189,
      "loss": 0.10491092692861868
    }
  ],
  "epoch_24": [
    "output/004_vsb_naive_multirun/multirun/seed7/fold2/checkpoints/train.25.pth",
    0.6850581056126488,
    {
      "epoch_mcc": 0.6850581056126488,
      "mcc": 0.6972030028477937,
      "loss": 0.1185355646128601
    }
  ],
  "epoch_25": [
    "output/004_vsb_naive_multirun/multirun/seed7/fold2/checkpoints/train.26.pth",
    0.2602063229559629,
    {
      "epoch_mcc": 0.2602063229559629,
      "mcc": 0.260354649426753,
      "loss": 0.5470201995820063
    }
  ],
  "epoch_26": [
    "output/004_vsb_naive_multirun/multirun/seed7/fold2/checkpoints/train.27.pth",
    0.7150632891302477,
    {
      "epoch_mcc": 0.7150632891302477,
      "mcc": 0.7189128341760306,
      "loss": 0.10696363790207598
    }
  ],
  "epoch_27": [
    "output/004_vsb_naive_multirun/multirun/seed7/fold2/checkpoints/train.28.pth",
    0.43030172508670506,
    {
      "epoch_mcc": 0.43030172508670506,
      "mcc": 0.4322848695582514,
      "loss": 0.3625722590083715
    }
  ],
  "epoch_28": [
    "output/004_vsb_naive_multirun/multirun/seed7/fold2/checkpoints/train.29.pth",
    0.6554730132369709,
    {
      "epoch_mcc": 0.6554730132369709,
      "mcc": 0.6627560982954271,
      "loss": 0.12136412579918893
    }
  ],
  "epoch_29": [
    "output/004_vsb_naive_multirun/multirun/seed7/fold2/checkpoints/train.30.pth",
    0.3100145884305626,
    {
      "epoch_mcc": 0.3100145884305626,
      "mcc": 0.31147244120828066,
      "loss": 0.511225828000067
    }
  ],
  "epoch_30": [
    "output/004_vsb_naive_multirun/multirun/seed7/fold2/checkpoints/train.31.pth",
    0.6539695782783023,
    {
      "epoch_mcc": 0.6539695782783023,
      "mcc": 0.6621852862403338,
      "loss": 0.14615031189434294
    }
  ],