{
  "best": {
    "epoch_mcc": 0.7755132653824471,
    "mcc": 0.7752788820081202,
    "loss": 0.11103800077651742
  },
  "last": {
    "epoch_mcc": 0.6742609582055686,
    "mcc": 0.6726838540721954,
    "loss": 0.12079777698098279
  },
  "train.39": {
    "epoch_mcc": 0.7755132653824471,
    "mcc": 0.7752788820081202,
    "loss": 0.11103800077651742
  },
  "epoch_0": [
    "output/004_vsb_naive_multirun/multirun/seed6/fold3/checkpoints/train.1.pth",
    0.26741752483337144,
    {
      "epoch_mcc": 0.26741752483337144,
      "mcc": 0.26782297336690053,
      "loss": 0.5640658032463257
    }
  ],
  "epoch_1": [
    "output/004_vsb_naive_multirun/multirun/seed6/fold3/checkpoints/train.2.pth",
    0.32101129622556457,
    {
      "epoch_mcc": 0.32101129622556457,
      "mcc": 0.3254593446622457,
      "loss": 0.5114571584481585
    }
  ],
  "epoch_2": [
    "output/004_vsb_naive_multirun/multirun/seed6/fold3/checkpoints/train.3.pth",
    0.5951306405416054,
    {
      "epoch_mcc": 0.5951306405416054,
      "mcc": 0.5961734384338289,
      "loss": 0.24517779872975537
    }
  ],
  "epoch_3": [
    "output/004_vsb_naive_multirun/multirun/seed6/fold3/checkpoints/train.4.pth",
    0.6450282509327917,
    {
      "epoch_mcc": 0.6450282509327917,
      "mcc": 0.6396997710793404,
      "loss": 0.27995301144463675
    }
  ],
  "epoch_4": [
    "output/004_vsb_naive_multirun/multirun/seed6/fold3/checkpoints/train.5.pth",
    0.7267238559031224,
    {
      "epoch_mcc": 0.7267238559031224,
      "mcc": 0.7211809606318045,
      "loss": 0.23419992738562073
    }
  ],
  "epoch_5": [
    "output/004_vsb_naive_multirun/multirun/seed6/fold3/checkpoints/train.6.pth",
    0.7000280245418623,
    {
      "epoch_mcc": 0.7000280245418623,
      "mcc": 0.7042642822575814,
      "loss": 0.1115486432835075
    }
  ],
  "epoch_6": [
    "output/004_vsb_naive_multirun/multirun/seed6/fold3/checkpoints/train.7.pth",
    0.7143155478174341,
    {
      "epoch_mcc": 0.7143155478174341,
      "mcc": 0.7138910030389051,
      "loss": 0.15003455069922744
    }
  ],
  "epoch_7": [
    "output/004_vsb_naive_multirun/multirun/seed6/fold3/checkpoints/train.8.pth",
    0.723302707900909,
    {
      "epoch_mcc": 0.723302707900909,
      "mcc": 0.7199324769505966,
      "loss": 0.11825967082519745
    }
  ],
  "epoch_8": [
    "output/004_vsb_naive_multirun/multirun/seed6/fold3/checkpoints/train.9.pth",
    0.669496836133266,
    {
      "epoch_mcc": 0.669496836133266,
      "mcc": 0.6763855361255663,
      "loss": 0.1238689856818539
    }
  ],
  "epoch_9": [
    "output/004_vsb_naive_multirun/multirun/seed6/fold3/checkpoints/train.10.pth",
    0.5967650807568582,
    {
      "epoch_mcc": 0.5967650807568582,
      "mcc": 0.6026918864442359,
      "loss": 0.13833606359829387
    }
  ],
  "epoch_10": [
    "output/004_vsb_naive_multirun/multirun/seed6/fold3/checkpoints/train.11.pth",
    0.6951162093271308,
    {
      "epoch_mcc": 0.6951162093271308,
      "mcc": 0.6900805361209869,
      "loss": 0.2246921139411795
    }
  ],
  "epoch_11": [
    "output/004_vsb_naive_multirun/multirun/seed6/fold3/checkpoints/train.12.pth",
    0.7150632891302477,
    {
      "epoch_mcc": 0.7150632891302477,
      "mcc": 0.7101224371226079,
      "loss": 0.13440121943692127
    }
  ],
  "epoch_12": [
    "output/004_vsb_naive_multirun/multirun/seed6/fold3/checkpoints/train.13.pth",
    0.7000280245418623,
    {
      "epoch_mcc": 0.7000280245418623,
      "mcc": 0.7033556049624843,
      "loss": 0.11323286160801035
    }
  ],
  "epoch_13": [
    "output/004_vsb_naive_multirun/multirun/seed6/fold3/checkpoints/train.14.pth",
    0.6733489357440537,
    {
      "epoch_mcc": 0.6733489357440537,
      "mcc": 0.669131082610517,
      "loss": 0.17495759177741413
    }
  ],
  "epoch_14": [
    "output/004_vsb_naive_multirun/multirun/seed6/fold3/checkpoints/train.15.pth",
    0.7334862385317362,
    {
      "epoch_mcc": 0.7334862385317362,
      "mcc": 0.7246360129510837,
      "loss": 0.16324608158736958
    }
  ],
  "epoch_15": [
    "output/004_vsb_naive_multirun/multirun/seed6/fold3/checkpoints/train.16.pth",
    0.681995318073587,
    {
      "epoch_mcc": 0.681995318073587,
      "mcc": 0.6715234689717267,
      "loss": 0.17227433679590126
    }
  ],
  "epoch_16": [
    "output/004_vsb_naive_multirun/multirun/seed6/fold3/checkpoints/train.17.pth",
    0.7203079062324996,
    {
      "epoch_mcc": 0.7203079062324996,
      "mcc": 0.7170380136646443,
      "loss": 0.1374626501035362
    }
  ],
  "epoch_17": [
    "output/004_vsb_naive_multirun/multirun/seed6/fold3/checkpoints/train.18.pth",
    0.7143155478174341,
    {
      "epoch_mcc": 0.7143155478174341,
      "mcc": 0.7069248836060097,
      "loss": 0.10012333751006915
    }
  ],
  "epoch_18": [
    "output/004_vsb_naive_multirun/multirun/seed6/fold3/checkpoints/train.19.pth",
    0.7606836283739793,
    {
      "epoch_mcc": 0.7606836283739793,
      "mcc": 0.7645218853077462,
      "loss": 0.1216461902384914
    }
  ],
  "epoch_19": [
    "output/004_vsb_naive_multirun/multirun/seed6/fold3/checkpoints/train.20.pth",
    0.681995318073587,
    {
      "epoch_mcc": 0.681995318073587,
      "mcc": 0.6742808664699362,
      "loss": 0.13852354200643435
    }
  ],
  "epoch_20": [
    "output/004_vsb_naive_multirun/multirun/seed6/fold3/checkpoints/train.21.pth",
    0.39194037124921877,
    {
      "epoch_mcc": 0.39194037124921877,
      "mcc": 0.3917222072193241,
      "loss": 0.3955486906169819
    }
  ],
  "epoch_21": [
    "output/004_vsb_naive_multirun/multirun/seed6/fold3/checkpoints/train.22.pth",
    0.6755118137614066,
    {
      "epoch_mcc": 0.6755118137614066,
      "mcc": 0.6739896464055142,
      "loss": 0.11204889668680715
    }
  ],
  "epoch_22": [
    "output/004_vsb_naive_multirun/multirun/seed6/fold3/checkpoints/train.23.pth",
    0.7515960543765143,
    {
      "epoch_mcc": 0.7515960543765143,
      "mcc": 0.7407453501572087,
      "loss": 0.10610943078584392
    }
  ],
  "epoch_23": [
    "output/004_vsb_naive_multirun/multirun/seed6/fold3/checkpoints/train.24.pth",
    0.7606836283739793,
    {
      "epoch_mcc": 0.7606836283739793,
      "mcc": 0.7629210787311448,
      "loss": 0.10448095417884459
    }
  ],
  "epoch_24": [
    "output/004_vsb_naive_multirun/multirun/seed6/fold3/checkpoints/train.25.pth",
    0.6111352463034879,
    {
      "epoch_mcc": 0.6111352463034879,
      "mcc": 0.6131483315422008,
      "loss": 0.11554201969335083
    }
  ],
  "epoch_25": [
    "output/004_vsb_naive_multirun/multirun/seed6/fold3/checkpoints/train.26.pth",
    0.5580383079725948,
    {
      "epoch_mcc": 0.5580383079725948,
      "mcc": 0.5536004239219348,
      "loss": 0.22799403098589788
    }
  ],
  "epoch_26": [
    "output/004_vsb_naive_multirun/multirun/seed6/fold3/checkpoints/train.27.pth",
    0.7450684726478466,
    {
      "epoch_mcc": 0.7450684726478466,
      "mcc": 0.7509498870623034,
      "loss": 0.09546625164694918
    }
  ],
  "epoch_27": [
    "output/004_vsb_naive_multirun/multirun/seed6/fold3/checkpoints/train.28.pth",
    0.7013551460582699,
    {
      "epoch_mcc": 0.7013551460582699,
      "mcc": 0.6930948494761013,
      "loss": 0.13237714108316911
    }
  ],
  "epoch_28": [
    "output/004_vsb_naive_multirun/multirun/seed6/fold3/checkpoints/train.29.pth",
    0.7516022226552233,
    {
      "epoch_mcc": 0.7516022226552233,
      "mcc": 0.7469541085884825,
      "loss": 0.10469564447971301
    }
  ],
  "epoch_29": [
    "output/004_vsb_naive_multirun/multirun/seed6/fold3/checkpoints/train.30.pth",
    0.7013701169095784,
    {
      "epoch_mcc": 0.7013701169095784,
      "mcc": 0.70184989306625,
      "loss": 0.11005326093730745
    }
  ],
  "epoch_30": [
    "output/004_vsb_naive_multirun/multirun/seed6/fold3/checkpoints/train.31.pth",
    0.6843211665914187,
    {
      "epoch_mcc": 0.6843211665914187,
      "mcc": 0.6901117288211498,
      "loss": 0.126001436757036
    }
  ],