{
  "best": {
    "epoch_mcc": 0.7750736561654454,
    "mcc": 0.7839733624051372,
    "loss": 0.29162345459867467
  },
  "last": {
    "epoch_mcc": 0.669496836133266,
    "mcc": 0.6828404613983623,
    "loss": 0.093656842684992
  },
  "train.3": {
    "epoch_mcc": 0.7750736561654454,
    "mcc": 0.7839733624051372,
    "loss": 0.29162345459867467
  },
  "epoch_0": [
    "output/004_vsb_naive_multirun/multirun/seed0/fold1/checkpoints/train.1.pth",
    0.6054423579182038,
    {
      "epoch_mcc": 0.6054423579182038,
      "mcc": 0.6004748251180448,
      "loss": 0.40509105149316704
    }
  ],
  "epoch_1": [
    "output/004_vsb_naive_multirun/multirun/seed0/fold1/checkpoints/train.2.pth",
    0.7515960543765143,
    {
      "epoch_mcc": 0.7515960543765143,
      "mcc": 0.7655248226013672,
      "loss": 0.20742960371679775
    }
  ],
  "epoch_2": [
    "output/004_vsb_naive_multirun/multirun/seed0/fold1/checkpoints/train.3.pth",
    0.7750736561654454,
    {
      "epoch_mcc": 0.7750736561654454,
      "mcc": 0.7839733624051372,
      "loss": 0.29162345459867467
    }
  ],
  "epoch_3": [
    "output/004_vsb_naive_multirun/multirun/seed0/fold1/checkpoints/train.4.pth",
    0.608452487959297,
    {
      "epoch_mcc": 0.608452487959297,
      "mcc": 0.6118580977795618,
      "loss": 0.4074776525033731
    }
  ],
  "epoch_4": [
    "output/004_vsb_naive_multirun/multirun/seed0/fold1/checkpoints/train.5.pth",
    0.7038735983686524,
    {
      "epoch_mcc": 0.7038735983686524,
      "mcc": 0.7228787464855913,
      "loss": 0.24374188244240214
    }
  ],
  "epoch_5": [
    "output/004_vsb_naive_multirun/multirun/seed0/fold1/checkpoints/train.6.pth",
    0.6749114384698126,
    {
      "epoch_mcc": 0.6749114384698126,
      "mcc": 0.6808375243534033,
      "loss": 0.36327556760503993
    }
  ],
  "epoch_6": [
    "output/004_vsb_naive_multirun/multirun/seed0/fold1/checkpoints/train.7.pth",
    0.5308965110845578,
    {
      "epoch_mcc": 0.5308965110845578,
      "mcc": 0.5421720865343026,
      "loss": 0.18789370219494103
    }
  ],
  "epoch_7": [
    "output/004_vsb_naive_multirun/multirun/seed0/fold1/checkpoints/train.8.pth",
    0.6491392713795248,
    {
      "epoch_mcc": 0.6491392713795248,
      "mcc": 0.6662213190445027,
      "loss": 0.16023229939699585
    }
  ],
  "epoch_8": [
    "output/004_vsb_naive_multirun/multirun/seed0/fold1/checkpoints/train.9.pth",
    0.5238838448776798,
    {
      "epoch_mcc": 0.5238838448776798,
      "mcc": 0.5118464431021313,
      "loss": 0.1314807224909738
    }
  ],
  "epoch_9": [
    "output/004_vsb_naive_multirun/multirun/seed0/fold1/checkpoints/train.10.pth",
    0.68938786056894,
    {
      "epoch_mcc": 0.68938786056894,
      "mcc": 0.7025462229313241,
      "loss": 0.13822542366903537
    }
  ],
  "epoch_10": [
    "output/004_vsb_naive_multirun/multirun/seed0/fold1/checkpoints/train.11.pth",
    0.2755363709597502,
    {
      "epoch_mcc": 0.2755363709597502,
      "mcc": 0.2750635568818892,
      "loss": 0.5042736802166793
    }
  ],
  "epoch_11": [
    "output/004_vsb_naive_multirun/multirun/seed0/fold1/checkpoints/train.12.pth",
    0.6772012637143808,
    {
      "epoch_mcc": 0.6772012637143808,
      "mcc": 0.6922472242825495,
      "loss": 0.16033164928579086
    }
  ],
  "epoch_12": [
    "output/004_vsb_naive_multirun/multirun/seed0/fold1/checkpoints/train.13.pth",
    0.76309887869482,
    {
      "epoch_mcc": 0.76309887869482,
      "mcc": 0.7727820281890346,
      "loss": 0.21170284479805196
    }
  ],
  "epoch_13": [
    "output/004_vsb_naive_multirun/multirun/seed0/fold1/checkpoints/train.14.pth",
    0.6963084575253876,
    {
      "epoch_mcc": 0.6963084575253876,
      "mcc": 0.7079346182753062,
      "loss": 0.1250416382813823
    }
  ],
  "epoch_14": [
    "output/004_vsb_naive_multirun/multirun/seed0/fold1/checkpoints/train.15.pth",
    0.7331362564421996,
    {
      "epoch_mcc": 0.7331362564421996,
      "mcc": 0.7481423890547387,
      "loss": 0.11870799830468715
    }
  ],
  "epoch_15": [
    "output/004_vsb_naive_multirun/multirun/seed0/fold1/checkpoints/train.16.pth",
    0.626424956964329,
    {
      "epoch_mcc": 0.626424956964329,
      "mcc": 0.637477292219137,
      "loss": 0.14348032136997543
    }
  ],
  "epoch_16": [
    "output/004_vsb_naive_multirun/multirun/seed0/fold1/checkpoints/train.17.pth",
    0.46464850071156716,
    {
      "epoch_mcc": 0.46464850071156716,
      "mcc": 0.4613749724879137,
      "loss": 0.1508452123906239
    }
  ],
  "epoch_17": [
    "output/004_vsb_naive_multirun/multirun/seed0/fold1/checkpoints/train.18.pth",
    0.7203079062324996,
    {
      "epoch_mcc": 0.7203079062324996,
      "mcc": 0.7336730106164131,
      "loss": 0.10655610001743764
    }
  ],
  "epoch_18": [
    "output/004_vsb_naive_multirun/multirun/seed0/fold1/checkpoints/train.19.pth",
    0.681846051130811,
    {
      "epoch_mcc": 0.681846051130811,
      "mcc": 0.6889629113390239,
      "loss": 0.18016370987317648
    }
  ],
  "epoch_19": [
    "output/004_vsb_naive_multirun/multirun/seed0/fold1/checkpoints/train.20.pth",
    0.7571392542808572,
    {
      "epoch_mcc": 0.7571392542808572,
      "mcc": 0.7705281495858771,
      "loss": 0.09711655969258635
    }
  ],
  "epoch_20": [
    "output/004_vsb_naive_multirun/multirun/seed0/fold1/checkpoints/train.21.pth",
    0.6755118137614066,
    {
      "epoch_mcc": 0.6755118137614066,
      "mcc": 0.6895280426618668,
      "loss": 0.15509564125599426
    }
  ],
  "epoch_21": [
    "output/004_vsb_naive_multirun/multirun/seed0/fold1/checkpoints/train.22.pth",
    0.6696039773769571,
    {
      "epoch_mcc": 0.6696039773769571,
      "mcc": 0.6864420640981919,
      "loss": 0.11069739862584001
    }
  ],
  "epoch_22": [
    "output/004_vsb_naive_multirun/multirun/seed0/fold1/checkpoints/train.23.pth",
    0.6901707845586127,
    {
      "epoch_mcc": 0.6901707845586127,
      "mcc": 0.6945726617565668,
      "loss": 0.16562080016542424
    }
  ],
  "epoch_23": [
    "output/004_vsb_naive_multirun/multirun/seed0/fold1/checkpoints/train.24.pth",
    0.6434840065120163,
    {
      "epoch_mcc": 0.6434840065120163,
      "mcc": 0.6587119536069478,
      "loss": 0.106808299913669
    }
  ],
  "epoch_24": [
    "output/004_vsb_naive_multirun/multirun/seed0/fold1/checkpoints/train.25.pth",
    0.5761766753221137,
    {
      "epoch_mcc": 0.5761766753221137,
      "mcc": 0.5889796336063451,
      "loss": 0.15995945967413266
    }
  ],
  "epoch_25": [
    "output/004_vsb_naive_multirun/multirun/seed0/fold1/checkpoints/train.26.pth",
    0.6890135898097761,
    {
      "epoch_mcc": 0.6890135898097761,
      "mcc": 0.7036564181127754,
      "loss": 0.14305180652313923
    }
  ],
  "epoch_26": [
    "output/004_vsb_naive_multirun/multirun/seed0/fold1/checkpoints/train.27.pth",
    0.669496836133266,
    {
      "epoch_mcc": 0.669496836133266,
      "mcc": 0.6878676144408375,
      "loss": 0.12207782232617757
    }
  ],
  "epoch_27": [
    "output/004_vsb_naive_multirun/multirun/seed0/fold1/checkpoints/train.28.pth",
    0.6139573761676307,
    {
      "epoch_mcc": 0.6139573761676307,
      "mcc": 0.6259684607769136,
      "loss": 0.14312192887426858
    }
  ],
  "epoch_28": [
    "output/004_vsb_naive_multirun/multirun/seed0/fold1/checkpoints/train.29.pth",
    0.5848684382124728,
    {
      "epoch_mcc": 0.5848684382124728,
      "mcc": 0.5663571662918238,
      "loss": 0.11614505861999656
    }
  ],
  "epoch_29": [
    "output/004_vsb_naive_multirun/multirun/seed0/fold1/checkpoints/train.30.pth",
    0.642177996554393,
    {
      "epoch_mcc": 0.642177996554393,
      "mcc": 0.6623397514179962,
      "loss": 0.10925414001572357
    }
  ],
  "epoch_30": [
    "output/004_vsb_naive_multirun/multirun/seed0/fold1/checkpoints/train.31.pth",
    0.6623324998037066,
    {
      "epoch_mcc": 0.6623324998037066,
      "mcc": 0.6829688364706603,
      "loss": 0.12348320108169943
    }
  ],