{
  "best": {
    "epoch_mcc": 0.7267762021429772,
    "mcc": 0.7299704989740008,
    "loss": 0.12236487588455673
  },
  "last": {
    "epoch_mcc": 0.5147090601413576,
    "mcc": 0.5167703116223524,
    "loss": 0.16842533927571138
  },
  "train.30": {
    "epoch_mcc": 0.7267762021429772,
    "mcc": 0.7299704989740008,
    "loss": 0.12236487588455673
  },
  "epoch_0": [
    "output/004_vsb_naive_multirun/multirun/seed0/fold1/checkpoints/train.1.pth",
    0.5548494579859387,
    {
      "epoch_mcc": 0.5548494579859387,
      "mcc": 0.5689127759631276,
      "loss": 0.12134237074503185
    }
  ],
  "epoch_1": [
    "output/004_vsb_naive_multirun/multirun/seed0/fold1/checkpoints/train.2.pth",
    0.5336424020315106,
    {
      "epoch_mcc": 0.5336424020315106,
      "mcc": 0.552943358225427,
      "loss": 0.1300151873373534
    }
  ],
  "epoch_2": [
    "output/004_vsb_naive_multirun/multirun/seed0/fold1/checkpoints/train.3.pth",
    0.6658930591476528,
    {
      "epoch_mcc": 0.6658930591476528,
      "mcc": 0.6865197736878382,
      "loss": 0.10393235541354358
    }
  ],
  "epoch_3": [
    "output/004_vsb_naive_multirun/multirun/seed0/fold1/checkpoints/train.4.pth",
    0.5876433185730329,
    {
      "epoch_mcc": 0.5876433185730329,
      "mcc": 0.6080516098036944,
      "loss": 0.11080279453896409
    }
  ],
  "epoch_4": [
    "output/004_vsb_naive_multirun/multirun/seed0/fold1/checkpoints/train.5.pth",
    0.6354776607699181,
    {
      "epoch_mcc": 0.6354776607699181,
      "mcc": 0.6532815820819013,
      "loss": 0.09860955576272921
    }
  ],
  "epoch_5": [
    "output/004_vsb_naive_multirun/multirun/seed0/fold1/checkpoints/train.6.pth",
    0.414451256584862,
    {
      "epoch_mcc": 0.414451256584862,
      "mcc": 0.4081004960838672,
      "loss": 0.13377732782273613
    }
  ],
  "epoch_6": [
    "output/004_vsb_naive_multirun/multirun/seed0/fold1/checkpoints/train.7.pth",
    0.6068701383518478,
    {
      "epoch_mcc": 0.6068701383518478,
      "mcc": 0.6339615166445324,
      "loss": 0.09879148139805884
    }
  ],
  "epoch_7": [
    "output/004_vsb_naive_multirun/multirun/seed0/fold1/checkpoints/train.8.pth",
    0.6931229280250475,
    {
      "epoch_mcc": 0.6931229280250475,
      "mcc": 0.7042818231696306,
      "loss": 0.10195076191179109
    }
  ],
  "epoch_8": [
    "output/004_vsb_naive_multirun/multirun/seed0/fold1/checkpoints/train.9.pth",
    0.5484282466105435,
    {
      "epoch_mcc": 0.5484282466105435,
      "mcc": 0.5665998945050773,
      "loss": 0.1254454214837588
    }
  ],
  "epoch_9": [
    "output/004_vsb_naive_multirun/multirun/seed0/fold1/checkpoints/train.10.pth",
    0.7013551460582699,
    {
      "epoch_mcc": 0.7013551460582699,
      "mcc": 0.7092894402053191,
      "loss": 0.10398672577538712
    }
  ],
  "epoch_10": [
    "output/004_vsb_naive_multirun/multirun/seed0/fold1/checkpoints/train.11.pth",
    0.65505292209505,
    {
      "epoch_mcc": 0.65505292209505,
      "mcc": 0.6734296144797626,
      "loss": 0.11147587496319245
    }
  ],
  "epoch_11": [
    "output/004_vsb_naive_multirun/multirun/seed0/fold1/checkpoints/train.12.pth",
    0.5659075786649764,
    {
      "epoch_mcc": 0.5659075786649764,
      "mcc": 0.581361236458404,
      "loss": 0.11093632310064647
    }
  ],
  "epoch_12": [
    "output/004_vsb_naive_multirun/multirun/seed0/fold1/checkpoints/train.13.pth",
    0.3502313598513214,
    {
      "epoch_mcc": 0.3502313598513214,
      "mcc": 0.3457282936465045,
      "loss": 0.16930612562650657
    }
  ],
  "epoch_13": [
    "output/004_vsb_naive_multirun/multirun/seed0/fold1/checkpoints/train.14.pth",
    0.7223594912007809,
    {
      "epoch_mcc": 0.7223594912007809,
      "mcc": 0.7342695911690423,
      "loss": 0.10774517251681953
    }
  ],
  "epoch_14": [
    "output/004_vsb_naive_multirun/multirun/seed0/fold1/checkpoints/train.15.pth",
    0.6295487902802823,
    {
      "epoch_mcc": 0.6295487902802823,
      "mcc": 0.6447407468556112,
      "loss": 0.10581278436770743
    }
  ],
  "epoch_15": [
    "output/004_vsb_naive_multirun/multirun/seed0/fold1/checkpoints/train.16.pth",
    0.6728256116565438,
    {
      "epoch_mcc": 0.6728256116565438,
      "mcc": 0.6854886671458528,
      "loss": 0.10892342846590558
    }
  ],
  "epoch_16": [
    "output/004_vsb_naive_multirun/multirun/seed0/fold1/checkpoints/train.17.pth",
    0.5876433185730329,
    {
      "epoch_mcc": 0.5876433185730329,
      "mcc": 0.6023007923372091,
      "loss": 0.10540464194731951
    }
  ],
  "epoch_17": [
    "output/004_vsb_naive_multirun/multirun/seed0/fold1/checkpoints/train.18.pth",
    0.6295487902802823,
    {
      "epoch_mcc": 0.6295487902802823,
      "mcc": 0.6447407468556112,
      "loss": 0.10130714929042298
    }
  ],
  "epoch_18": [
    "output/004_vsb_naive_multirun/multirun/seed0/fold1/checkpoints/train.19.pth",
    0.6068701383518478,
    {
      "epoch_mcc": 0.6068701383518478,
      "mcc": 0.6256430499951009,
      "loss": 0.11165767013000744
    }
  ],
  "epoch_19": [
    "output/004_vsb_naive_multirun/multirun/seed0/fold1/checkpoints/train.20.pth",
    0.6577192733870525,
    {
      "epoch_mcc": 0.6577192733870525,
      "mcc": 0.6750575525373728,
      "loss": 0.096462826566729
    }
  ],
  "epoch_20": [
    "output/004_vsb_naive_multirun/multirun/seed0/fold1/checkpoints/train.21.pth",
    0.5659075786649764,
    {
      "epoch_mcc": 0.5659075786649764,
      "mcc": 0.5832961524390645,
      "loss": 0.1143051650817546
    }
  ],
  "epoch_21": [
    "output/004_vsb_naive_multirun/multirun/seed0/fold1/checkpoints/train.22.pth",
    0.5876433185730329,
    {
      "epoch_mcc": 0.5876433185730329,
      "mcc": 0.6026841629198515,
      "loss": 0.11757050680313996
    }
  ],
  "epoch_22": [
    "output/004_vsb_naive_multirun/multirun/seed0/fold1/checkpoints/train.23.pth",
    0.6658930591476528,
    {
      "epoch_mcc": 0.6658930591476528,
      "mcc": 0.6776363823933466,
      "loss": 0.10363410331193429
    }
  ],
  "epoch_23": [
    "output/004_vsb_naive_multirun/multirun/seed0/fold1/checkpoints/train.24.pth",
    0.6827823679045434,
    {
      "epoch_mcc": 0.6827823679045434,
      "mcc": 0.6920892921585611,
      "loss": 0.10362994717033308
    }
  ],
  "epoch_24": [
    "output/004_vsb_naive_multirun/multirun/seed0/fold1/checkpoints/train.25.pth",
    0.44848911783312095,
    {
      "epoch_mcc": 0.44848911783312095,
      "mcc": 0.4378025607407732,
      "loss": 0.14121489547411054
    }
  ],
  "epoch_25": [
    "output/004_vsb_naive_multirun/multirun/seed0/fold1/checkpoints/train.26.pth",
    0.6175297891229543,
    {
      "epoch_mcc": 0.6175297891229543,
      "mcc": 0.6276546782938945,
      "loss": 0.11104362054043505
    }
  ],
  "epoch_26": [
    "output/004_vsb_naive_multirun/multirun/seed0/fold1/checkpoints/train.27.pth",
    0.7150632891302477,
    {
      "epoch_mcc": 0.7150632891302477,
      "mcc": 0.7259212525882542,
      "loss": 0.09782650530748646
    }
  ],
  "epoch_27": [
    "output/004_vsb_naive_multirun/multirun/seed0/fold1/checkpoints/train.28.pth",
    0.5548494579859387,
    {
      "epoch_mcc": 0.5548494579859387,
      "mcc": 0.5467144229197949,
      "loss": 0.1364702656223934
    }
  ],
  "epoch_28": [
    "output/004_vsb_naive_multirun/multirun/seed0/fold1/checkpoints/train.29.pth",
    0.5876433185730329,
    {
      "epoch_mcc": 0.5876433185730329,
      "mcc": 0.6051070219048026,
      "loss": 0.13347866202795977
    }
  ],
  "epoch_29": [
    "output/004_vsb_naive_multirun/multirun/seed0/fold1/checkpoints/train.30.pth",
    0.7267762021429772,
    {
      "epoch_mcc": 0.7267762021429772,
      "mcc": 0.7299704989740008,
      "loss": 0.12236487588455673
    }
  ],
  "epoch_30": [
    "output/004_vsb_naive_multirun/multirun/seed0/fold1/checkpoints/train.31.pth",
    0.6539695782783023,
    {
      "epoch_mcc": 0.6539695782783023,
      "mcc": 0.6606719625973873,
      "loss": 0.12846205351479903
    }
  ],