{
  "best": {
    "epoch_mcc": 0.8005797316410209,
    "mcc": 0.806862378067471,
    "loss": 0.0866417303527489
  },
  "last": {
    "epoch_mcc": 0.753325610992522,
    "mcc": 0.7475502799865595,
    "loss": 0.10101762816082308
  },
  "train.21": {
    "epoch_mcc": 0.8005797316410209,
    "mcc": 0.806862378067471,
    "loss": 0.0866417303527489
  },
  "epoch_0": [
    "output/004_vsb_naive_multirun/multirun/seed5/fold1/checkpoints/train.1.pth",
    0.6850581056126488,
    {
      "epoch_mcc": 0.6850581056126488,
      "mcc": 0.6765377218157841,
      "loss": 0.3407800162720803
    }
  ],
  "epoch_1": [
    "output/004_vsb_naive_multirun/multirun/seed5/fold1/checkpoints/train.2.pth",
    0.5966853042551793,
    {
      "epoch_mcc": 0.5966853042551793,
      "mcc": 0.6106481444156686,
      "loss": 0.3864475711795426
    }
  ],
  "epoch_2": [
    "output/004_vsb_naive_multirun/multirun/seed5/fold1/checkpoints/train.3.pth",
    0.6165879722213187,
    {
      "epoch_mcc": 0.6165879722213187,
      "mcc": 0.6361993787902176,
      "loss": 0.29069752173046237
    }
  ],
  "epoch_3": [
    "output/004_vsb_naive_multirun/multirun/seed5/fold1/checkpoints/train.4.pth",
    0.727899918850555,
    {
      "epoch_mcc": 0.727899918850555,
      "mcc": 0.7180198737726166,
      "loss": 0.20462344532989593
    }
  ],
  "epoch_4": [
    "output/004_vsb_naive_multirun/multirun/seed5/fold1/checkpoints/train.5.pth",
    0.29901054263243054,
    {
      "epoch_mcc": 0.29901054263243054,
      "mcc": 0.29079980063878386,
      "loss": 0.20681642075413886
    }
  ],
  "epoch_5": [
    "output/004_vsb_naive_multirun/multirun/seed5/fold1/checkpoints/train.6.pth",
    0.5961547898540543,
    {
      "epoch_mcc": 0.5961547898540543,
      "mcc": 0.5956085737743659,
      "loss": 0.22803016717380584
    }
  ],
  "epoch_6": [
    "output/004_vsb_naive_multirun/multirun/seed5/fold1/checkpoints/train.7.pth",
    0.626424956964329,
    {
      "epoch_mcc": 0.626424956964329,
      "mcc": 0.6179314540840107,
      "loss": 0.22793410482484586
    }
  ],
  "epoch_7": [
    "output/004_vsb_naive_multirun/multirun/seed5/fold1/checkpoints/train.8.pth",
    0.727899918850555,
    {
      "epoch_mcc": 0.727899918850555,
      "mcc": 0.7532214185664768,
      "loss": 0.15591608821422426
    }
  ],
  "epoch_8": [
    "output/004_vsb_naive_multirun/multirun/seed5/fold1/checkpoints/train.9.pth",
    0.6545076009617131,
    {
      "epoch_mcc": 0.6545076009617131,
      "mcc": 0.6626595378106069,
      "loss": 0.16264026238873164
    }
  ],
  "epoch_9": [
    "output/004_vsb_naive_multirun/multirun/seed5/fold1/checkpoints/train.10.pth",
    0.7150632891302477,
    {
      "epoch_mcc": 0.7150632891302477,
      "mcc": 0.7214190624969568,
      "loss": 0.1657501337296376
    }
  ],
  "epoch_10": [
    "output/004_vsb_naive_multirun/multirun/seed5/fold1/checkpoints/train.11.pth",
    0.6755101974005165,
    {
      "epoch_mcc": 0.6755101974005165,
      "mcc": 0.6711363530440277,
      "loss": 0.10418384381138725
    }
  ],
  "epoch_11": [
    "output/004_vsb_naive_multirun/multirun/seed5/fold1/checkpoints/train.12.pth",
    0.6334092695157277,
    {
      "epoch_mcc": 0.6334092695157277,
      "mcc": 0.6229649293032271,
      "loss": 0.16519042496888445
    }
  ],
  "epoch_12": [
    "output/004_vsb_naive_multirun/multirun/seed5/fold1/checkpoints/train.13.pth",
    0.6113916303409611,
    {
      "epoch_mcc": 0.6113916303409611,
      "mcc": 0.6062344711551301,
      "loss": 0.12355017443403934
    }
  ],
  "epoch_13": [
    "output/004_vsb_naive_multirun/multirun/seed5/fold1/checkpoints/train.14.pth",
    0.727899918850555,
    {
      "epoch_mcc": 0.727899918850555,
      "mcc": 0.7296215166504553,
      "loss": 0.10870582195521426
    }
  ],
  "epoch_14": [
    "output/004_vsb_naive_multirun/multirun/seed5/fold1/checkpoints/train.15.pth",
    0.691425344195758,
    {
      "epoch_mcc": 0.691425344195758,
      "mcc": 0.6961862573447695,
      "loss": 0.20497125271778305
    }
  ],
  "epoch_15": [
    "output/004_vsb_naive_multirun/multirun/seed5/fold1/checkpoints/train.16.pth",
    0.5405127159474028,
    {
      "epoch_mcc": 0.5405127159474028,
      "mcc": 0.5431374300581847,
      "loss": 0.13770388566893677
    }
  ],
  "epoch_16": [
    "output/004_vsb_naive_multirun/multirun/seed5/fold1/checkpoints/train.17.pth",
    0.2804576870245302,
    {
      "epoch_mcc": 0.2804576870245302,
      "mcc": 0.28432991982108036,
      "loss": 0.5567532606461373
    }
  ],
  "epoch_17": [
    "output/004_vsb_naive_multirun/multirun/seed5/fold1/checkpoints/train.18.pth",
    0.4880566572630955,
    {
      "epoch_mcc": 0.4880566572630955,
      "mcc": 0.4832874939284023,
      "loss": 0.15136648107339307
    }
  ],
  "epoch_18": [
    "output/004_vsb_naive_multirun/multirun/seed5/fold1/checkpoints/train.19.pth",
    0.6446824095218187,
    {
      "epoch_mcc": 0.6446824095218187,
      "mcc": 0.6450018181278334,
      "loss": 0.202656870275069
    }
  ],
  "epoch_19": [
    "output/004_vsb_naive_multirun/multirun/seed5/fold1/checkpoints/train.20.pth",
    0.7934673378974035,
    {
      "epoch_mcc": 0.7934673378974035,
      "mcc": 0.8004458510634317,
      "loss": 0.09728064820837236
    }
  ],
  "epoch_20": [
    "output/004_vsb_naive_multirun/multirun/seed5/fold1/checkpoints/train.21.pth",
    0.8005797316410209,
    {
      "epoch_mcc": 0.8005797316410209,
      "mcc": 0.806862378067471,
      "loss": 0.0866417303527489
    }
  ],
  "epoch_21": [
    "output/004_vsb_naive_multirun/multirun/seed5/fold1/checkpoints/train.22.pth",
    0.663886364849314,
    {
      "epoch_mcc": 0.663886364849314,
      "mcc": 0.6694784308014132,
      "loss": 0.15241912276629943
    }
  ],
  "epoch_22": [
    "output/004_vsb_naive_multirun/multirun/seed5/fold1/checkpoints/train.23.pth",
    0.5883926596577903,
    {
      "epoch_mcc": 0.5883926596577903,
      "mcc": 0.5970544357701517,
      "loss": 0.13615423661501191
    }
  ],
  "epoch_23": [
    "output/004_vsb_naive_multirun/multirun/seed5/fold1/checkpoints/train.24.pth",
    0.37363199233900884,
    {
      "epoch_mcc": 0.37363199233900884,
      "mcc": 0.3760408109644132,
      "loss": 0.31549561500754497
    }
  ],
  "epoch_24": [
    "output/004_vsb_naive_multirun/multirun/seed5/fold1/checkpoints/train.25.pth",
    0.6111352463034879,
    {
      "epoch_mcc": 0.6111352463034879,
      "mcc": 0.6106187000028065,
      "loss": 0.0943261647978461
    }
  ],
  "epoch_25": [
    "output/004_vsb_naive_multirun/multirun/seed5/fold1/checkpoints/train.26.pth",
    0.7546849570152068,
    {
      "epoch_mcc": 0.7546849570152068,
      "mcc": 0.7674315309047344,
      "loss": 0.10528222104076058
    }
  ],
  "epoch_26": [
    "output/004_vsb_naive_multirun/multirun/seed5/fold1/checkpoints/train.27.pth",
    0.7546849570152068,
    {
      "epoch_mcc": 0.7546849570152068,
      "mcc": 0.7596721594229552,
      "loss": 0.08885278567838484
    }
  ],
  "epoch_27": [
    "output/004_vsb_naive_multirun/multirun/seed5/fold1/checkpoints/train.28.pth",
    0.7154110493642629,
    {
      "epoch_mcc": 0.7154110493642629,
      "mcc": 0.7155874426798406,
      "loss": 0.10493415987789118
    }
  ],
  "epoch_28": [
    "output/004_vsb_naive_multirun/multirun/seed5/fold1/checkpoints/train.29.pth",
    0.723302707900909,
    {
      "epoch_mcc": 0.723302707900909,
      "mcc": 0.7418276302422606,
      "loss": 0.09472438405154084
    }
  ],
  "epoch_29": [
    "output/004_vsb_naive_multirun/multirun/seed5/fold1/checkpoints/train.30.pth",
    0.7516022226552233,
    {
      "epoch_mcc": 0.7516022226552233,
      "mcc": 0.7484195088221869,
      "loss": 0.10818199092672942
    }
  ],
  "epoch_30": [
    "output/004_vsb_naive_multirun/multirun/seed5/fold1/checkpoints/train.31.pth",
    0.6183524393659454,
    {
      "epoch_mcc": 0.6183524393659454,
      "mcc": 0.62607163665644,
      "loss": 0.19593304544430798
    }
  ],