{
  "best": {
    "epoch_mcc": 0.7116582272547064,
    "mcc": 0.7083728460674521,
    "loss": 0.10744254226938993
  },
  "last": {
    "epoch_mcc": 0.45893100028705075,
    "mcc": 0.4693759283533591,
    "loss": 0.3922023867062981
  },
  "train.22": {
    "epoch_mcc": 0.7116582272547064,
    "mcc": 0.7083728460674521,
    "loss": 0.10744254226938993
  },
  "epoch_0": [
    "output/004_vsb_naive_multirun/multirun/seed9/fold2/checkpoints/train.1.pth",
    0.6914140961895843,
    {
      "epoch_mcc": 0.6914140961895843,
      "mcc": 0.6895625662480759,
      "loss": 0.2798058576817767
    }
  ],
  "epoch_1": [
    "output/004_vsb_naive_multirun/multirun/seed9/fold2/checkpoints/train.2.pth",
    0.6352538176963314,
    {
      "epoch_mcc": 0.6352538176963314,
      "mcc": 0.6328996383937662,
      "loss": 0.3952173511665988
    }
  ],
  "epoch_2": [
    "output/004_vsb_naive_multirun/multirun/seed9/fold2/checkpoints/train.3.pth",
    0.615035677879401,
    {
      "epoch_mcc": 0.615035677879401,
      "mcc": 0.6230554701179102,
      "loss": 0.2757393815226071
    }
  ],
  "epoch_3": [
    "output/004_vsb_naive_multirun/multirun/seed9/fold2/checkpoints/train.4.pth",
    0.2803133030484566,
    {
      "epoch_mcc": 0.2803133030484566,
      "mcc": 0.27981982199886485,
      "loss": 0.18523915001734603
    }
  ],
  "epoch_4": [
    "output/004_vsb_naive_multirun/multirun/seed9/fold2/checkpoints/train.5.pth",
    0.46724905267025646,
    {
      "epoch_mcc": 0.46724905267025646,
      "mcc": 0.4718724315808667,
      "loss": 0.3402166576886136
    }
  ],
  "epoch_5": [
    "output/004_vsb_naive_multirun/multirun/seed9/fold2/checkpoints/train.6.pth",
    0.5439581449021968,
    {
      "epoch_mcc": 0.5439581449021968,
      "mcc": 0.547091340476067,
      "loss": 0.3809403240578105
    }
  ],
  "epoch_6": [
    "output/004_vsb_naive_multirun/multirun/seed9/fold2/checkpoints/train.7.pth",
    0.5100619302099529,
    {
      "epoch_mcc": 0.5100619302099529,
      "mcc": 0.5132747278912003,
      "loss": 0.21816592198025545
    }
  ],
  "epoch_7": [
    "output/004_vsb_naive_multirun/multirun/seed9/fold2/checkpoints/train.8.pth",
    0.6068701383518478,
    {
      "epoch_mcc": 0.6068701383518478,
      "mcc": 0.5928909226527501,
      "loss": 0.2003216214106128
    }
  ],
  "epoch_8": [
    "output/004_vsb_naive_multirun/multirun/seed9/fold2/checkpoints/train.9.pth",
    0.623046674796648,
    {
      "epoch_mcc": 0.623046674796648,
      "mcc": 0.6244314337506446,
      "loss": 0.29437881472188715
    }
  ],
  "epoch_9": [
    "output/004_vsb_naive_multirun/multirun/seed9/fold2/checkpoints/train.10.pth",
    0.5982166325732848,
    {
      "epoch_mcc": 0.5982166325732848,
      "mcc": 0.5931495666401572,
      "loss": 0.18337145868348995
    }
  ],
  "epoch_10": [
    "output/004_vsb_naive_multirun/multirun/seed9/fold2/checkpoints/train.11.pth",
    0.6175297891229543,
    {
      "epoch_mcc": 0.6175297891229543,
      "mcc": 0.6179878138969588,
      "loss": 0.1430719546114516
    }
  ],
  "epoch_11": [
    "output/004_vsb_naive_multirun/multirun/seed9/fold2/checkpoints/train.12.pth",
    0.5650373715422533,
    {
      "epoch_mcc": 0.5650373715422533,
      "mcc": 0.5757907494525971,
      "loss": 0.1893315635839551
    }
  ],
  "epoch_12": [
    "output/004_vsb_naive_multirun/multirun/seed9/fold2/checkpoints/train.13.pth",
    0.5872370084513653,
    {
      "epoch_mcc": 0.5872370084513653,
      "mcc": 0.6002604972320035,
      "loss": 0.18338940899158715
    }
  ],
  "epoch_13": [
    "output/004_vsb_naive_multirun/multirun/seed9/fold2/checkpoints/train.14.pth",
    0.5951306405416054,
    {
      "epoch_mcc": 0.5951306405416054,
      "mcc": 0.5988270486892899,
      "loss": 0.2322165809071618
    }
  ],
  "epoch_14": [
    "output/004_vsb_naive_multirun/multirun/seed9/fold2/checkpoints/train.15.pth",
    0.615035677879401,
    {
      "epoch_mcc": 0.615035677879401,
      "mcc": 0.6276575451584987,
      "loss": 0.13332546231771294
    }
  ],
  "epoch_15": [
    "output/004_vsb_naive_multirun/multirun/seed9/fold2/checkpoints/train.16.pth",
    0.5967650807568582,
    {
      "epoch_mcc": 0.5967650807568582,
      "mcc": 0.6176129174646846,
      "loss": 0.15228516312248735
    }
  ],
  "epoch_16": [
    "output/004_vsb_naive_multirun/multirun/seed9/fold2/checkpoints/train.17.pth",
    0.6539695782783023,
    {
      "epoch_mcc": 0.6539695782783023,
      "mcc": 0.6511746849202282,
      "loss": 0.2325839710112488
    }
  ],
  "epoch_17": [
    "output/004_vsb_naive_multirun/multirun/seed9/fold2/checkpoints/train.18.pth",
    0.44382170568003443,
    {
      "epoch_mcc": 0.44382170568003443,
      "mcc": 0.41986028650600593,
      "loss": 0.1386433518692056
    }
  ],
  "epoch_18": [
    "output/004_vsb_naive_multirun/multirun/seed9/fold2/checkpoints/train.19.pth",
    0.617460102206004,
    {
      "epoch_mcc": 0.617460102206004,
      "mcc": 0.6208202007712884,
      "loss": 0.1865152985421803
    }
  ],
  "epoch_19": [
    "output/004_vsb_naive_multirun/multirun/seed9/fold2/checkpoints/train.20.pth",
    0.5950425550598523,
    {
      "epoch_mcc": 0.5950425550598523,
      "mcc": 0.6050254105012504,
      "loss": 0.16024554747825234
    }
  ],
  "epoch_20": [
    "output/004_vsb_naive_multirun/multirun/seed9/fold2/checkpoints/train.21.pth",
    0.6157665428530914,
    {
      "epoch_mcc": 0.6157665428530914,
      "mcc": 0.6126420002271681,
      "loss": 0.13997247112392353
    }
  ],
  "epoch_21": [
    "output/004_vsb_naive_multirun/multirun/seed9/fold2/checkpoints/train.22.pth",
    0.7116582272547064,
    {
      "epoch_mcc": 0.7116582272547064,
      "mcc": 0.7083728460674521,
      "loss": 0.10744254226938993
    }
  ],
  "epoch_22": [
    "output/004_vsb_naive_multirun/multirun/seed9/fold2/checkpoints/train.23.pth",
    0.5474651842112128,
    {
      "epoch_mcc": 0.5474651842112128,
      "mcc": 0.5616149298785814,
      "loss": 0.13711523486496865
    }
  ],
  "epoch_23": [
    "output/004_vsb_naive_multirun/multirun/seed9/fold2/checkpoints/train.24.pth",
    0.3764387922225831,
    {
      "epoch_mcc": 0.3764387922225831,
      "mcc": 0.38964104336040056,
      "loss": 0.3222563265215304
    }
  ],
  "epoch_24": [
    "output/004_vsb_naive_multirun/multirun/seed9/fold2/checkpoints/train.25.pth",
    0.6771501913321073,
    {
      "epoch_mcc": 0.6771501913321073,
      "mcc": 0.678241182491739,
      "loss": 0.1481781388775617
    }
  ],
  "epoch_25": [
    "output/004_vsb_naive_multirun/multirun/seed9/fold2/checkpoints/train.26.pth",
    0.68938786056894,
    {
      "epoch_mcc": 0.68938786056894,
      "mcc": 0.6945882633852924,
      "loss": 0.13982648832047048
    }
  ],
  "epoch_26": [
    "output/004_vsb_naive_multirun/multirun/seed9/fold2/checkpoints/train.27.pth",
    0.6497917086877809,
    {
      "epoch_mcc": 0.6497917086877809,
      "mcc": 0.6606660840287889,
      "loss": 0.1037321712135653
    }
  ],
  "epoch_27": [
    "output/004_vsb_naive_multirun/multirun/seed9/fold2/checkpoints/train.28.pth",
    0.6733489357440537,
    {
      "epoch_mcc": 0.6733489357440537,
      "mcc": 0.6773066462581459,
      "loss": 0.1369683494768947
    }
  ],
  "epoch_28": [
    "output/004_vsb_naive_multirun/multirun/seed9/fold2/checkpoints/train.29.pth",
    0.7089797419227258,
    {
      "epoch_mcc": 0.7089797419227258,
      "mcc": 0.7105450327259986,
      "loss": 0.29887507442968436
    }
  ],
  "epoch_29": [
    "output/004_vsb_naive_multirun/multirun/seed9/fold2/checkpoints/train.30.pth",
    0.6349670836438361,
    {
      "epoch_mcc": 0.6349670836438361,
      "mcc": 0.6499137500191696,
      "loss": 0.14935140491250049
    }
  ],
  "epoch_30": [
    "output/004_vsb_naive_multirun/multirun/seed9/fold2/checkpoints/train.31.pth",
    0.6696039773769571,
    {
      "epoch_mcc": 0.6696039773769571,
      "mcc": 0.6690195738668819,
      "loss": 0.13283339846821537
    }
  ],