{
  "best": {
    "epoch_mcc": 0.7041974852861224,
    "mcc": 0.7127107964205147,
    "loss": 0.10786469258919436
  },
  "last": {
    "epoch_mcc": 0.5857010001796892,
    "mcc": 0.5973734256568219,
    "loss": 0.15080359644815966
  },
  "train.26": {
    "epoch_mcc": 0.7041974852861224,
    "mcc": 0.7127107964205147,
    "loss": 0.10786469258919436
  },
  "epoch_0": [
    "output/004_vsb_naive_multirun/multirun/seed8/fold0/checkpoints/train.1.pth",
    0.2076105427992091,
    {
      "epoch_mcc": 0.2076105427992091,
      "mcc": 0.20882899522308876,
      "loss": 0.6879443887383926
    }
  ],
  "epoch_1": [
    "output/004_vsb_naive_multirun/multirun/seed8/fold0/checkpoints/train.2.pth",
    0.13735164351430273,
    {
      "epoch_mcc": 0.13735164351430273,
      "mcc": 0.138096692832551,
      "loss": 0.6790444756539061
    }
  ],
  "epoch_2": [
    "output/004_vsb_naive_multirun/multirun/seed8/fold0/checkpoints/train.3.pth",
    0.22833610916860178,
    {
      "epoch_mcc": 0.22833610916860178,
      "mcc": 0.22883160978938943,
      "loss": 0.6549894680459816
    }
  ],
  "epoch_3": [
    "output/004_vsb_naive_multirun/multirun/seed8/fold0/checkpoints/train.4.pth",
    0.6302471620786009,
    {
      "epoch_mcc": 0.6302471620786009,
      "mcc": 0.6310490132579735,
      "loss": 0.2594132593186915
    }
  ],
  "epoch_4": [
    "output/004_vsb_naive_multirun/multirun/seed8/fold0/checkpoints/train.5.pth",
    0.43878221775704557,
    {
      "epoch_mcc": 0.43878221775704557,
      "mcc": 0.4352593185489008,
      "loss": 0.47518609210258916
    }
  ],
  "epoch_5": [
    "output/004_vsb_naive_multirun/multirun/seed8/fold0/checkpoints/train.6.pth",
    0.3057634276422374,
    {
      "epoch_mcc": 0.3057634276422374,
      "mcc": 0.3067081350751063,
      "loss": 0.5044032636382288
    }
  ],
  "epoch_6": [
    "output/004_vsb_naive_multirun/multirun/seed8/fold0/checkpoints/train.7.pth",
    0.6187378641211652,
    {
      "epoch_mcc": 0.6187378641211652,
      "mcc": 0.6208442622463791,
      "loss": 0.33909794190664505
    }
  ],
  "epoch_7": [
    "output/004_vsb_naive_multirun/multirun/seed8/fold0/checkpoints/train.8.pth",
    0.6372431332055546,
    {
      "epoch_mcc": 0.6372431332055546,
      "mcc": 0.6333235284089472,
      "loss": 0.3246616521616195
    }
  ],
  "epoch_8": [
    "output/004_vsb_naive_multirun/multirun/seed8/fold0/checkpoints/train.9.pth",
    0.6801975978255247,
    {
      "epoch_mcc": 0.6801975978255247,
      "mcc": 0.6860562708463631,
      "loss": 0.22669206156993282
    }
  ],
  "epoch_9": [
    "output/004_vsb_naive_multirun/multirun/seed8/fold0/checkpoints/train.10.pth",
    0.6801975978255247,
    {
      "epoch_mcc": 0.6801975978255247,
      "mcc": 0.6850444969143782,
      "loss": 0.14445395549685533
    }
  ],
  "epoch_10": [
    "output/004_vsb_naive_multirun/multirun/seed8/fold0/checkpoints/train.11.pth",
    0.6745733640095141,
    {
      "epoch_mcc": 0.6745733640095141,
      "mcc": 0.6734043225521193,
      "loss": 0.2827909557010959
    }
  ],
  "epoch_11": [
    "output/004_vsb_naive_multirun/multirun/seed8/fold0/checkpoints/train.12.pth",
    0.3779531492074975,
    {
      "epoch_mcc": 0.3779531492074975,
      "mcc": 0.37947416777115134,
      "loss": 0.43077439972537723
    }
  ],
  "epoch_12": [
    "output/004_vsb_naive_multirun/multirun/seed8/fold0/checkpoints/train.13.pth",
    0.6116794889058633,
    {
      "epoch_mcc": 0.6116794889058633,
      "mcc": 0.6084298496274717,
      "loss": 0.24665256685828998
    }
  ],
  "epoch_13": [
    "output/004_vsb_naive_multirun/multirun/seed8/fold0/checkpoints/train.14.pth",
    0.6927828198132796,
    {
      "epoch_mcc": 0.6927828198132796,
      "mcc": 0.6984012392468285,
      "loss": 0.13579324520034347
    }
  ],
  "epoch_14": [
    "output/004_vsb_naive_multirun/multirun/seed8/fold0/checkpoints/train.15.pth",
    0.6154938435687072,
    {
      "epoch_mcc": 0.6154938435687072,
      "mcc": 0.6117449814890944,
      "loss": 0.2896822789449905
    }
  ],
  "epoch_15": [
    "output/004_vsb_naive_multirun/multirun/seed8/fold0/checkpoints/train.16.pth",
    0.5668313252038704,
    {
      "epoch_mcc": 0.5668313252038704,
      "mcc": 0.5632078517767571,
      "loss": 0.36901492526732294
    }
  ],
  "epoch_16": [
    "output/004_vsb_naive_multirun/multirun/seed8/fold0/checkpoints/train.17.pth",
    0.477929507483407,
    {
      "epoch_mcc": 0.477929507483407,
      "mcc": 0.47236482339989694,
      "loss": 0.1787120422120759
    }
  ],
  "epoch_17": [
    "output/004_vsb_naive_multirun/multirun/seed8/fold0/checkpoints/train.18.pth",
    0.5681346972783123,
    {
      "epoch_mcc": 0.5681346972783123,
      "mcc": 0.569024564230389,
      "loss": 0.44270592281617316
    }
  ],
  "epoch_18": [
    "output/004_vsb_naive_multirun/multirun/seed8/fold0/checkpoints/train.19.pth",
    0.6534826351084148,
    {
      "epoch_mcc": 0.6534826351084148,
      "mcc": 0.6583154367978675,
      "loss": 0.1373504418847688
    }
  ],
  "epoch_19": [
    "output/004_vsb_naive_multirun/multirun/seed8/fold0/checkpoints/train.20.pth",
    0.6480103682818995,
    {
      "epoch_mcc": 0.6480103682818995,
      "mcc": 0.6548285210461501,
      "loss": 0.1262981378042144
    }
  ],
  "epoch_20": [
    "output/004_vsb_naive_multirun/multirun/seed8/fold0/checkpoints/train.21.pth",
    0.6232598445700166,
    {
      "epoch_mcc": 0.6232598445700166,
      "mcc": 0.6251040240199169,
      "loss": 0.21551886280411903
    }
  ],
  "epoch_21": [
    "output/004_vsb_naive_multirun/multirun/seed8/fold0/checkpoints/train.22.pth",
    0.6644771700133001,
    {
      "epoch_mcc": 0.6644771700133001,
      "mcc": 0.6684113174814896,
      "loss": 0.12012043950531036
    }
  ],
  "epoch_22": [
    "output/004_vsb_naive_multirun/multirun/seed8/fold0/checkpoints/train.23.pth",
    0.65505292209505,
    {
      "epoch_mcc": 0.65505292209505,
      "mcc": 0.6636261299779848,
      "loss": 0.18934243378869023
    }
  ],
  "epoch_23": [
    "output/004_vsb_naive_multirun/multirun/seed8/fold0/checkpoints/train.24.pth",
    0.5999689987516138,
    {
      "epoch_mcc": 0.5999689987516138,
      "mcc": 0.6030610312539285,
      "loss": 0.25881002268877373
    }
  ],
  "epoch_24": [
    "output/004_vsb_naive_multirun/multirun/seed8/fold0/checkpoints/train.25.pth",
    0.5672312181400792,
    {
      "epoch_mcc": 0.5672312181400792,
      "mcc": 0.5722747230297675,
      "loss": 0.20353854346295847
    }
  ],
  "epoch_25": [
    "output/004_vsb_naive_multirun/multirun/seed8/fold0/checkpoints/train.26.pth",
    0.7041974852861224,
    {
      "epoch_mcc": 0.7041974852861224,
      "mcc": 0.7127107964205147,
      "loss": 0.10786469258919436
    }
  ],
  "epoch_26": [
    "output/004_vsb_naive_multirun/multirun/seed8/fold0/checkpoints/train.27.pth",
    0.3758854029486318,
    {
      "epoch_mcc": 0.3758854029486318,
      "mcc": 0.38200367689094555,
      "loss": 0.2872439937316612
    }
  ],
  "epoch_27": [
    "output/004_vsb_naive_multirun/multirun/seed8/fold0/checkpoints/train.28.pth",
    0.5087046237936499,
    {
      "epoch_mcc": 0.5087046237936499,
      "mcc": 0.510178419969728,
      "loss": 0.18272725470915513
    }
  ],
  "epoch_28": [
    "output/004_vsb_naive_multirun/multirun/seed8/fold0/checkpoints/train.29.pth",
    0.6153251214562975,
    {
      "epoch_mcc": 0.6153251214562975,
      "mcc": 0.6266910907185164,
      "loss": 0.18690766104322293
    }
  ],
  "epoch_29": [
    "output/004_vsb_naive_multirun/multirun/seed8/fold0/checkpoints/train.30.pth",
    0.6395521064053643,
    {
      "epoch_mcc": 0.6395521064053643,
      "mcc": 0.6467438658521268,
      "loss": 0.1309244467807924
    }
  ],
  "epoch_30": [
    "output/004_vsb_naive_multirun/multirun/seed8/fold0/checkpoints/train.31.pth",
    0.4046156317538077,
    {
      "epoch_mcc": 0.4046156317538077,
      "mcc": 0.38194581526553645,
      "loss": 0.19179677641381496
    }
  ],