{
  "best": {
    "epoch_mcc": 0.7456527722756352,
    "mcc": 0.7485305397645855,
    "loss": 0.11944594770259578
  },
  "last": {
    "epoch_mcc": 0.6480103682818995,
    "mcc": 0.6593329556286114,
    "loss": 0.12248188840696611
  },
  "train.19": {
    "epoch_mcc": 0.7456527722756352,
    "mcc": 0.7485305397645855,
    "loss": 0.11944594770259578
  },
  "epoch_0": [
    "output/004_vsb_naive_multirun/multirun/seed8/fold0/checkpoints/train.1.pth",
    0.5061432874717494,
    {
      "epoch_mcc": 0.5061432874717494,
      "mcc": 0.5097019428395104,
      "loss": 0.10806184982730271
    }
  ],
  "epoch_1": [
    "output/004_vsb_naive_multirun/multirun/seed8/fold0/checkpoints/train.2.pth",
    0.5399874429180407,
    {
      "epoch_mcc": 0.5399874429180407,
      "mcc": 0.5537024624965581,
      "loss": 0.10734376004815308
    }
  ],
  "epoch_2": [
    "output/004_vsb_naive_multirun/multirun/seed8/fold0/checkpoints/train.3.pth",
    0.5044860243045494,
    {
      "epoch_mcc": 0.5044860243045494,
      "mcc": 0.5043909930071035,
      "loss": 0.32485781930605023
    }
  ],
  "epoch_3": [
    "output/004_vsb_naive_multirun/multirun/seed8/fold0/checkpoints/train.4.pth",
    0.5561574259839092,
    {
      "epoch_mcc": 0.5561574259839092,
      "mcc": 0.5660820370053163,
      "loss": 0.10393466810710254
    }
  ],
  "epoch_4": [
    "output/004_vsb_naive_multirun/multirun/seed8/fold0/checkpoints/train.5.pth",
    0.49560494224907065,
    {
      "epoch_mcc": 0.49560494224907065,
      "mcc": 0.45825825259103187,
      "loss": 0.11160726146371763
    }
  ],
  "epoch_5": [
    "output/004_vsb_naive_multirun/multirun/seed8/fold0/checkpoints/train.6.pth",
    0.5749749197035187,
    {
      "epoch_mcc": 0.5749749197035187,
      "mcc": 0.5688707683590014,
      "loss": 0.1168108472982085
    }
  ],
  "epoch_6": [
    "output/004_vsb_naive_multirun/multirun/seed8/fold0/checkpoints/train.7.pth",
    0.6745733640095141,
    {
      "epoch_mcc": 0.6745733640095141,
      "mcc": 0.6899151146053909,
      "loss": 0.10416671460600195
    }
  ],
  "epoch_7": [
    "output/004_vsb_naive_multirun/multirun/seed8/fold0/checkpoints/train.8.pth",
    0.6411786720365267,
    {
      "epoch_mcc": 0.6411786720365267,
      "mcc": 0.6424473146593929,
      "loss": 0.12029975598835084
    }
  ],
  "epoch_8": [
    "output/004_vsb_naive_multirun/multirun/seed8/fold0/checkpoints/train.9.pth",
    0.568522476320518,
    {
      "epoch_mcc": 0.568522476320518,
      "mcc": 0.5674673686133612,
      "loss": 0.15812664368733276
    }
  ],
  "epoch_9": [
    "output/004_vsb_naive_multirun/multirun/seed8/fold0/checkpoints/train.10.pth",
    0.741500436707028,
    {
      "epoch_mcc": 0.741500436707028,
      "mcc": 0.7566254300432594,
      "loss": 0.09645382763750582
    }
  ],
  "epoch_10": [
    "output/004_vsb_naive_multirun/multirun/seed8/fold0/checkpoints/train.11.pth",
    0.6163834157417948,
    {
      "epoch_mcc": 0.6163834157417948,
      "mcc": 0.6273649072502899,
      "loss": 0.10377956004797284
    }
  ],
  "epoch_11": [
    "output/004_vsb_naive_multirun/multirun/seed8/fold0/checkpoints/train.12.pth",
    0.5629393923138322,
    {
      "epoch_mcc": 0.5629393923138322,
      "mcc": 0.5532854542901636,
      "loss": 0.1177175671452089
    }
  ],
  "epoch_12": [
    "output/004_vsb_naive_multirun/multirun/seed8/fold0/checkpoints/train.13.pth",
    0.6959706959703318,
    {
      "epoch_mcc": 0.6959706959703318,
      "mcc": 0.6964966243906315,
      "loss": 0.10394852923905788
    }
  ],
  "epoch_13": [
    "output/004_vsb_naive_multirun/multirun/seed8/fold0/checkpoints/train.14.pth",
    0.7108091306515201,
    {
      "epoch_mcc": 0.7108091306515201,
      "mcc": 0.7179596688991964,
      "loss": 0.10922903563705451
    }
  ],
  "epoch_14": [
    "output/004_vsb_naive_multirun/multirun/seed8/fold0/checkpoints/train.15.pth",
    0.7041974852861224,
    {
      "epoch_mcc": 0.7041974852861224,
      "mcc": 0.7073158719638724,
      "loss": 0.11178170357431684
    }
  ],
  "epoch_15": [
    "output/004_vsb_naive_multirun/multirun/seed8/fold0/checkpoints/train.16.pth",
    0.7294916560491659,
    {
      "epoch_mcc": 0.7294916560491659,
      "mcc": 0.7255419709692583,
      "loss": 0.12282089942909148
    }
  ],
  "epoch_16": [
    "output/004_vsb_naive_multirun/multirun/seed8/fold0/checkpoints/train.17.pth",
    0.6681844193353148,
    {
      "epoch_mcc": 0.6681844193353148,
      "mcc": 0.6724186933768417,
      "loss": 0.11129347744066005
    }
  ],
  "epoch_17": [
    "output/004_vsb_naive_multirun/multirun/seed8/fold0/checkpoints/train.18.pth",
    0.6063338180251108,
    {
      "epoch_mcc": 0.6063338180251108,
      "mcc": 0.6124865861727741,
      "loss": 0.11746783750756883
    }
  ],
  "epoch_18": [
    "output/004_vsb_naive_multirun/multirun/seed8/fold0/checkpoints/train.19.pth",
    0.7456527722756352,
    {
      "epoch_mcc": 0.7456527722756352,
      "mcc": 0.7485305397645855,
      "loss": 0.11944594770259578
    }
  ],
  "epoch_19": [
    "output/004_vsb_naive_multirun/multirun/seed8/fold0/checkpoints/train.20.pth",
    0.6703793765834009,
    {
      "epoch_mcc": 0.6703793765834009,
      "mcc": 0.6727845885412892,
      "loss": 0.1570175321654075
    }
  ],
  "epoch_20": [
    "output/004_vsb_naive_multirun/multirun/seed8/fold0/checkpoints/train.21.pth",
    0.5228620937370565,
    {
      "epoch_mcc": 0.5228620937370565,
      "mcc": 0.5261990363670032,
      "loss": 0.10690701101456164
    }
  ],
  "epoch_21": [
    "output/004_vsb_naive_multirun/multirun/seed8/fold0/checkpoints/train.22.pth",
    0.455727718419417,
    {
      "epoch_mcc": 0.455727718419417,
      "mcc": 0.45993051761934467,
      "loss": 0.1212734899350575
    }
  ],
  "epoch_22": [
    "output/004_vsb_naive_multirun/multirun/seed8/fold0/checkpoints/train.23.pth",
    0.6395521064053643,
    {
      "epoch_mcc": 0.6395521064053643,
      "mcc": 0.6481924184985751,
      "loss": 0.11151876507035222
    }
  ],
  "epoch_23": [
    "output/004_vsb_naive_multirun/multirun/seed8/fold0/checkpoints/train.24.pth",
    0.6836849963625626,
    {
      "epoch_mcc": 0.6836849963625626,
      "mcc": 0.6848799116356522,
      "loss": 0.11196533549519291
    }
  ],
  "epoch_24": [
    "output/004_vsb_naive_multirun/multirun/seed8/fold0/checkpoints/train.25.pth",
    0.6949264047270498,
    {
      "epoch_mcc": 0.6949264047270498,
      "mcc": 0.6975680339505904,
      "loss": 0.10709308609751128
    }
  ],
  "epoch_25": [
    "output/004_vsb_naive_multirun/multirun/seed8/fold0/checkpoints/train.26.pth",
    0.6254463750055352,
    {
      "epoch_mcc": 0.6254463750055352,
      "mcc": 0.6291704947587105,
      "loss": 0.11248484612947487
    }
  ],
  "epoch_26": [
    "output/004_vsb_naive_multirun/multirun/seed8/fold0/checkpoints/train.27.pth",
    0.6600932382075365,
    {
      "epoch_mcc": 0.6600932382075365,
      "mcc": 0.6718837311415631,
      "loss": 0.11768827607884054
    }
  ],
  "epoch_27": [
    "output/004_vsb_naive_multirun/multirun/seed8/fold0/checkpoints/train.28.pth",
    0.6879533576972383,
    {
      "epoch_mcc": 0.6879533576972383,
      "mcc": 0.6912141571474671,
      "loss": 0.12888901069016548
    }
  ],
  "epoch_28": [
    "output/004_vsb_naive_multirun/multirun/seed8/fold0/checkpoints/train.29.pth",
    0.6454169108156607,
    {
      "epoch_mcc": 0.6454169108156607,
      "mcc": 0.6480955469690644,
      "loss": 0.12709926530436683
    }
  ],
  "epoch_29": [
    "output/004_vsb_naive_multirun/multirun/seed8/fold0/checkpoints/train.30.pth",
    0.6799373500599528,
    {
      "epoch_mcc": 0.6799373500599528,
      "mcc": 0.6886243554197216,
      "loss": 0.12284215720508267
    }
  ],
  "epoch_30": [
    "output/004_vsb_naive_multirun/multirun/seed8/fold0/checkpoints/train.31.pth",
    0.5262875979047431,
    {
      "epoch_mcc": 0.5262875979047431,
      "mcc": 0.5310907035911749,
      "loss": 0.21627425996141056
    }
  ],