{
  "best": {
    "epoch_mcc": 0.7750736561654454,
    "mcc": 0.7752256420291593,
    "loss": 0.11142416129116348
  },
  "last": {
    "epoch_mcc": 0.5829962414334561,
    "mcc": 0.5346496130825296,
    "loss": 0.1869843133858272
  },
  "train.21": {
    "epoch_mcc": 0.7750736561654454,
    "mcc": 0.7752256420291593,
    "loss": 0.11142416129116348
  },
  "epoch_0": [
    "output/004_vsb_naive_multirun/multirun/seed7/fold1/checkpoints/train.1.pth",
    0.34682553085219425,
    {
      "epoch_mcc": 0.34682553085219425,
      "mcc": 0.3474752319707895,
      "loss": 0.5903000664382712
    }
  ],
  "epoch_1": [
    "output/004_vsb_naive_multirun/multirun/seed7/fold1/checkpoints/train.2.pth",
    0.504096167035686,
    {
      "epoch_mcc": 0.504096167035686,
      "mcc": 0.5058315002494207,
      "loss": 0.37940995756812435
    }
  ],
  "epoch_2": [
    "output/004_vsb_naive_multirun/multirun/seed7/fold1/checkpoints/train.3.pth",
    0.7334862385317362,
    {
      "epoch_mcc": 0.7334862385317362,
      "mcc": 0.7348634241454931,
      "loss": 0.2239310732191483
    }
  ],
  "epoch_3": [
    "output/004_vsb_naive_multirun/multirun/seed7/fold1/checkpoints/train.4.pth",
    0.5675095455905839,
    {
      "epoch_mcc": 0.5675095455905839,
      "mcc": 0.5286427733846111,
      "loss": 0.14146367484854339
    }
  ],
  "epoch_4": [
    "output/004_vsb_naive_multirun/multirun/seed7/fold1/checkpoints/train.5.pth",
    0.6843211665914187,
    {
      "epoch_mcc": 0.6843211665914187,
      "mcc": 0.6785112269699404,
      "loss": 0.18693240125392677
    }
  ],
  "epoch_5": [
    "output/004_vsb_naive_multirun/multirun/seed7/fold1/checkpoints/train.6.pth",
    0.3992468056878544,
    {
      "epoch_mcc": 0.3992468056878544,
      "mcc": 0.39594096370946275,
      "loss": 0.46565775745091464
    }
  ],
  "epoch_6": [
    "output/004_vsb_naive_multirun/multirun/seed7/fold1/checkpoints/train.7.pth",
    0.6765110150362807,
    {
      "epoch_mcc": 0.6765110150362807,
      "mcc": 0.6711804120341224,
      "loss": 0.3155880794570286
    }
  ],
  "epoch_7": [
    "output/004_vsb_naive_multirun/multirun/seed7/fold1/checkpoints/train.8.pth",
    0.7013551460582699,
    {
      "epoch_mcc": 0.7013551460582699,
      "mcc": 0.6977936009465248,
      "loss": 0.188376206846943
    }
  ],
  "epoch_8": [
    "output/004_vsb_naive_multirun/multirun/seed7/fold1/checkpoints/train.9.pth",
    0.49114595141935863,
    {
      "epoch_mcc": 0.49114595141935863,
      "mcc": 0.49430149830627235,
      "loss": 0.3995062474950045
    }
  ],
  "epoch_9": [
    "output/004_vsb_naive_multirun/multirun/seed7/fold1/checkpoints/train.10.pth",
    0.5403624810451036,
    {
      "epoch_mcc": 0.5403624810451036,
      "mcc": 0.4993809703030281,
      "loss": 0.14950363173850023
    }
  ],
  "epoch_10": [
    "output/004_vsb_naive_multirun/multirun/seed7/fold1/checkpoints/train.11.pth",
    0.7571392542808572,
    {
      "epoch_mcc": 0.7571392542808572,
      "mcc": 0.7594812673266476,
      "loss": 0.10740490010242248
    }
  ],
  "epoch_11": [
    "output/004_vsb_naive_multirun/multirun/seed7/fold1/checkpoints/train.12.pth",
    0.7196220259517582,
    {
      "epoch_mcc": 0.7196220259517582,
      "mcc": 0.7134688679988435,
      "loss": 0.2209944940988045
    }
  ],
  "epoch_12": [
    "output/004_vsb_naive_multirun/multirun/seed7/fold1/checkpoints/train.13.pth",
    0.49475471890816686,
    {
      "epoch_mcc": 0.49475471890816686,
      "mcc": 0.4892245215342125,
      "loss": 0.3201040460402707
    }
  ],
  "epoch_13": [
    "output/004_vsb_naive_multirun/multirun/seed7/fold1/checkpoints/train.14.pth",
    0.7359641657718646,
    {
      "epoch_mcc": 0.7359641657718646,
      "mcc": 0.7289245941958081,
      "loss": 0.13118991778967917
    }
  ],
  "epoch_14": [
    "output/004_vsb_naive_multirun/multirun/seed7/fold1/checkpoints/train.15.pth",
    0.6446483180424849,
    {
      "epoch_mcc": 0.6446483180424849,
      "mcc": 0.6292666146520897,
      "loss": 0.1480961280414857
    }
  ],
  "epoch_15": [
    "output/004_vsb_naive_multirun/multirun/seed7/fold1/checkpoints/train.16.pth",
    0.7000280245418623,
    {
      "epoch_mcc": 0.7000280245418623,
      "mcc": 0.6832011919781109,
      "loss": 0.164899118334414
    }
  ],
  "epoch_16": [
    "output/004_vsb_naive_multirun/multirun/seed7/fold1/checkpoints/train.17.pth",
    0.5898413491315566,
    {
      "epoch_mcc": 0.5898413491315566,
      "mcc": 0.5918546817393853,
      "loss": 0.2949700831033277
    }
  ],
  "epoch_17": [
    "output/004_vsb_naive_multirun/multirun/seed7/fold1/checkpoints/train.18.pth",
    0.3239582839914456,
    {
      "epoch_mcc": 0.3239582839914456,
      "mcc": 0.2988455529649233,
      "loss": 0.19616281870823105
    }
  ],
  "epoch_18": [
    "output/004_vsb_naive_multirun/multirun/seed7/fold1/checkpoints/train.19.pth",
    0.5907888968738678,
    {
      "epoch_mcc": 0.5907888968738678,
      "mcc": 0.5394110418769493,
      "loss": 0.1247604234903897
    }
  ],
  "epoch_19": [
    "output/004_vsb_naive_multirun/multirun/seed7/fold1/checkpoints/train.20.pth",
    0.5780146452730492,
    {
      "epoch_mcc": 0.5780146452730492,
      "mcc": 0.5823509057776461,
      "loss": 0.1668294759246035
    }
  ],
  "epoch_20": [
    "output/004_vsb_naive_multirun/multirun/seed7/fold1/checkpoints/train.21.pth",
    0.7750736561654454,
    {
      "epoch_mcc": 0.7750736561654454,
      "mcc": 0.7752256420291593,
      "loss": 0.11142416129116348
    }
  ],
  "epoch_21": [
    "output/004_vsb_naive_multirun/multirun/seed7/fold1/checkpoints/train.22.pth",
    0.70884563096842,
    {
      "epoch_mcc": 0.70884563096842,
      "mcc": 0.6997037049308961,
      "loss": 0.10240026269742832
    }
  ],
  "epoch_22": [
    "output/004_vsb_naive_multirun/multirun/seed7/fold1/checkpoints/train.23.pth",
    0.7606836283739793,
    {
      "epoch_mcc": 0.7606836283739793,
      "mcc": 0.7517604908000173,
      "loss": 0.09327657225825495
    }
  ],
  "epoch_23": [
    "output/004_vsb_naive_multirun/multirun/seed7/fold1/checkpoints/train.24.pth",
    0.5148457448382724,
    {
      "epoch_mcc": 0.5148457448382724,
      "mcc": 0.4764790155216728,
      "loss": 0.13861887610922993
    }
  ],
  "epoch_24": [
    "output/004_vsb_naive_multirun/multirun/seed7/fold1/checkpoints/train.25.pth",
    0.7223594912007809,
    {
      "epoch_mcc": 0.7223594912007809,
      "mcc": 0.7218553735594899,
      "loss": 0.11875979229166668
    }
  ],
  "epoch_25": [
    "output/004_vsb_naive_multirun/multirun/seed7/fold1/checkpoints/train.26.pth",
    0.6164650841097596,
    {
      "epoch_mcc": 0.6164650841097596,
      "mcc": 0.6195140201199553,
      "loss": 0.25252696664013263
    }
  ],
  "epoch_26": [
    "output/004_vsb_naive_multirun/multirun/seed7/fold1/checkpoints/train.27.pth",
    0.6947005012534306,
    {
      "epoch_mcc": 0.6947005012534306,
      "mcc": 0.7039947281078237,
      "loss": 0.16179852394095387
    }
  ],
  "epoch_27": [
    "output/004_vsb_naive_multirun/multirun/seed7/fold1/checkpoints/train.28.pth",
    0.7385563411121259,
    {
      "epoch_mcc": 0.7385563411121259,
      "mcc": 0.6830167911647234,
      "loss": 0.09209313657833663
    }
  ],
  "epoch_28": [
    "output/004_vsb_naive_multirun/multirun/seed7/fold1/checkpoints/train.29.pth",
    0.7143155478174341,
    {
      "epoch_mcc": 0.7143155478174341,
      "mcc": 0.7014231532198812,
      "loss": 0.09358888824763684
    }
  ],
  "epoch_29": [
    "output/004_vsb_naive_multirun/multirun/seed7/fold1/checkpoints/train.30.pth",
    0.6392982064287134,
    {
      "epoch_mcc": 0.6392982064287134,
      "mcc": 0.6403159277029554,
      "loss": 0.19855519264885152
    }
  ],
  "epoch_30": [
    "output/004_vsb_naive_multirun/multirun/seed7/fold1/checkpoints/train.31.pth",
    0.6463566467327208,
    {
      "epoch_mcc": 0.6463566467327208,
      "mcc": 0.6420088886441387,
      "loss": 0.10794182398746018
    }
  ],