{
  "best": {
    "epoch_mcc": 0.7930698491159471,
    "mcc": 0.8079736105997841,
    "loss": 0.23334074671830654
  },
  "last": {
    "epoch_mcc": 0.6799373500599528,
    "mcc": 0.695386928197201,
    "loss": 0.13992025558283736
  },
  "train.7": {
    "epoch_mcc": 0.7930698491159471,
    "mcc": 0.8079736105997841,
    "loss": 0.23334074671830654
  },
  "epoch_0": [
    "output/004_vsb_naive_multirun/multirun/seed7/fold0/checkpoints/train.1.pth",
    0.6572947431086865,
    {
      "epoch_mcc": 0.6572947431086865,
      "mcc": 0.6632426106189534,
      "loss": 0.49023350452597086
    }
  ],
  "epoch_1": [
    "output/004_vsb_naive_multirun/multirun/seed7/fold0/checkpoints/train.2.pth",
    0.1325738779355956,
    {
      "epoch_mcc": 0.1325738779355956,
      "mcc": 0.12897421722667599,
      "loss": 0.6925338864736836
    }
  ],
  "epoch_2": [
    "output/004_vsb_naive_multirun/multirun/seed7/fold0/checkpoints/train.3.pth",
    0.6017570828805844,
    {
      "epoch_mcc": 0.6017570828805844,
      "mcc": 0.5975724842740532,
      "loss": 0.2815970148051257
    }
  ],
  "epoch_3": [
    "output/004_vsb_naive_multirun/multirun/seed7/fold0/checkpoints/train.4.pth",
    0.7381607601921852,
    {
      "epoch_mcc": 0.7381607601921852,
      "mcc": 0.7381890520250144,
      "loss": 0.23161041885357922
    }
  ],
  "epoch_4": [
    "output/004_vsb_naive_multirun/multirun/seed7/fold0/checkpoints/train.5.pth",
    0.7254724014190228,
    {
      "epoch_mcc": 0.7254724014190228,
      "mcc": 0.7298429367265468,
      "loss": 0.2529921922800668
    }
  ],
  "epoch_5": [
    "output/004_vsb_naive_multirun/multirun/seed7/fold0/checkpoints/train.6.pth",
    0.721123825994843,
    {
      "epoch_mcc": 0.721123825994843,
      "mcc": 0.7245184680715863,
      "loss": 0.23120710433247577
    }
  ],
  "epoch_6": [
    "output/004_vsb_naive_multirun/multirun/seed7/fold0/checkpoints/train.7.pth",
    0.7930698491159471,
    {
      "epoch_mcc": 0.7930698491159471,
      "mcc": 0.8079736105997841,
      "loss": 0.23334074671830654
    }
  ],
  "epoch_7": [
    "output/004_vsb_naive_multirun/multirun/seed7/fold0/checkpoints/train.8.pth",
    0.6185427247210386,
    {
      "epoch_mcc": 0.6185427247210386,
      "mcc": 0.6265723926664755,
      "loss": 0.16336251726043818
    }
  ],
  "epoch_8": [
    "output/004_vsb_naive_multirun/multirun/seed7/fold0/checkpoints/train.9.pth",
    0.6592781404548959,
    {
      "epoch_mcc": 0.6592781404548959,
      "mcc": 0.6562915034768718,
      "loss": 0.2359627442444048
    }
  ],
  "epoch_9": [
    "output/004_vsb_naive_multirun/multirun/seed7/fold0/checkpoints/train.10.pth",
    0.7633118752612688,
    {
      "epoch_mcc": 0.7633118752612688,
      "mcc": 0.7655727998623805,
      "loss": 0.17565752111901103
    }
  ],
  "epoch_10": [
    "output/004_vsb_naive_multirun/multirun/seed7/fold0/checkpoints/train.11.pth",
    0.7276810738416547,
    {
      "epoch_mcc": 0.7276810738416547,
      "mcc": 0.7131807358707194,
      "loss": 0.12289765782384987
    }
  ],
  "epoch_11": [
    "output/004_vsb_naive_multirun/multirun/seed7/fold0/checkpoints/train.12.pth",
    0.6905818544750347,
    {
      "epoch_mcc": 0.6905818544750347,
      "mcc": 0.6928552812622278,
      "loss": 0.24085035445665534
    }
  ],
  "epoch_12": [
    "output/004_vsb_naive_multirun/multirun/seed7/fold0/checkpoints/train.13.pth",
    0.6204537397771149,
    {
      "epoch_mcc": 0.6204537397771149,
      "mcc": 0.5694963652456659,
      "loss": 0.12229388586779265
    }
  ],
  "epoch_13": [
    "output/004_vsb_naive_multirun/multirun/seed7/fold0/checkpoints/train.14.pth",
    0.759698731824087,
    {
      "epoch_mcc": 0.759698731824087,
      "mcc": 0.7626680759153049,
      "loss": 0.2187237919351525
    }
  ],
  "epoch_14": [
    "output/004_vsb_naive_multirun/multirun/seed7/fold0/checkpoints/train.15.pth",
    0.27369012416571314,
    {
      "epoch_mcc": 0.27369012416571314,
      "mcc": 0.27197066491460414,
      "loss": 0.5688165084630404
    }
  ],
  "epoch_15": [
    "output/004_vsb_naive_multirun/multirun/seed7/fold0/checkpoints/train.16.pth",
    0.7567765567761607,
    {
      "epoch_mcc": 0.7567765567761607,
      "mcc": 0.7819600804422411,
      "loss": 0.13881667953452637
    }
  ],
  "epoch_16": [
    "output/004_vsb_naive_multirun/multirun/seed7/fold0/checkpoints/train.17.pth",
    0.6698546337589448,
    {
      "epoch_mcc": 0.6698546337589448,
      "mcc": 0.6659144232183069,
      "loss": 0.12618625317916607
    }
  ],
  "epoch_17": [
    "output/004_vsb_naive_multirun/multirun/seed7/fold0/checkpoints/train.18.pth",
    0.6616509100807687,
    {
      "epoch_mcc": 0.6616509100807687,
      "mcc": 0.6644751279907151,
      "loss": 0.2717172251613538
    }
  ],
  "epoch_18": [
    "output/004_vsb_naive_multirun/multirun/seed7/fold0/checkpoints/train.19.pth",
    0.6860288576726579,
    {
      "epoch_mcc": 0.6860288576726579,
      "mcc": 0.7187932355407137,
      "loss": 0.218390539006399
    }
  ],
  "epoch_19": [
    "output/004_vsb_naive_multirun/multirun/seed7/fold0/checkpoints/train.20.pth",
    0.739398773118817,
    {
      "epoch_mcc": 0.739398773118817,
      "mcc": 0.7489258203208123,
      "loss": 0.11711166200200784
    }
  ],
  "epoch_20": [
    "output/004_vsb_naive_multirun/multirun/seed7/fold0/checkpoints/train.21.pth",
    0.6448284009708808,
    {
      "epoch_mcc": 0.6448284009708808,
      "mcc": 0.6606301905451019,
      "loss": 0.24393700445375427
    }
  ],
  "epoch_21": [
    "output/004_vsb_naive_multirun/multirun/seed7/fold0/checkpoints/train.22.pth",
    0.6799373500599528,
    {
      "epoch_mcc": 0.6799373500599528,
      "mcc": 0.6915542904993767,
      "loss": 0.11326063746224171
    }
  ],
  "epoch_22": [
    "output/004_vsb_naive_multirun/multirun/seed7/fold0/checkpoints/train.23.pth",
    0.7450684726478466,
    {
      "epoch_mcc": 0.7450684726478466,
      "mcc": 0.7545370201847857,
      "loss": 0.1035937163433807
    }
  ],
  "epoch_23": [
    "output/004_vsb_naive_multirun/multirun/seed7/fold0/checkpoints/train.24.pth",
    0.6512243121545097,
    {
      "epoch_mcc": 0.6512243121545097,
      "mcc": 0.661052217013851,
      "loss": 0.2522382659263742
    }
  ],
  "epoch_24": [
    "output/004_vsb_naive_multirun/multirun/seed7/fold0/checkpoints/train.25.pth",
    0.5743589743586738,
    {
      "epoch_mcc": 0.5743589743586738,
      "mcc": 0.5716912712849729,
      "loss": 0.16756861435053885
    }
  ],
  "epoch_25": [
    "output/004_vsb_naive_multirun/multirun/seed7/fold0/checkpoints/train.26.pth",
    0.7108091306515201,
    {
      "epoch_mcc": 0.7108091306515201,
      "mcc": 0.7325488080440377,
      "loss": 0.14385042974337447
    }
  ],
  "epoch_26": [
    "output/004_vsb_naive_multirun/multirun/seed7/fold0/checkpoints/train.27.pth",
    0.642798437541362,
    {
      "epoch_mcc": 0.642798437541362,
      "mcc": 0.6487367685282588,
      "loss": 0.10580106071884168
    }
  ],
  "epoch_27": [
    "output/004_vsb_naive_multirun/multirun/seed7/fold0/checkpoints/train.28.pth",
    0.6449492427329058,
    {
      "epoch_mcc": 0.6449492427329058,
      "mcc": 0.6727674598876218,
      "loss": 0.1462624131504722
    }
  ],
  "epoch_28": [
    "output/004_vsb_naive_multirun/multirun/seed7/fold0/checkpoints/train.29.pth",
    0.6657643390218841,
    {
      "epoch_mcc": 0.6657643390218841,
      "mcc": 0.667244003695129,
      "loss": 0.15922512073012104
    }
  ],
  "epoch_29": [
    "output/004_vsb_naive_multirun/multirun/seed7/fold0/checkpoints/train.30.pth",
    0.6204537397771149,
    {
      "epoch_mcc": 0.6204537397771149,
      "mcc": 0.6200541802363964,
      "loss": 0.1300670185002936
    }
  ],
  "epoch_30": [
    "output/004_vsb_naive_multirun/multirun/seed7/fold0/checkpoints/train.31.pth",
    0.706076509778511,
    {
      "epoch_mcc": 0.706076509778511,
      "mcc": 0.709369838307493,
      "loss": 0.11050283869090466
    }
  ],