{
  "best": {
    "epoch_mcc": 0.8179700510363267,
    "mcc": 0.8131785763661645,
    "loss": 0.08844551822353353
  },
  "last": {
    "epoch_mcc": 0.7440963010903843,
    "mcc": 0.7387129655997745,
    "loss": 0.11750758332544986
  },
  "train.28": {
    "epoch_mcc": 0.8179700510363267,
    "mcc": 0.8131785763661645,
    "loss": 0.08844551822353353
  },
  "epoch_0": [
    "output/004_vsb_naive_multirun/multirun/seed9/fold1/checkpoints/train.1.pth",
    0.669496836133266,
    {
      "epoch_mcc": 0.669496836133266,
      "mcc": 0.6666781009810478,
      "loss": 0.10438918469797519
    }
  ],
  "epoch_1": [
    "output/004_vsb_naive_multirun/multirun/seed9/fold1/checkpoints/train.2.pth",
    0.7405340866048695,
    {
      "epoch_mcc": 0.7405340866048695,
      "mcc": 0.7425694015758486,
      "loss": 0.0775427056697683
    }
  ],
  "epoch_2": [
    "output/004_vsb_naive_multirun/multirun/seed9/fold1/checkpoints/train.3.pth",
    0.7553008458399425,
    {
      "epoch_mcc": 0.7553008458399425,
      "mcc": 0.7593015528501781,
      "loss": 0.08591559602399701
    }
  ],
  "epoch_3": [
    "output/004_vsb_naive_multirun/multirun/seed9/fold1/checkpoints/train.4.pth",
    0.7331362564421996,
    {
      "epoch_mcc": 0.7331362564421996,
      "mcc": 0.7341224878512234,
      "loss": 0.07125546612653387
    }
  ],
  "epoch_4": [
    "output/004_vsb_naive_multirun/multirun/seed9/fold1/checkpoints/train.5.pth",
    0.7933519425408457,
    {
      "epoch_mcc": 0.7933519425408457,
      "mcc": 0.794114053268836,
      "loss": 0.07357004923479897
    }
  ],
  "epoch_5": [
    "output/004_vsb_naive_multirun/multirun/seed9/fold1/checkpoints/train.6.pth",
    0.7750736561654454,
    {
      "epoch_mcc": 0.7750736561654454,
      "mcc": 0.7778071559802695,
      "loss": 0.07745293185448278
    }
  ],
  "epoch_6": [
    "output/004_vsb_naive_multirun/multirun/seed9/fold1/checkpoints/train.7.pth",
    0.7750736561654454,
    {
      "epoch_mcc": 0.7750736561654454,
      "mcc": 0.7755614250566589,
      "loss": 0.06932275632008422
    }
  ],
  "epoch_7": [
    "output/004_vsb_naive_multirun/multirun/seed9/fold1/checkpoints/train.8.pth",
    0.7167117428323535,
    {
      "epoch_mcc": 0.7167117428323535,
      "mcc": 0.713911184944904,
      "loss": 0.07297191777861262
    }
  ],
  "epoch_8": [
    "output/004_vsb_naive_multirun/multirun/seed9/fold1/checkpoints/train.9.pth",
    0.717202101534495,
    {
      "epoch_mcc": 0.717202101534495,
      "mcc": 0.7130372403934735,
      "loss": 0.12916450196053197
    }
  ],
  "epoch_9": [
    "output/004_vsb_naive_multirun/multirun/seed9/fold1/checkpoints/train.10.pth",
    0.7478187077077585,
    {
      "epoch_mcc": 0.7478187077077585,
      "mcc": 0.7496484621579858,
      "loss": 0.09328466738460396
    }
  ],
  "epoch_10": [
    "output/004_vsb_naive_multirun/multirun/seed9/fold1/checkpoints/train.11.pth",
    0.7899330134701422,
    {
      "epoch_mcc": 0.7899330134701422,
      "mcc": 0.7760832589561846,
      "loss": 0.08511115014296596
    }
  ],
  "epoch_11": [
    "output/004_vsb_naive_multirun/multirun/seed9/fold1/checkpoints/train.12.pth",
    0.7421794481754336,
    {
      "epoch_mcc": 0.7421794481754336,
      "mcc": 0.7449018516525666,
      "loss": 0.07341363795242703
    }
  ],
  "epoch_12": [
    "output/004_vsb_naive_multirun/multirun/seed9/fold1/checkpoints/train.13.pth",
    0.796668535507442,
    {
      "epoch_mcc": 0.796668535507442,
      "mcc": 0.7997482842690229,
      "loss": 0.07420408997601363
    }
  ],
  "epoch_13": [
    "output/004_vsb_naive_multirun/multirun/seed9/fold1/checkpoints/train.14.pth",
    0.8154732836651746,
    {
      "epoch_mcc": 0.8154732836651746,
      "mcc": 0.8014180336465584,
      "loss": 0.06570762779929142
    }
  ],
  "epoch_14": [
    "output/004_vsb_naive_multirun/multirun/seed9/fold1/checkpoints/train.15.pth",
    0.6641529004121258,
    {
      "epoch_mcc": 0.6641529004121258,
      "mcc": 0.6642556605323752,
      "loss": 0.08573579048279435
    }
  ],
  "epoch_15": [
    "output/004_vsb_naive_multirun/multirun/seed9/fold1/checkpoints/train.16.pth",
    0.5675095455905839,
    {
      "epoch_mcc": 0.5675095455905839,
      "mcc": 0.5787622073710023,
      "loss": 0.127425724714225
    }
  ],
  "epoch_16": [
    "output/004_vsb_naive_multirun/multirun/seed9/fold1/checkpoints/train.17.pth",
    0.6832551791323528,
    {
      "epoch_mcc": 0.6832551791323528,
      "mcc": 0.6886014233760992,
      "loss": 0.1657649432525372
    }
  ],
  "epoch_17": [
    "output/004_vsb_naive_multirun/multirun/seed9/fold1/checkpoints/train.18.pth",
    0.543376049799853,
    {
      "epoch_mcc": 0.543376049799853,
      "mcc": 0.5443605489356942,
      "loss": 0.09383887256433139
    }
  ],
  "epoch_18": [
    "output/004_vsb_naive_multirun/multirun/seed9/fold1/checkpoints/train.19.pth",
    0.617173519912,
    {
      "epoch_mcc": 0.617173519912,
      "mcc": 0.6265969140712028,
      "loss": 0.09935689303325089
    }
  ],
  "epoch_19": [
    "output/004_vsb_naive_multirun/multirun/seed9/fold1/checkpoints/train.20.pth",
    0.7788393869470872,
    {
      "epoch_mcc": 0.7788393869470872,
      "mcc": 0.762280402061574,
      "loss": 0.07600047851619335
    }
  ],
  "epoch_20": [
    "output/004_vsb_naive_multirun/multirun/seed9/fold1/checkpoints/train.21.pth",
    0.6351302536751008,
    {
      "epoch_mcc": 0.6351302536751008,
      "mcc": 0.6376613214441202,
      "loss": 0.09338975333562201
    }
  ],
  "epoch_21": [
    "output/004_vsb_naive_multirun/multirun/seed9/fold1/checkpoints/train.22.pth",
    0.723302707900909,
    {
      "epoch_mcc": 0.723302707900909,
      "mcc": 0.7112692759703324,
      "loss": 0.0804454596863864
    }
  ],
  "epoch_22": [
    "output/004_vsb_naive_multirun/multirun/seed9/fold1/checkpoints/train.23.pth",
    0.6769657135346437,
    {
      "epoch_mcc": 0.6769657135346437,
      "mcc": 0.6703516859748067,
      "loss": 0.09656642833900944
    }
  ],
  "epoch_23": [
    "output/004_vsb_naive_multirun/multirun/seed9/fold1/checkpoints/train.24.pth",
    0.7000280245418623,
    {
      "epoch_mcc": 0.7000280245418623,
      "mcc": 0.7074647983709446,
      "loss": 0.10598765759890748
    }
  ],
  "epoch_24": [
    "output/004_vsb_naive_multirun/multirun/seed9/fold1/checkpoints/train.25.pth",
    0.6387164594683569,
    {
      "epoch_mcc": 0.6387164594683569,
      "mcc": 0.6491312429710498,
      "loss": 0.09197297785912036
    }
  ],
  "epoch_25": [
    "output/004_vsb_naive_multirun/multirun/seed9/fold1/checkpoints/train.26.pth",
    0.7629485896210034,
    {
      "epoch_mcc": 0.7629485896210034,
      "mcc": 0.7599247551560313,
      "loss": 0.09079068201544363
    }
  ],
  "epoch_26": [
    "output/004_vsb_naive_multirun/multirun/seed9/fold1/checkpoints/train.27.pth",
    0.617173519912,
    {
      "epoch_mcc": 0.617173519912,
      "mcc": 0.6252398545369746,
      "loss": 0.09865671625800058
    }
  ],
  "epoch_27": [
    "output/004_vsb_naive_multirun/multirun/seed9/fold1/checkpoints/train.28.pth",
    0.8179700510363267,
    {
      "epoch_mcc": 0.8179700510363267,
      "mcc": 0.8131785763661645,
      "loss": 0.08844551822353353
    }
  ],
  "epoch_28": [
    "output/004_vsb_naive_multirun/multirun/seed9/fold1/checkpoints/train.29.pth",
    0.7869437492634483,
    {
      "epoch_mcc": 0.7869437492634483,
      "mcc": 0.7800309224709158,
      "loss": 0.09238817479955144
    }
  ],
  "epoch_29": [
    "output/004_vsb_naive_multirun/multirun/seed9/fold1/checkpoints/train.30.pth",
    0.76309887869482,
    {
      "epoch_mcc": 0.76309887869482,
      "mcc": 0.7574295536839741,
      "loss": 0.08006940934672413
    }
  ],
  "epoch_30": [
    "output/004_vsb_naive_multirun/multirun/seed9/fold1/checkpoints/train.31.pth",
    0.7080458806960408,
    {
      "epoch_mcc": 0.7080458806960408,
      "mcc": 0.7084316047692791,
      "loss": 0.10671785543071628
    }
  ],