{
  "best": {
    "epoch_mcc": 0.7471598132418319,
    "mcc": 0.737875314281906,
    "loss": 0.09691053105713783
  },
  "last": {
    "epoch_mcc": 0.6445315571006011,
    "mcc": 0.6461536860767711,
    "loss": 0.14323700202721942
  },
  "train.42": {
    "epoch_mcc": 0.7471598132418319,
    "mcc": 0.737875314281906,
    "loss": 0.09691053105713783
  },
  "epoch_0": [
    "output/004_vsb_naive_multirun/multirun/seed5/fold0/checkpoints/train.1.pth",
    0.26774965237741305,
    {
      "epoch_mcc": 0.26774965237741305,
      "mcc": 0.26797488081066584,
      "loss": 0.7620481941047511
    }
  ],
  "epoch_1": [
    "output/004_vsb_naive_multirun/multirun/seed5/fold0/checkpoints/train.2.pth",
    0.5730116006658773,
    {
      "epoch_mcc": 0.5730116006658773,
      "mcc": 0.5745196978974823,
      "loss": 0.33865701377699586
    }
  ],
  "epoch_2": [
    "output/004_vsb_naive_multirun/multirun/seed5/fold0/checkpoints/train.3.pth",
    0.5809242980292234,
    {
      "epoch_mcc": 0.5809242980292234,
      "mcc": 0.5831184842953087,
      "loss": 0.40418131369937105
    }
  ],
  "epoch_3": [
    "output/004_vsb_naive_multirun/multirun/seed5/fold0/checkpoints/train.4.pth",
    0.43792542693042597,
    {
      "epoch_mcc": 0.43792542693042597,
      "mcc": 0.4365466678210927,
      "loss": 0.2117360649236098
    }
  ],
  "epoch_4": [
    "output/004_vsb_naive_multirun/multirun/seed5/fold0/checkpoints/train.5.pth",
    0.6600932382075365,
    {
      "epoch_mcc": 0.6600932382075365,
      "mcc": 0.6601690135425152,
      "loss": 0.24014037180685546
    }
  ],
  "epoch_5": [
    "output/004_vsb_naive_multirun/multirun/seed5/fold0/checkpoints/train.6.pth",
    0.568522476320518,
    {
      "epoch_mcc": 0.568522476320518,
      "mcc": 0.5713316485338803,
      "loss": 0.42259635946836815
    }
  ],
  "epoch_6": [
    "output/004_vsb_naive_multirun/multirun/seed5/fold0/checkpoints/train.7.pth",
    0.7316027232859508,
    {
      "epoch_mcc": 0.7316027232859508,
      "mcc": 0.729679523083034,
      "loss": 0.15977862710694232
    }
  ],
  "epoch_7": [
    "output/004_vsb_naive_multirun/multirun/seed5/fold0/checkpoints/train.8.pth",
    0.6835315922641408,
    {
      "epoch_mcc": 0.6835315922641408,
      "mcc": 0.6834866716607904,
      "loss": 0.3741861907011876
    }
  ],
  "epoch_8": [
    "output/004_vsb_naive_multirun/multirun/seed5/fold0/checkpoints/train.9.pth",
    0.7445720569127751,
    {
      "epoch_mcc": 0.7445720569127751,
      "mcc": 0.7416253299470739,
      "loss": 0.12446204901203231
    }
  ],
  "epoch_9": [
    "output/004_vsb_naive_multirun/multirun/seed5/fold0/checkpoints/train.10.pth",
    0.7254724014190228,
    {
      "epoch_mcc": 0.7254724014190228,
      "mcc": 0.7226930286041542,
      "loss": 0.15365128985986037
    }
  ],
  "epoch_10": [
    "output/004_vsb_naive_multirun/multirun/seed5/fold0/checkpoints/train.11.pth",
    0.5796738616228665,
    {
      "epoch_mcc": 0.5796738616228665,
      "mcc": 0.5818505929779029,
      "loss": 0.2659161496336817
    }
  ],
  "epoch_11": [
    "output/004_vsb_naive_multirun/multirun/seed5/fold0/checkpoints/train.12.pth",
    0.6799373500599528,
    {
      "epoch_mcc": 0.6799373500599528,
      "mcc": 0.6814213417648365,
      "loss": 0.12125716190432517
    }
  ],
  "epoch_12": [
    "output/004_vsb_naive_multirun/multirun/seed5/fold0/checkpoints/train.13.pth",
    0.3346257251354958,
    {
      "epoch_mcc": 0.3346257251354958,
      "mcc": 0.33339704667965847,
      "loss": 0.5759543023503381
    }
  ],
  "epoch_13": [
    "output/004_vsb_naive_multirun/multirun/seed5/fold0/checkpoints/train.14.pth",
    0.6555980018368027,
    {
      "epoch_mcc": 0.6555980018368027,
      "mcc": 0.6536466581687674,
      "loss": 0.20688568907124655
    }
  ],
  "epoch_14": [
    "output/004_vsb_naive_multirun/multirun/seed5/fold0/checkpoints/train.15.pth",
    0.642798437541362,
    {
      "epoch_mcc": 0.642798437541362,
      "mcc": 0.6335306874966513,
      "loss": 0.18221129564225366
    }
  ],
  "epoch_15": [
    "output/004_vsb_naive_multirun/multirun/seed5/fold0/checkpoints/train.16.pth",
    0.7276810738416547,
    {
      "epoch_mcc": 0.7276810738416547,
      "mcc": 0.7210470489769683,
      "loss": 0.10043565689132464
    }
  ],
  "epoch_16": [
    "output/004_vsb_naive_multirun/multirun/seed5/fold0/checkpoints/train.17.pth",
    0.6959706959703318,
    {
      "epoch_mcc": 0.6959706959703318,
      "mcc": 0.7012173525661537,
      "loss": 0.17076916828520738
    }
  ],
  "epoch_17": [
    "output/004_vsb_naive_multirun/multirun/seed5/fold0/checkpoints/train.18.pth",
    0.7125927165347954,
    {
      "epoch_mcc": 0.7125927165347954,
      "mcc": 0.7121948372486658,
      "loss": 0.25943999102727067
    }
  ],
  "epoch_18": [
    "output/004_vsb_naive_multirun/multirun/seed5/fold0/checkpoints/train.19.pth",
    0.6534826351084148,
    {
      "epoch_mcc": 0.6534826351084148,
      "mcc": 0.6613654015463307,
      "loss": 0.12016375557793603
    }
  ],
  "epoch_19": [
    "output/004_vsb_naive_multirun/multirun/seed5/fold0/checkpoints/train.20.pth",
    0.4680893645500123,
    {
      "epoch_mcc": 0.4680893645500123,
      "mcc": 0.47053707066941386,
      "loss": 0.29382960593228497
    }
  ],
  "epoch_20": [
    "output/004_vsb_naive_multirun/multirun/seed5/fold0/checkpoints/train.21.pth",
    0.6573089905589546,
    {
      "epoch_mcc": 0.6573089905589546,
      "mcc": 0.665220894497971,
      "loss": 0.14363750346043433
    }
  ],
  "epoch_21": [
    "output/004_vsb_naive_multirun/multirun/seed5/fold0/checkpoints/train.22.pth",
    0.4342132320649453,
    {
      "epoch_mcc": 0.4342132320649453,
      "mcc": 0.43773145347803827,
      "loss": 0.3774060497185449
    }
  ],
  "epoch_22": [
    "output/004_vsb_naive_multirun/multirun/seed5/fold0/checkpoints/train.23.pth",
    0.7073421771459321,
    {
      "epoch_mcc": 0.7073421771459321,
      "mcc": 0.706637209138375,
      "loss": 0.1140281123056264
    }
  ],
  "epoch_23": [
    "output/004_vsb_naive_multirun/multirun/seed5/fold0/checkpoints/train.24.pth",
    0.6254463750055352,
    {
      "epoch_mcc": 0.6254463750055352,
      "mcc": 0.6296677707914383,
      "loss": 0.13095331739589391
    }
  ],
  "epoch_24": [
    "output/004_vsb_naive_multirun/multirun/seed5/fold0/checkpoints/train.25.pth",
    0.401889099702047,
    {
      "epoch_mcc": 0.401889099702047,
      "mcc": 0.37030612642288424,
      "loss": 0.1580513391303934
    }
  ],
  "epoch_25": [
    "output/004_vsb_naive_multirun/multirun/seed5/fold0/checkpoints/train.26.pth",
    0.7381607601921852,
    {
      "epoch_mcc": 0.7381607601921852,
      "mcc": 0.7396611362563295,
      "loss": 0.10656711002635463
    }
  ],
  "epoch_26": [
    "output/004_vsb_naive_multirun/multirun/seed5/fold0/checkpoints/train.27.pth",
    0.5399874429180407,
    {
      "epoch_mcc": 0.5399874429180407,
      "mcc": 0.5746017166116038,
      "loss": 0.14392715469387435
    }
  ],
  "epoch_27": [
    "output/004_vsb_naive_multirun/multirun/seed5/fold0/checkpoints/train.28.pth",
    0.7021322327099526,
    {
      "epoch_mcc": 0.7021322327099526,
      "mcc": 0.7028688461846366,
      "loss": 0.10846891815865511
    }
  ],
  "epoch_28": [
    "output/004_vsb_naive_multirun/multirun/seed5/fold0/checkpoints/train.29.pth",
    0.6573089905589546,
    {
      "epoch_mcc": 0.6573089905589546,
      "mcc": 0.657180904206921,
      "loss": 0.13120080828153738
    }
  ],
  "epoch_29": [
    "output/004_vsb_naive_multirun/multirun/seed5/fold0/checkpoints/train.30.pth",
    0.6942373258541057,
    {
      "epoch_mcc": 0.6942373258541057,
      "mcc": 0.6958785509659301,
      "loss": 0.1607141664537013
    }
  ],
  "epoch_30": [
    "output/004_vsb_naive_multirun/multirun/seed5/fold0/checkpoints/train.31.pth",
    0.49560494224907065,
    {
      "epoch_mcc": 0.49560494224907065,
      "mcc": 0.48576968512806035,
      "loss": 0.12914440591087029
    }
  ],