{
  "best": {
    "epoch_mcc": 0.7689793432384384,
    "mcc": 0.7677895278425759,
    "loss": 0.10204349818564118
  },
  "last": {
    "epoch_mcc": 0.6555980018368027,
    "mcc": 0.6532093958279386,
    "loss": 0.14184477750898022
  },
  "train.9": {
    "epoch_mcc": 0.7689793432384384,
    "mcc": 0.7677895278425759,
    "loss": 0.10204349818564118
  },
  "epoch_0": [
    "output/004_vsb_naive_multirun/multirun/seed5/fold0/checkpoints/train.1.pth",
    0.401889099702047,
    {
      "epoch_mcc": 0.401889099702047,
      "mcc": 0.40357049202728684,
      "loss": 0.12513640849961677
    }
  ],
  "epoch_1": [
    "output/004_vsb_naive_multirun/multirun/seed5/fold0/checkpoints/train.2.pth",
    0.6644771700133001,
    {
      "epoch_mcc": 0.6644771700133001,
      "mcc": 0.6661391009247899,
      "loss": 0.10395074852464942
    }
  ],
  "epoch_2": [
    "output/004_vsb_naive_multirun/multirun/seed5/fold0/checkpoints/train.3.pth",
    0.6744997171504808,
    {
      "epoch_mcc": 0.6744997171504808,
      "mcc": 0.6747022382681908,
      "loss": 0.11101115208997579
    }
  ],
  "epoch_3": [
    "output/004_vsb_naive_multirun/multirun/seed5/fold0/checkpoints/train.4.pth",
    0.6381077654708963,
    {
      "epoch_mcc": 0.6381077654708963,
      "mcc": 0.638722945038583,
      "loss": 0.09879983711519669
    }
  ],
  "epoch_4": [
    "output/004_vsb_naive_multirun/multirun/seed5/fold0/checkpoints/train.5.pth",
    0.7041974852861224,
    {
      "epoch_mcc": 0.7041974852861224,
      "mcc": 0.7070585624726685,
      "loss": 0.11202885388763759
    }
  ],
  "epoch_5": [
    "output/004_vsb_naive_multirun/multirun/seed5/fold0/checkpoints/train.6.pth",
    0.6381077654708963,
    {
      "epoch_mcc": 0.6381077654708963,
      "mcc": 0.6385218818860591,
      "loss": 0.11702916085104524
    }
  ],
  "epoch_6": [
    "output/004_vsb_naive_multirun/multirun/seed5/fold0/checkpoints/train.7.pth",
    0.6232598445700166,
    {
      "epoch_mcc": 0.6232598445700166,
      "mcc": 0.6214313849190954,
      "loss": 0.12969986555806126
    }
  ],
  "epoch_7": [
    "output/004_vsb_naive_multirun/multirun/seed5/fold0/checkpoints/train.8.pth",
    0.6313944727242927,
    {
      "epoch_mcc": 0.6313944727242927,
      "mcc": 0.6325400696261468,
      "loss": 0.10880037348416094
    }
  ],
  "epoch_8": [
    "output/004_vsb_naive_multirun/multirun/seed5/fold0/checkpoints/train.9.pth",
    0.7689793432384384,
    {
      "epoch_mcc": 0.7689793432384384,
      "mcc": 0.7677895278425759,
      "loss": 0.10204349818564118
    }
  ],
  "epoch_9": [
    "output/004_vsb_naive_multirun/multirun/seed5/fold0/checkpoints/train.10.pth",
    0.7381607601921852,
    {
      "epoch_mcc": 0.7381607601921852,
      "mcc": 0.7379110730669062,
      "loss": 0.09343431823327496
    }
  ],
  "epoch_10": [
    "output/004_vsb_naive_multirun/multirun/seed5/fold0/checkpoints/train.11.pth",
    0.6799373500599528,
    {
      "epoch_mcc": 0.6799373500599528,
      "mcc": 0.6814213417648365,
      "loss": 0.10142601422465401
    }
  ],
  "epoch_11": [
    "output/004_vsb_naive_multirun/multirun/seed5/fold0/checkpoints/train.12.pth",
    0.6236298761827419,
    {
      "epoch_mcc": 0.6236298761827419,
      "mcc": 0.6230937709610916,
      "loss": 0.11228701291467975
    }
  ],
  "epoch_12": [
    "output/004_vsb_naive_multirun/multirun/seed5/fold0/checkpoints/train.13.pth",
    0.5974228797436864,
    {
      "epoch_mcc": 0.5974228797436864,
      "mcc": 0.5954202137907085,
      "loss": 0.1463261367480644
    }
  ],
  "epoch_13": [
    "output/004_vsb_naive_multirun/multirun/seed5/fold0/checkpoints/train.14.pth",
    0.5320457390878436,
    {
      "epoch_mcc": 0.5320457390878436,
      "mcc": 0.5249872743716656,
      "loss": 0.13304649680699004
    }
  ],
  "epoch_14": [
    "output/004_vsb_naive_multirun/multirun/seed5/fold0/checkpoints/train.15.pth",
    0.7581619830247659,
    {
      "epoch_mcc": 0.7581619830247659,
      "mcc": 0.7589338964876204,
      "loss": 0.10033058123775275
    }
  ],
  "epoch_15": [
    "output/004_vsb_naive_multirun/multirun/seed5/fold0/checkpoints/train.16.pth",
    0.7150632891302477,
    {
      "epoch_mcc": 0.7150632891302477,
      "mcc": 0.7149523546303186,
      "loss": 0.10013469216283956
    }
  ],
  "epoch_16": [
    "output/004_vsb_naive_multirun/multirun/seed5/fold0/checkpoints/train.17.pth",
    0.7041974852861224,
    {
      "epoch_mcc": 0.7041974852861224,
      "mcc": 0.7023594568814651,
      "loss": 0.10430171220161008
    }
  ],
  "epoch_17": [
    "output/004_vsb_naive_multirun/multirun/seed5/fold0/checkpoints/train.18.pth",
    0.6927828198132796,
    {
      "epoch_mcc": 0.6927828198132796,
      "mcc": 0.6920345993442545,
      "loss": 0.10657192265259009
    }
  ],
  "epoch_18": [
    "output/004_vsb_naive_multirun/multirun/seed5/fold0/checkpoints/train.19.pth",
    0.6905818544750347,
    {
      "epoch_mcc": 0.6905818544750347,
      "mcc": 0.6934739685581117,
      "loss": 0.12325867523219622
    }
  ],
  "epoch_19": [
    "output/004_vsb_naive_multirun/multirun/seed5/fold0/checkpoints/train.20.pth",
    0.6597527177617992,
    {
      "epoch_mcc": 0.6597527177617992,
      "mcc": 0.6580147436404775,
      "loss": 0.13754267191671463
    }
  ],
  "epoch_20": [
    "output/004_vsb_naive_multirun/multirun/seed5/fold0/checkpoints/train.21.pth",
    0.7392069715461251,
    {
      "epoch_mcc": 0.7392069715461251,
      "mcc": 0.7403249304801209,
      "loss": 0.10652309491999588
    }
  ],
  "epoch_21": [
    "output/004_vsb_naive_multirun/multirun/seed5/fold0/checkpoints/train.22.pth",
    0.597631965979185,
    {
      "epoch_mcc": 0.597631965979185,
      "mcc": 0.5990855826760279,
      "loss": 0.17004437843360096
    }
  ],
  "epoch_22": [
    "output/004_vsb_naive_multirun/multirun/seed5/fold0/checkpoints/train.23.pth",
    0.607200437940082,
    {
      "epoch_mcc": 0.607200437940082,
      "mcc": 0.6087769914507567,
      "loss": 0.16850978890097285
    }
  ],
  "epoch_23": [
    "output/004_vsb_naive_multirun/multirun/seed5/fold0/checkpoints/train.24.pth",
    0.6017570828805844,
    {
      "epoch_mcc": 0.6017570828805844,
      "mcc": 0.6037325342542892,
      "loss": 0.1267628667302263
    }
  ],
  "epoch_24": [
    "output/004_vsb_naive_multirun/multirun/seed5/fold0/checkpoints/train.25.pth",
    0.6836849963625626,
    {
      "epoch_mcc": 0.6836849963625626,
      "mcc": 0.6843156531261072,
      "loss": 0.11552535990019058
    }
  ],
  "epoch_25": [
    "output/004_vsb_naive_multirun/multirun/seed5/fold0/checkpoints/train.26.pth",
    0.6759095255605989,
    {
      "epoch_mcc": 0.6759095255605989,
      "mcc": 0.6743732246579416,
      "loss": 0.12992447880120778
    }
  ],
  "epoch_26": [
    "output/004_vsb_naive_multirun/multirun/seed5/fold0/checkpoints/train.27.pth",
    0.6937469351172146,
    {
      "epoch_mcc": 0.6937469351172146,
      "mcc": 0.692217879908485,
      "loss": 0.10478161081748658
    }
  ],
  "epoch_27": [
    "output/004_vsb_naive_multirun/multirun/seed5/fold0/checkpoints/train.28.pth",
    0.6928778243159511,
    {
      "epoch_mcc": 0.6928778243159511,
      "mcc": 0.6890242093651547,
      "loss": 0.12752665851181838
    }
  ],
  "epoch_28": [
    "output/004_vsb_naive_multirun/multirun/seed5/fold0/checkpoints/train.29.pth",
    0.6116794889058633,
    {
      "epoch_mcc": 0.6116794889058633,
      "mcc": 0.6106369945933366,
      "loss": 0.17181147663195245
    }
  ],
  "epoch_29": [
    "output/004_vsb_naive_multirun/multirun/seed5/fold0/checkpoints/train.30.pth",
    0.6646318226370592,
    {
      "epoch_mcc": 0.6646318226370592,
      "mcc": 0.6655943340369591,
      "loss": 0.14113116840128234
    }
  ],
  "epoch_30": [
    "output/004_vsb_naive_multirun/multirun/seed5/fold0/checkpoints/train.31.pth",
    0.7254724014190228,
    {
      "epoch_mcc": 0.7254724014190228,
      "mcc": 0.7226930286041542,
      "loss": 0.13089216883949897
    }
  ],