{
  "best": {
    "epoch_mcc": 0.7000280245418623,
    "epoch_domain_auc": 0.3113985324134009,
    "mcc": 0.7105386737459461,
    "domain_auc": 0.3109484186791584,
    "loss": 0.9090213943881956
  },
  "last": {
    "epoch_mcc": 0.5435935857438426,
    "epoch_domain_auc": 0.5315276350052287,
    "mcc": 0.5497110830237353,
    "domain_auc": 0.5318647059386167,
    "loss": 0.8495959741113108
  },
  "train.3": {
    "epoch_mcc": 0.7000280245418623,
    "epoch_domain_auc": 0.3113985324134009,
    "mcc": 0.7105386737459461,
    "domain_auc": 0.3109484186791584,
    "loss": 0.9090213943881956
  },
  "epoch_0": [
    "output/001_vsb/fold2/checkpoints/train.1.pth",
    0.49209209336256904,
    {
      "epoch_mcc": 0.49209209336256904,
      "epoch_domain_auc": 0.39423393105246163,
      "mcc": 0.5053262081712758,
      "domain_auc": 0.39444659509150226,
      "loss": 0.8782382083226399
    }
  ],
  "epoch_1": [
    "output/001_vsb/fold2/checkpoints/train.2.pth",
    0.5886328687276383,
    {
      "epoch_mcc": 0.5886328687276383,
      "epoch_domain_auc": 0.3179988209538424,
      "mcc": 0.595552132830897,
      "domain_auc": 0.31626973488844956,
      "loss": 0.9111072583165719
    }
  ],
  "epoch_2": [
    "output/001_vsb/fold2/checkpoints/train.3.pth",
    0.7000280245418623,
    {
      "epoch_mcc": 0.7000280245418623,
      "epoch_domain_auc": 0.3113985324134009,
      "mcc": 0.7105386737459461,
      "domain_auc": 0.3109484186791584,
      "loss": 0.9090213943881956
    }
  ],
  "epoch_3": [
    "output/001_vsb/fold2/checkpoints/train.4.pth",
    0.6951162093271308,
    {
      "epoch_mcc": 0.6951162093271308,
      "epoch_domain_auc": 0.3301329241233436,
      "mcc": 0.7026684087487266,
      "domain_auc": 0.3295630088085895,
      "loss": 0.861160466880273
    }
  ],
  "epoch_4": [
    "output/001_vsb/fold2/checkpoints/train.5.pth",
    0.6387164594683569,
    {
      "epoch_mcc": 0.6387164594683569,
      "epoch_domain_auc": 0.34867179561619976,
      "mcc": 0.6387314838749292,
      "domain_auc": 0.3475365671631917,
      "loss": 0.8580366499247526
    }
  ],
  "epoch_5": [
    "output/001_vsb/fold2/checkpoints/train.6.pth",
    0.5504419354157568,
    {
      "epoch_mcc": 0.5504419354157568,
      "epoch_domain_auc": 0.31340705827983684,
      "mcc": 0.5567248474516626,
      "domain_auc": 0.3125254559133774,
      "loss": 0.8555864352162241
    }
  ],
  "epoch_6": [
    "output/001_vsb/fold2/checkpoints/train.7.pth",
    0.617460102206004,
    {
      "epoch_mcc": 0.617460102206004,
      "epoch_domain_auc": 0.4134778602978425,
      "mcc": 0.6536405344699032,
      "domain_auc": 0.41444873043723807,
      "loss": 0.8442594469516905
    }
  ],
  "epoch_7": [
    "output/001_vsb/fold2/checkpoints/train.8.pth",
    0.6351302536751008,
    {
      "epoch_mcc": 0.6351302536751008,
      "epoch_domain_auc": 0.31051572900897917,
      "mcc": 0.6423493271858093,
      "domain_auc": 0.3105235701595881,
      "loss": 0.8416757111705314
    }
  ],
  "epoch_8": [
    "output/001_vsb/fold2/checkpoints/train.9.pth",
    0.6250306492042174,
    {
      "epoch_mcc": 0.6250306492042174,
      "epoch_domain_auc": 0.18384232775705725,
      "mcc": 0.6556025674759334,
      "domain_auc": 0.18400054548172137,
      "loss": 0.8349369257534638
    }
  ],
  "epoch_9": [
    "output/001_vsb/fold2/checkpoints/train.10.pth",
    0.6133039043359947,
    {
      "epoch_mcc": 0.6133039043359947,
      "epoch_domain_auc": 0.2731091565672574,
      "mcc": 0.6102485697623563,
      "domain_auc": 0.27279129448400713,
      "loss": 0.8558176361960511
    }
  ],
  "epoch_10": [
    "output/001_vsb/fold2/checkpoints/train.11.pth",
    0.49928685504365455,
    {
      "epoch_mcc": 0.49928685504365455,
      "epoch_domain_auc": 0.30763328702071624,
      "mcc": 0.49626050953116024,
      "domain_auc": 0.30759843537078924,
      "loss": 0.9004292305488389
    }
  ],
  "epoch_11": [
    "output/001_vsb/fold2/checkpoints/train.12.pth",
    0.6463566467327208,
    {
      "epoch_mcc": 0.6463566467327208,
      "epoch_domain_auc": 0.3740597995621532,
      "mcc": 0.665601845622164,
      "domain_auc": 0.374682677353842,
      "loss": 0.8194777549031269
    }
  ],
  "epoch_12": [
    "output/001_vsb/fold2/checkpoints/train.13.pth",
    0.5084116905319487,
    {
      "epoch_mcc": 0.5084116905319487,
      "epoch_domain_auc": 0.393836965763225,
      "mcc": 0.5125937718238937,
      "domain_auc": 0.39312503983133273,
      "loss": 0.82734271488994
    }
  ],
  "epoch_13": [
    "output/001_vsb/fold2/checkpoints/train.14.pth",
    0.5604456185577334,
    {
      "epoch_mcc": 0.5604456185577334,
      "epoch_domain_auc": 0.4773492790932602,
      "mcc": 0.5588644015438706,
      "domain_auc": 0.4770444837144305,
      "loss": 0.8758503642837275
    }
  ],
  "epoch_14": [
    "output/001_vsb/fold2/checkpoints/train.15.pth",
    0.575510362140366,
    {
      "epoch_mcc": 0.575510362140366,
      "epoch_domain_auc": 0.506527709065917,
      "mcc": 0.5793836488439684,
      "domain_auc": 0.5064018404174768,
      "loss": 0.8246746691081692
    }
  ],
  "epoch_15": [
    "output/001_vsb/fold2/checkpoints/train.16.pth",
    0.6295487902802823,
    {
      "epoch_mcc": 0.6295487902802823,
      "epoch_domain_auc": 0.48318970497184216,
      "mcc": 0.6429292049524871,
      "domain_auc": 0.4837210526343892,
      "loss": 0.8198873325797654
    }
  ],
  "epoch_16": [
    "output/001_vsb/fold2/checkpoints/train.17.pth",
    0.6004373311544063,
    {
      "epoch_mcc": 0.6004373311544063,
      "epoch_domain_auc": 0.5592840997627095,
      "mcc": 0.6127465046141053,
      "domain_auc": 0.5566030892041934,
      "loss": 0.8174651798611048
    }
  ],
  "epoch_17": [
    "output/001_vsb/fold2/checkpoints/train.18.pth",
    0.6088441793473796,
    {
      "epoch_mcc": 0.6088441793473796,
      "epoch_domain_auc": 0.5418131833950012,
      "mcc": 0.6276640560687305,
      "domain_auc": 0.5401686845300705,
      "loss": 0.8148520880229707
    }
  ],
  "epoch_18": [
    "output/001_vsb/fold2/checkpoints/train.19.pth",
    0.6260931054257936,
    {
      "epoch_mcc": 0.6260931054257936,
      "epoch_domain_auc": 0.5325052360906621,
      "mcc": 0.6529472481160741,
      "domain_auc": 0.5305974094743925,
      "loss": 0.8235934044325823
    }
  ],
  "epoch_19": [
    "output/001_vsb/fold2/checkpoints/train.20.pth",
    0.5703401597207761,
    {
      "epoch_mcc": 0.5703401597207761,
      "epoch_domain_auc": 0.5490326192895506,
      "mcc": 0.5907970310248751,
      "domain_auc": 0.5465426719711373,
      "loss": 0.8328788451811943
    }
  ],
  "epoch_20": [
    "output/001_vsb/fold2/checkpoints/train.21.pth",
    0.5530059499933011,
    {
      "epoch_mcc": 0.5530059499933011,
      "epoch_domain_auc": 0.5378272371512112,
      "mcc": 0.5733964194589394,
      "domain_auc": 0.5371267354793393,
      "loss": 0.8436908456216375
    }
  ],
  "epoch_21": [
    "output/001_vsb/fold2/checkpoints/train.22.pth",
    0.5435935857438426,
    {
      "epoch_mcc": 0.5435935857438426,
      "epoch_domain_auc": 0.5179197241387482,
      "mcc": 0.5534901048715034,
      "domain_auc": 0.5171757125943626,
      "loss": 0.884172908820712
    }
  ],
  "epoch_22": [
    "output/001_vsb/fold2/checkpoints/train.23.pth",
    0.6295487902802823,
    {
      "epoch_mcc": 0.6295487902802823,
      "epoch_domain_auc": 0.5282008288872234,
      "mcc": 0.6419296674814544,
      "domain_auc": 0.5272676882380226,
      "loss": 0.8424922980868262
    }
  ],
  "epoch_23": [
    "output/001_vsb/fold2/checkpoints/train.24.pth",
    0.5521256570969739,
    {
      "epoch_mcc": 0.5521256570969739,
      "epoch_domain_auc": 0.49205625057397034,
      "mcc": 0.563002118057903,
      "domain_auc": 0.49170376811444283,
      "loss": 0.8556628382144409
    }
  ],
  "epoch_24": [
    "output/001_vsb/fold2/checkpoints/train.25.pth",
    0.5721002077102763,
    {
      "epoch_mcc": 0.5721002077102763,
      "epoch_domain_auc": 0.4950971824351747,