{
  "best": {
    "epoch_mcc": 0.7150313268932518,
    "mcc": 0.7212481925450945,
    "loss": 0.1782281773871389
  },
  "last": {
    "epoch_mcc": 0.6456664566665565,
    "mcc": 0.6403185168959329,
    "loss": 0.13901710756893815
  },
  "train.11": {
    "epoch_mcc": 0.7150313268932518,
    "mcc": 0.7212481925450945,
    "loss": 0.1782281773871389
  },
  "epoch_0": [
    "output/004_vsb_naive_multirun/multirun/seed5/fold4/checkpoints/train.1.pth",
    0.12172778514143634,
    {
      "epoch_mcc": 0.12172778514143634,
      "mcc": 0.12200282702915702,
      "loss": 0.8463016111275246
    }
  ],
  "epoch_1": [
    "output/004_vsb_naive_multirun/multirun/seed5/fold4/checkpoints/train.2.pth",
    0.5349270790551756,
    {
      "epoch_mcc": 0.5349270790551756,
      "mcc": 0.5297333386380442,
      "loss": 0.3059618635424252
    }
  ],
  "epoch_2": [
    "output/004_vsb_naive_multirun/multirun/seed5/fold4/checkpoints/train.3.pth",
    0.4563059054104336,
    {
      "epoch_mcc": 0.4563059054104336,
      "mcc": 0.4528879536640413,
      "loss": 0.22978811459294682
    }
  ],
  "epoch_3": [
    "output/004_vsb_naive_multirun/multirun/seed5/fold4/checkpoints/train.4.pth",
    0.5743119266052035,
    {
      "epoch_mcc": 0.5743119266052035,
      "mcc": 0.5723367472867815,
      "loss": 0.2607632814810194
    }
  ],
  "epoch_4": [
    "output/004_vsb_naive_multirun/multirun/seed5/fold4/checkpoints/train.5.pth",
    0.4682339704958714,
    {
      "epoch_mcc": 0.4682339704958714,
      "mcc": 0.47360965233591446,
      "loss": 0.5292730758930074
    }
  ],
  "epoch_5": [
    "output/004_vsb_naive_multirun/multirun/seed5/fold4/checkpoints/train.6.pth",
    0.5840225809683502,
    {
      "epoch_mcc": 0.5840225809683502,
      "mcc": 0.574805664219966,
      "loss": 0.21674467304657247
    }
  ],
  "epoch_6": [
    "output/004_vsb_naive_multirun/multirun/seed5/fold4/checkpoints/train.7.pth",
    0.5350020170017766,
    {
      "epoch_mcc": 0.5350020170017766,
      "mcc": 0.5342075799342192,
      "loss": 0.2797784250358055
    }
  ],
  "epoch_7": [
    "output/004_vsb_naive_multirun/multirun/seed5/fold4/checkpoints/train.8.pth",
    0.5882273018753619,
    {
      "epoch_mcc": 0.5882273018753619,
      "mcc": 0.5909101977398217,
      "loss": 0.18957036466434085
    }
  ],
  "epoch_8": [
    "output/004_vsb_naive_multirun/multirun/seed5/fold4/checkpoints/train.9.pth",
    0.4699963371600852,
    {
      "epoch_mcc": 0.4699963371600852,
      "mcc": 0.4710997094440524,
      "loss": 0.2341423760200369
    }
  ],
  "epoch_9": [
    "output/004_vsb_naive_multirun/multirun/seed5/fold4/checkpoints/train.10.pth",
    0.6235959445391991,
    {
      "epoch_mcc": 0.6235959445391991,
      "mcc": 0.622528447749386,
      "loss": 0.18566056191921235
    }
  ],
  "epoch_10": [
    "output/004_vsb_naive_multirun/multirun/seed5/fold4/checkpoints/train.11.pth",
    0.7150313268932518,
    {
      "epoch_mcc": 0.7150313268932518,
      "mcc": 0.7212481925450945,
      "loss": 0.1782281773871389
    }
  ],
  "epoch_11": [
    "output/004_vsb_naive_multirun/multirun/seed5/fold4/checkpoints/train.12.pth",
    0.6250056750268076,
    {
      "epoch_mcc": 0.6250056750268076,
      "mcc": 0.6162578013486436,
      "loss": 0.20183555175518167
    }
  ],
  "epoch_12": [
    "output/004_vsb_naive_multirun/multirun/seed5/fold4/checkpoints/train.13.pth",
    0.43552774845023073,
    {
      "epoch_mcc": 0.43552774845023073,
      "mcc": 0.43305169843637165,
      "loss": 0.4128358423709869
    }
  ],
  "epoch_13": [
    "output/004_vsb_naive_multirun/multirun/seed5/fold4/checkpoints/train.14.pth",
    0.5879443281929462,
    {
      "epoch_mcc": 0.5879443281929462,
      "mcc": 0.5995120461673098,
      "loss": 0.16385065538102184
    }
  ],
  "epoch_14": [
    "output/004_vsb_naive_multirun/multirun/seed5/fold4/checkpoints/train.15.pth",
    0.6572663981140159,
    {
      "epoch_mcc": 0.6572663981140159,
      "mcc": 0.6535801907780281,
      "loss": 0.22568263555395193
    }
  ],
  "epoch_15": [
    "output/004_vsb_naive_multirun/multirun/seed5/fold4/checkpoints/train.16.pth",
    0.6258258640813243,
    {
      "epoch_mcc": 0.6258258640813243,
      "mcc": 0.6242605371649952,
      "loss": 0.22853020963997678
    }
  ],
  "epoch_16": [
    "output/004_vsb_naive_multirun/multirun/seed5/fold4/checkpoints/train.17.pth",
    0.7150313268932518,
    {
      "epoch_mcc": 0.7150313268932518,
      "mcc": 0.7103177280140869,
      "loss": 0.1378272778515158
    }
  ],
  "epoch_17": [
    "output/004_vsb_naive_multirun/multirun/seed5/fold4/checkpoints/train.18.pth",
    0.5074592606810341,
    {
      "epoch_mcc": 0.5074592606810341,
      "mcc": 0.5069900841108431,
      "loss": 0.4182569516116175
    }
  ],
  "epoch_18": [
    "output/004_vsb_naive_multirun/multirun/seed5/fold4/checkpoints/train.19.pth",
    0.5738827338125407,
    {
      "epoch_mcc": 0.5738827338125407,
      "mcc": 0.5776685623583666,
      "loss": 0.21482945310658422
    }
  ],
  "epoch_19": [
    "output/004_vsb_naive_multirun/multirun/seed5/fold4/checkpoints/train.20.pth",
    0.54740155061359,
    {
      "epoch_mcc": 0.54740155061359,
      "mcc": 0.549031120136575,
      "loss": 0.30373301701299077
    }
  ],
  "epoch_20": [
    "output/004_vsb_naive_multirun/multirun/seed5/fold4/checkpoints/train.21.pth",
    0.6456664566665565,
    {
      "epoch_mcc": 0.6456664566665565,
      "mcc": 0.6454760982737802,
      "loss": 0.13688196354898913
    }
  ],
  "epoch_21": [
    "output/004_vsb_naive_multirun/multirun/seed5/fold4/checkpoints/train.22.pth",
    0.5653680311541361,
    {
      "epoch_mcc": 0.5653680311541361,
      "mcc": 0.5769632391151536,
      "loss": 0.14704700538824345
    }
  ],
  "epoch_22": [
    "output/004_vsb_naive_multirun/multirun/seed5/fold4/checkpoints/train.23.pth",
    0.6834934218040376,
    {
      "epoch_mcc": 0.6834934218040376,
      "mcc": 0.6814884644879715,
      "loss": 0.14394402730053868
    }
  ],
  "epoch_23": [
    "output/004_vsb_naive_multirun/multirun/seed5/fold4/checkpoints/train.24.pth",
    0.6657231972874261,
    {
      "epoch_mcc": 0.6657231972874261,
      "mcc": 0.6661357696646624,
      "loss": 0.16273755996391692
    }
  ],
  "epoch_24": [
    "output/004_vsb_naive_multirun/multirun/seed5/fold4/checkpoints/train.25.pth",
    0.5749354278897122,
    {
      "epoch_mcc": 0.5749354278897122,
      "mcc": 0.5840624147520894,
      "loss": 0.13811763463349178
    }
  ],
  "epoch_25": [
    "output/004_vsb_naive_multirun/multirun/seed5/fold4/checkpoints/train.26.pth",
    0.5798435298476691,
    {
      "epoch_mcc": 0.5798435298476691,
      "mcc": 0.5808918240257019,
      "loss": 0.1623403182831304
    }
  ],
  "epoch_26": [
    "output/004_vsb_naive_multirun/multirun/seed5/fold4/checkpoints/train.27.pth",
    0.587010680513704,
    {
      "epoch_mcc": 0.587010680513704,
      "mcc": 0.577423778196597,
      "loss": 0.13633085705082992
    }
  ],
  "epoch_27": [
    "output/004_vsb_naive_multirun/multirun/seed5/fold4/checkpoints/train.28.pth",
    0.6836480864894754,
    {
      "epoch_mcc": 0.6836480864894754,
      "mcc": 0.68249196725065,
      "loss": 0.14186719851247195
    }
  ],
  "epoch_28": [
    "output/004_vsb_naive_multirun/multirun/seed5/fold4/checkpoints/train.29.pth",
    0.5879662566136011,
    {
      "epoch_mcc": 0.5879662566136011,
      "mcc": 0.5891982479184497,
      "loss": 0.26931352163183275
    }
  ],
  "epoch_29": [
    "output/004_vsb_naive_multirun/multirun/seed5/fold4/checkpoints/train.30.pth",
    0.5969147528772488,
    {
      "epoch_mcc": 0.5969147528772488,
      "mcc": 0.5894778728884519,
      "loss": 0.1360387103310947
    }
  ],
  "epoch_30": [
    "output/004_vsb_naive_multirun/multirun/seed5/fold4/checkpoints/train.31.pth",
    0.6250056750268076,
    {
      "epoch_mcc": 0.6250056750268076,
      "mcc": 0.6162915388898407,
      "loss": 0.12815302173639165
    }
  ],