{
  "best": {
    "epoch_mcc": 0.784899780416387,
    "mcc": 0.7686952821959319,
    "loss": 0.08515007370720631
  },
  "last": {
    "epoch_mcc": 0.30849363776065786,
    "mcc": 0.2999827677238517,
    "loss": 0.5251275669276817
  },
  "train.44": {
    "epoch_mcc": 0.784899780416387,
    "mcc": 0.7686952821959319,
    "loss": 0.08515007370720631
  },
  "epoch_0": [
    "output/004_vsb_naive_multirun/multirun/seed1/fold0/checkpoints/train.1.pth",
    0.23887929581096887,
    {
      "epoch_mcc": 0.23887929581096887,
      "mcc": 0.20725989264034583,
      "loss": 0.4825642563389829
    }
  ],
  "epoch_1": [
    "output/004_vsb_naive_multirun/multirun/seed1/fold0/checkpoints/train.2.pth",
    0.5487852151838767,
    {
      "epoch_mcc": 0.5487852151838767,
      "mcc": 0.5351178007481555,
      "loss": 0.33529054718460766
    }
  ],
  "epoch_2": [
    "output/004_vsb_naive_multirun/multirun/seed1/fold0/checkpoints/train.3.pth",
    0.45529709706251437,
    {
      "epoch_mcc": 0.45529709706251437,
      "mcc": 0.4495250242107224,
      "loss": 0.37231231541108345
    }
  ],
  "epoch_3": [
    "output/004_vsb_naive_multirun/multirun/seed1/fold0/checkpoints/train.4.pth",
    0.30377396040267857,
    {
      "epoch_mcc": 0.30377396040267857,
      "mcc": 0.2962219056814951,
      "loss": 0.5445903276001935
    }
  ],
  "epoch_4": [
    "output/004_vsb_naive_multirun/multirun/seed1/fold0/checkpoints/train.5.pth",
    0.4739941793030212,
    {
      "epoch_mcc": 0.4739941793030212,
      "mcc": 0.4557753697696709,
      "loss": 0.3235786037067538
    }
  ],
  "epoch_5": [
    "output/004_vsb_naive_multirun/multirun/seed1/fold0/checkpoints/train.6.pth",
    0.44321501831054855,
    {
      "epoch_mcc": 0.44321501831054855,
      "mcc": 0.43627173477910863,
      "loss": 0.3938166332942483
    }
  ],
  "epoch_6": [
    "output/004_vsb_naive_multirun/multirun/seed1/fold0/checkpoints/train.7.pth",
    0.487992754538563,
    {
      "epoch_mcc": 0.487992754538563,
      "mcc": 0.47924250044655214,
      "loss": 0.307364802147148
    }
  ],
  "epoch_7": [
    "output/004_vsb_naive_multirun/multirun/seed1/fold0/checkpoints/train.8.pth",
    0.6928778243159511,
    {
      "epoch_mcc": 0.6928778243159511,
      "mcc": 0.6861647110928683,
      "loss": 0.21530348980693523
    }
  ],
  "epoch_8": [
    "output/004_vsb_naive_multirun/multirun/seed1/fold0/checkpoints/train.9.pth",
    0.4613988987597297,
    {
      "epoch_mcc": 0.4613988987597297,
      "mcc": 0.4566711561681028,
      "loss": 0.3734652246645108
    }
  ],
  "epoch_9": [
    "output/004_vsb_naive_multirun/multirun/seed1/fold0/checkpoints/train.10.pth",
    0.6154938435687072,
    {
      "epoch_mcc": 0.6154938435687072,
      "mcc": 0.6000936762935302,
      "loss": 0.32223211015973774
    }
  ],
  "epoch_10": [
    "output/004_vsb_naive_multirun/multirun/seed1/fold0/checkpoints/train.11.pth",
    0.5947140749960501,
    {
      "epoch_mcc": 0.5947140749960501,
      "mcc": 0.5920078623390355,
      "loss": 0.16911723794296973
    }
  ],
  "epoch_11": [
    "output/004_vsb_naive_multirun/multirun/seed1/fold0/checkpoints/train.12.pth",
    0.6628067775052457,
    {
      "epoch_mcc": 0.6628067775052457,
      "mcc": 0.665924566036283,
      "loss": 0.18573014758745282
    }
  ],
  "epoch_12": [
    "output/004_vsb_naive_multirun/multirun/seed1/fold0/checkpoints/train.13.pth",
    0.644879583278319,
    {
      "epoch_mcc": 0.644879583278319,
      "mcc": 0.6356516700968452,
      "loss": 0.12464760041277913
    }
  ],
  "epoch_13": [
    "output/004_vsb_naive_multirun/multirun/seed1/fold0/checkpoints/train.14.pth",
    0.6480103682818995,
    {
      "epoch_mcc": 0.6480103682818995,
      "mcc": 0.6222504515499103,
      "loss": 0.12012112720287606
    }
  ],
  "epoch_14": [
    "output/004_vsb_naive_multirun/multirun/seed1/fold0/checkpoints/train.15.pth",
    0.6592781404548959,
    {
      "epoch_mcc": 0.6592781404548959,
      "mcc": 0.6444886053287113,
      "loss": 0.1183314817138465
    }
  ],
  "epoch_15": [
    "output/004_vsb_naive_multirun/multirun/seed1/fold0/checkpoints/train.16.pth",
    0.70775370301729,
    {
      "epoch_mcc": 0.70775370301729,
      "mcc": 0.6993093135053811,
      "loss": 0.11895226693604777
    }
  ],
  "epoch_16": [
    "output/004_vsb_naive_multirun/multirun/seed1/fold0/checkpoints/train.17.pth",
    0.759698731824087,
    {
      "epoch_mcc": 0.759698731824087,
      "mcc": 0.7868722781702443,
      "loss": 0.1534856252128614
    }
  ],
  "epoch_17": [
    "output/004_vsb_naive_multirun/multirun/seed1/fold0/checkpoints/train.18.pth",
    0.7073421771459321,
    {
      "epoch_mcc": 0.7073421771459321,
      "mcc": 0.7184088494405607,
      "loss": 0.11789052891136241
    }
  ],
  "epoch_18": [
    "output/004_vsb_naive_multirun/multirun/seed1/fold0/checkpoints/train.19.pth",
    0.749369827673735,
    {
      "epoch_mcc": 0.749369827673735,
      "mcc": 0.7647896810361924,
      "loss": 0.20113145527966872
    }
  ],
  "epoch_19": [
    "output/004_vsb_naive_multirun/multirun/seed1/fold0/checkpoints/train.20.pth",
    0.6841376696877449,
    {
      "epoch_mcc": 0.6841376696877449,
      "mcc": 0.6838725955783673,
      "loss": 0.18708364632166602
    }
  ],
  "epoch_20": [
    "output/004_vsb_naive_multirun/multirun/seed1/fold0/checkpoints/train.21.pth",
    0.6381077654708963,
    {
      "epoch_mcc": 0.6381077654708963,
      "mcc": 0.6224282522155664,
      "loss": 0.10034046761960869
    }
  ],
  "epoch_21": [
    "output/004_vsb_naive_multirun/multirun/seed1/fold0/checkpoints/train.22.pth",
    0.7276810738416547,
    {
      "epoch_mcc": 0.7276810738416547,
      "mcc": 0.7279713979415261,
      "loss": 0.09333950383732939
    }
  ],
  "epoch_22": [
    "output/004_vsb_naive_multirun/multirun/seed1/fold0/checkpoints/train.23.pth",
    0.739398773118817,
    {
      "epoch_mcc": 0.739398773118817,
      "mcc": 0.7250621166531365,
      "loss": 0.1641257474529148
    }
  ],
  "epoch_23": [
    "output/004_vsb_naive_multirun/multirun/seed1/fold0/checkpoints/train.24.pth",
    0.6254463750055352,
    {
      "epoch_mcc": 0.6254463750055352,
      "mcc": 0.5888149379432436,
      "loss": 0.1288024581802076
    }
  ],
  "epoch_24": [
    "output/004_vsb_naive_multirun/multirun/seed1/fold0/checkpoints/train.25.pth",
    0.7338216065627307,
    {
      "epoch_mcc": 0.7338216065627307,
      "mcc": 0.7102979684555353,
      "loss": 0.10087091571903065
    }
  ],
  "epoch_25": [
    "output/004_vsb_naive_multirun/multirun/seed1/fold0/checkpoints/train.26.pth",
    0.6644771700133001,
    {
      "epoch_mcc": 0.6644771700133001,
      "mcc": 0.6436082599813894,
      "loss": 0.13739269730761622
    }
  ],
  "epoch_26": [
    "output/004_vsb_naive_multirun/multirun/seed1/fold0/checkpoints/train.27.pth",
    0.6959706959703318,
    {
      "epoch_mcc": 0.6959706959703318,
      "mcc": 0.69423144489426,
      "loss": 0.1271973238190357
    }
  ],
  "epoch_27": [
    "output/004_vsb_naive_multirun/multirun/seed1/fold0/checkpoints/train.28.pth",
    0.30557138295868913,
    {
      "epoch_mcc": 0.30557138295868913,
      "mcc": 0.2974820644033379,
      "loss": 0.45036698095564587
    }
  ],
  "epoch_28": [
    "output/004_vsb_naive_multirun/multirun/seed1/fold0/checkpoints/train.29.pth",
    0.6165466583321062,
    {
      "epoch_mcc": 0.6165466583321062,
      "mcc": 0.6220597797576676,
      "loss": 0.1632911753993026
    }
  ],
  "epoch_29": [
    "output/004_vsb_naive_multirun/multirun/seed1/fold0/checkpoints/train.30.pth",
    0.5704644832867399,
    {
      "epoch_mcc": 0.5704644832867399,
      "mcc": 0.5640263709940706,
      "loss": 0.23401282602045909
    }
  ],
  "epoch_30": [
    "output/004_vsb_naive_multirun/multirun/seed1/fold0/checkpoints/train.31.pth",
    0.70775370301729,
    {
      "epoch_mcc": 0.70775370301729,
      "mcc": 0.6658102731665616,
      "loss": 0.10621655741369868
    }
  ],