{
  "best": {
    "epoch_mcc": 0.8388461281969083,
    "mcc": 0.8399349296657267,
    "loss": 0.0675120113738652
  },
  "last": {
    "epoch_mcc": 0.721877174086256,
    "mcc": 0.7257548140591957,
    "loss": 0.11961783540659937
  },
  "train.37": {
    "epoch_mcc": 0.8388461281969083,
    "mcc": 0.8399349296657267,
    "loss": 0.0675120113738652
  },
  "epoch_0": [
    "output/004_vsb_naive_multirun/multirun/seed9/fold4/checkpoints/train.1.pth",
    0.6879199632196575,
    {
      "epoch_mcc": 0.6879199632196575,
      "mcc": 0.6980272148496618,
      "loss": 0.2477158720123357
    }
  ],
  "epoch_1": [
    "output/004_vsb_naive_multirun/multirun/seed9/fold4/checkpoints/train.2.pth",
    0.6702827488280886,
    {
      "epoch_mcc": 0.6702827488280886,
      "mcc": 0.6825131280266877,
      "loss": 0.37297361616430613
    }
  ],
  "epoch_2": [
    "output/004_vsb_naive_multirun/multirun/seed9/fold4/checkpoints/train.3.pth",
    0.5880676296329919,
    {
      "epoch_mcc": 0.5880676296329919,
      "mcc": 0.5793416616280185,
      "loss": 0.23666272379201034
    }
  ],
  "epoch_3": [
    "output/004_vsb_naive_multirun/multirun/seed9/fold4/checkpoints/train.4.pth",
    0.6106178958587615,
    {
      "epoch_mcc": 0.6106178958587615,
      "mcc": 0.615248148071901,
      "loss": 0.37660276355414557
    }
  ],
  "epoch_4": [
    "output/004_vsb_naive_multirun/multirun/seed9/fold4/checkpoints/train.5.pth",
    0.7237206494656018,
    {
      "epoch_mcc": 0.7237206494656018,
      "mcc": 0.7267916999385902,
      "loss": 0.36477457942633795
    }
  ],
  "epoch_5": [
    "output/004_vsb_naive_multirun/multirun/seed9/fold4/checkpoints/train.6.pth",
    0.6479740248527165,
    {
      "epoch_mcc": 0.6479740248527165,
      "mcc": 0.650863780258266,
      "loss": 0.11500289995094826
    }
  ],
  "epoch_6": [
    "output/004_vsb_naive_multirun/multirun/seed9/fold4/checkpoints/train.7.pth",
    0.7337913368879007,
    {
      "epoch_mcc": 0.7337913368879007,
      "mcc": 0.7212546328931472,
      "loss": 0.15041437313474457
    }
  ],
  "epoch_7": [
    "output/004_vsb_naive_multirun/multirun/seed9/fold4/checkpoints/train.8.pth",
    0.6873160276279382,
    {
      "epoch_mcc": 0.6873160276279382,
      "mcc": 0.6867356969757386,
      "loss": 0.10709595253755307
    }
  ],
  "epoch_8": [
    "output/004_vsb_naive_multirun/multirun/seed9/fold4/checkpoints/train.9.pth",
    0.7908305276525839,
    {
      "epoch_mcc": 0.7908305276525839,
      "mcc": 0.7988813981592178,
      "loss": 0.27395493079876077
    }
  ],
  "epoch_9": [
    "output/004_vsb_naive_multirun/multirun/seed9/fold4/checkpoints/train.10.pth",
    0.7573678897089207,
    {
      "epoch_mcc": 0.7573678897089207,
      "mcc": 0.7658035996088877,
      "loss": 0.21713620670910538
    }
  ],
  "epoch_10": [
    "output/004_vsb_naive_multirun/multirun/seed9/fold4/checkpoints/train.11.pth",
    0.7123551699344425,
    {
      "epoch_mcc": 0.7123551699344425,
      "mcc": 0.7091273945611126,
      "loss": 0.09304310330029192
    }
  ],
  "epoch_11": [
    "output/004_vsb_naive_multirun/multirun/seed9/fold4/checkpoints/train.12.pth",
    0.7476743867153397,
    {
      "epoch_mcc": 0.7476743867153397,
      "mcc": 0.7569048944960671,
      "loss": 0.22428592227656266
    }
  ],
  "epoch_12": [
    "output/004_vsb_naive_multirun/multirun/seed9/fold4/checkpoints/train.13.pth",
    0.7059596128389822,
    {
      "epoch_mcc": 0.7059596128389822,
      "mcc": 0.7097955065635229,
      "loss": 0.19143035267961436
    }
  ],
  "epoch_13": [
    "output/004_vsb_naive_multirun/multirun/seed9/fold4/checkpoints/train.14.pth",
    0.7125591976935509,
    {
      "epoch_mcc": 0.7125591976935509,
      "mcc": 0.7116343052778765,
      "loss": 0.12890649828417547
    }
  ],
  "epoch_14": [
    "output/004_vsb_naive_multirun/multirun/seed9/fold4/checkpoints/train.15.pth",
    0.4130117727355516,
    {
      "epoch_mcc": 0.4130117727355516,
      "mcc": 0.4160013047125128,
      "loss": 0.39234590633162136
    }
  ],
  "epoch_15": [
    "output/004_vsb_naive_multirun/multirun/seed9/fold4/checkpoints/train.16.pth",
    0.8267120149369547,
    {
      "epoch_mcc": 0.8267120149369547,
      "mcc": 0.8283216867176654,
      "loss": 0.07684535481806459
    }
  ],
  "epoch_16": [
    "output/004_vsb_naive_multirun/multirun/seed9/fold4/checkpoints/train.17.pth",
    0.7874008218620876,
    {
      "epoch_mcc": 0.7874008218620876,
      "mcc": 0.7906128003007817,
      "loss": 0.13154386939673587
    }
  ],
  "epoch_17": [
    "output/004_vsb_naive_multirun/multirun/seed9/fold4/checkpoints/train.18.pth",
    0.8107597159779163,
    {
      "epoch_mcc": 0.8107597159779163,
      "mcc": 0.815059000382555,
      "loss": 0.1316766566243665
    }
  ],
  "epoch_18": [
    "output/004_vsb_naive_multirun/multirun/seed9/fold4/checkpoints/train.19.pth",
    0.666373429860545,
    {
      "epoch_mcc": 0.666373429860545,
      "mcc": 0.6313251329802883,
      "loss": 0.10488699962352885
    }
  ],
  "epoch_19": [
    "output/004_vsb_naive_multirun/multirun/seed9/fold4/checkpoints/train.20.pth",
    0.6271650674073503,
    {
      "epoch_mcc": 0.6271650674073503,
      "mcc": 0.6294962702078433,
      "loss": 0.20885007145075962
    }
  ],
  "epoch_20": [
    "output/004_vsb_naive_multirun/multirun/seed9/fold4/checkpoints/train.21.pth",
    0.7751054789947086,
    {
      "epoch_mcc": 0.7751054789947086,
      "mcc": 0.7791361492831584,
      "loss": 0.0950005757911452
    }
  ],
  "epoch_21": [
    "output/004_vsb_naive_multirun/multirun/seed9/fold4/checkpoints/train.22.pth",
    0.7871559633023396,
    {
      "epoch_mcc": 0.7871559633023396,
      "mcc": 0.783680955897449,
      "loss": 0.09989188888977314
    }
  ],
  "epoch_22": [
    "output/004_vsb_naive_multirun/multirun/seed9/fold4/checkpoints/train.23.pth",
    0.8211798512023252,
    {
      "epoch_mcc": 0.8211798512023252,
      "mcc": 0.7739106366563079,
      "loss": 0.07817145051627324
    }
  ],
  "epoch_23": [
    "output/004_vsb_naive_multirun/multirun/seed9/fold4/checkpoints/train.24.pth",
    0.7673044544988245,
    {
      "epoch_mcc": 0.7673044544988245,
      "mcc": 0.7723763002181199,
      "loss": 0.09619024735072564
    }
  ],
  "epoch_24": [
    "output/004_vsb_naive_multirun/multirun/seed9/fold4/checkpoints/train.25.pth",
    0.7647611041270036,
    {
      "epoch_mcc": 0.7647611041270036,
      "mcc": 0.76816397218553,
      "loss": 0.10106771120737339
    }
  ],
  "epoch_25": [
    "output/004_vsb_naive_multirun/multirun/seed9/fold4/checkpoints/train.26.pth",
    0.7562525668687344,
    {
      "epoch_mcc": 0.7562525668687344,
      "mcc": 0.7664672109344001,
      "loss": 0.10467469949146797
    }
  ],
  "epoch_26": [
    "output/004_vsb_naive_multirun/multirun/seed9/fold4/checkpoints/train.27.pth",
    0.8058388241352108,
    {
      "epoch_mcc": 0.8058388241352108,
      "mcc": 0.8204538302129026,
      "loss": 0.08783714175224304
    }
  ],
  "epoch_27": [
    "output/004_vsb_naive_multirun/multirun/seed9/fold4/checkpoints/train.28.pth",
    0.63192532560819,
    {
      "epoch_mcc": 0.63192532560819,
      "mcc": 0.6034564107340469,
      "loss": 0.15965060704740985
    }
  ],
  "epoch_28": [
    "output/004_vsb_naive_multirun/multirun/seed9/fold4/checkpoints/train.29.pth",
    0.7767363150161685,
    {
      "epoch_mcc": 0.7767363150161685,
      "mcc": 0.7887028653509324,
      "loss": 0.09359561014792014
    }
  ],
  "epoch_29": [
    "output/004_vsb_naive_multirun/multirun/seed9/fold4/checkpoints/train.30.pth",
    0.7262056087619924,
    {
      "epoch_mcc": 0.7262056087619924,
      "mcc": 0.720258833595524,
      "loss": 0.08569284641537173
    }
  ],
  "epoch_30": [
    "output/004_vsb_naive_multirun/multirun/seed9/fold4/checkpoints/train.31.pth",
    0.770381420101702,
    {
      "epoch_mcc": 0.770381420101702,
      "mcc": 0.776940306287879,
      "loss": 0.13554128223452075
    }
  ],