{
  "best": {
    "epoch_mcc": 0.7334862385317362,
    "mcc": 0.7328968432727163,
    "loss": 0.09968550374375564
  },
  "last": {
    "epoch_mcc": 0.6641529004121258,
    "mcc": 0.6770130996618309,
    "loss": 0.1348313632070146
  },
  "train.14": {
    "epoch_mcc": 0.7334862385317362,
    "mcc": 0.7328968432727163,
    "loss": 0.09968550374375564
  },
  "epoch_0": [
    "output/004_vsb_naive/fold1/checkpoints/train.1.pth",
    0.4745686622967766,
    {
      "epoch_mcc": 0.4745686622967766,
      "mcc": 0.4329280648422599,
      "loss": 0.13741855087358243
    }
  ],
  "epoch_1": [
    "output/004_vsb_naive/fold1/checkpoints/train.2.pth",
    0.6696039773769571,
    {
      "epoch_mcc": 0.6696039773769571,
      "mcc": 0.6695989144027884,
      "loss": 0.10611763746572239
    }
  ],
  "epoch_2": [
    "output/004_vsb_naive/fold1/checkpoints/train.3.pth",
    0.6222716922137328,
    {
      "epoch_mcc": 0.6222716922137328,
      "mcc": 0.6537658029005503,
      "loss": 0.12875838914690554
    }
  ],
  "epoch_3": [
    "output/004_vsb_naive/fold1/checkpoints/train.4.pth",
    0.5876433185730329,
    {
      "epoch_mcc": 0.5876433185730329,
      "mcc": 0.5982348878988575,
      "loss": 0.11197631824088383
    }
  ],
  "epoch_4": [
    "output/004_vsb_naive/fold1/checkpoints/train.5.pth",
    0.6696039773769571,
    {
      "epoch_mcc": 0.6696039773769571,
      "mcc": 0.6747149303201062,
      "loss": 0.10312201487935964
    }
  ],
  "epoch_5": [
    "output/004_vsb_naive/fold1/checkpoints/train.6.pth",
    0.6378378378443359,
    {
      "epoch_mcc": 0.6378378378443359,
      "mcc": 0.6450914788900415,
      "loss": 0.12077801870166127
    }
  ],
  "epoch_6": [
    "output/004_vsb_naive/fold1/checkpoints/train.7.pth",
    0.6658930591476528,
    {
      "epoch_mcc": 0.6658930591476528,
      "mcc": 0.6697461295409675,
      "loss": 0.10818942560591509
    }
  ],
  "epoch_7": [
    "output/004_vsb_naive/fold1/checkpoints/train.8.pth",
    0.6339087344851377,
    {
      "epoch_mcc": 0.6339087344851377,
      "mcc": 0.6317589368835972,
      "loss": 0.15642289045345353
    }
  ],
  "epoch_8": [
    "output/004_vsb_naive/fold1/checkpoints/train.9.pth",
    0.5675095455905839,
    {
      "epoch_mcc": 0.5675095455905839,
      "mcc": 0.6048786437546366,
      "loss": 0.15255956835371542
    }
  ],
  "epoch_9": [
    "output/004_vsb_naive/fold1/checkpoints/train.10.pth",
    0.6742609582055686,
    {
      "epoch_mcc": 0.6742609582055686,
      "mcc": 0.6780863351632381,
      "loss": 0.10748838534556239
    }
  ],
  "epoch_10": [
    "output/004_vsb_naive/fold1/checkpoints/train.11.pth",
    0.6963084575253876,
    {
      "epoch_mcc": 0.6963084575253876,
      "mcc": 0.6923578851512389,
      "loss": 0.10074617165475827
    }
  ],
  "epoch_11": [
    "output/004_vsb_naive/fold1/checkpoints/train.12.pth",
    0.6442960772548175,
    {
      "epoch_mcc": 0.6442960772548175,
      "mcc": 0.6437382187108918,
      "loss": 0.11198473033750118
    }
  ],
  "epoch_12": [
    "output/004_vsb_naive/fold1/checkpoints/train.13.pth",
    0.6696039773769571,
    {
      "epoch_mcc": 0.6696039773769571,
      "mcc": 0.6699829966991688,
      "loss": 0.11149572360484818
    }
  ],
  "epoch_13": [
    "output/004_vsb_naive/fold1/checkpoints/train.14.pth",
    0.7334862385317362,
    {
      "epoch_mcc": 0.7334862385317362,
      "mcc": 0.7328968432727163,
      "loss": 0.09968550374375564
    }
  ],
  "epoch_14": [
    "output/004_vsb_naive/fold1/checkpoints/train.15.pth",
    0.5746468640144485,
    {
      "epoch_mcc": 0.5746468640144485,
      "mcc": 0.5844309974748246,
      "loss": 0.11891702019486082
    }
  ],
  "epoch_15": [
    "output/004_vsb_naive/fold1/checkpoints/train.16.pth",
    0.6820536282526075,
    {
      "epoch_mcc": 0.6820536282526075,
      "mcc": 0.6854368852862386,
      "loss": 0.10913774852677795
    }
  ],
  "epoch_16": [
    "output/004_vsb_naive/fold1/checkpoints/train.17.pth",
    0.7013551460582699,
    {
      "epoch_mcc": 0.7013551460582699,
      "mcc": 0.6971088524105223,
      "loss": 0.12855119102998364
    }
  ],
  "epoch_17": [
    "output/004_vsb_naive/fold1/checkpoints/train.18.pth",
    0.6550108942244482,
    {
      "epoch_mcc": 0.6550108942244482,
      "mcc": 0.6547291259484057,
      "loss": 0.16339702034776263
    }
  ],
  "epoch_18": [
    "output/004_vsb_naive/fold1/checkpoints/train.19.pth",
    0.6442960772548175,
    {
      "epoch_mcc": 0.6442960772548175,
      "mcc": 0.6505701034277497,
      "loss": 0.12780900908675744
    }
  ],
  "epoch_19": [
    "output/004_vsb_naive/fold1/checkpoints/train.20.pth",
    0.6772012637143808,
    {
      "epoch_mcc": 0.6772012637143808,
      "mcc": 0.6776339115367211,
      "loss": 0.11475044774875788
    }
  ],
  "epoch_20": [
    "output/004_vsb_naive/fold1/checkpoints/train.21.pth",
    0.6044901701190669,
    {
      "epoch_mcc": 0.6044901701190669,
      "mcc": 0.6054206179288265,
      "loss": 0.14204197888632855
    }
  ],
  "epoch_21": [
    "output/004_vsb_naive/fold1/checkpoints/train.22.pth",
    0.5753322175864933,
    {
      "epoch_mcc": 0.5753322175864933,
      "mcc": 0.5751887357361466,
      "loss": 0.17302417632019254
    }
  ],
  "epoch_22": [
    "output/004_vsb_naive/fold1/checkpoints/train.23.pth",
    0.6772012637143808,
    {
      "epoch_mcc": 0.6772012637143808,
      "mcc": 0.6810407349509878,
      "loss": 0.11960627573979907
    }
  ],
  "epoch_23": [
    "output/004_vsb_naive/fold1/checkpoints/train.24.pth",
    0.5721002077102763,
    {
      "epoch_mcc": 0.5721002077102763,
      "mcc": 0.6137011372302292,
      "loss": 0.13335669799202896
    }
  ],
  "epoch_24": [
    "output/004_vsb_naive/fold1/checkpoints/train.25.pth",
    0.5622179513357831,
    {
      "epoch_mcc": 0.5622179513357831,
      "mcc": 0.612397970187307,
      "loss": 0.15730134575513935
    }
  ],
  "epoch_25": [
    "output/004_vsb_naive/fold1/checkpoints/train.26.pth",
    0.6295487902802823,
    {
      "epoch_mcc": 0.6295487902802823,
      "mcc": 0.6328511666387202,
      "loss": 0.13562647815274392
    }
  ],
  "epoch_26": [
    "output/004_vsb_naive/fold1/checkpoints/train.27.pth",
    0.6623324998037066,
    {
      "epoch_mcc": 0.6623324998037066,
      "mcc": 0.6720357506140457,
      "loss": 0.14895442490451513
    }
  ],
  "epoch_27": [
    "output/004_vsb_naive/fold1/checkpoints/train.28.pth",
    0.6554730132369709,
    {
      "epoch_mcc": 0.6554730132369709,
      "mcc": 0.6730913399163422,
      "loss": 0.14364974967583938
    }
  ],
  "epoch_28": [
    "output/004_vsb_naive/fold1/checkpoints/train.29.pth",
    0.5388557706340985,
    {
      "epoch_mcc": 0.5388557706340985,
      "mcc": 0.5659416282482496,
      "loss": 0.14264380803937654
    }
  ],
  "epoch_29": [
    "output/004_vsb_naive/fold1/checkpoints/train.30.pth",
    0.6554730132369709,
    {
      "epoch_mcc": 0.6554730132369709,
      "mcc": 0.6716134057887893,
      "loss": 0.1351505868864629
    }
  ],
  "epoch_30": [
    "output/004_vsb_naive/fold1/checkpoints/train.31.pth",
    0.6909282385461033,
    {
      "epoch_mcc": 0.6909282385461033,
      "mcc": 0.685294121820402,
      "loss": 0.13762840329831316
    }
  ],
  "epoch_31": [
    "output/004_vsb_naive/fold1/checkpoints/train.32.pth",
    0.617173519912,
    {
      "epoch_mcc": 0.617173519912,
      "mcc": 0.6340124431691639,
      "loss": 0.19749395192156766
    }
  ],
  "epoch_32": [
    "output/004_vsb_naive/fold1/checkpoints/train.33.pth",
    0.5967650807568582,
    {
      "epoch_mcc": 0.5967650807568582,
      "mcc": 0.6017143719949035,
      "loss": 0.18630726168031536
    }
  ],
  "epoch_33": [
    "output/004_vsb_naive/fold1/checkpoints/train.34.pth",
    0.5622179513357831,
    {
      "epoch_mcc": 0.5622179513357831,
      "mcc": 0.6036511891282262,
      "loss": 0.2211141442806298
    }
  ],