{
  "best": {
    "epoch_mcc": 0.8056244993574269,
    "mcc": 0.8052131832546041,
    "loss": 0.10603950103295261
  },
  "last": {
    "epoch_mcc": 0.17019067368632454,
    "mcc": 0.16947517016606295,
    "loss": 0.9966742778646535
  },
  "train.17": {
    "epoch_mcc": 0.8056244993574269,
    "mcc": 0.8052131832546041,
    "loss": 0.10603950103295261
  },
  "epoch_0": [
    "output/004_vsb_naive_multirun/multirun/seed0/fold4/checkpoints/train.1.pth",
    0.6960799614571722,
    {
      "epoch_mcc": 0.6960799614571722,
      "mcc": 0.7007991553777304,
      "loss": 0.29523171433087053
    }
  ],
  "epoch_1": [
    "output/004_vsb_naive_multirun/multirun/seed0/fold4/checkpoints/train.2.pth",
    0.7315745211545274,
    {
      "epoch_mcc": 0.7315745211545274,
      "mcc": 0.7289583425464972,
      "loss": 0.15143033327727481
    }
  ],
  "epoch_2": [
    "output/004_vsb_naive_multirun/multirun/seed0/fold4/checkpoints/train.3.pth",
    0.5367829102747628,
    {
      "epoch_mcc": 0.5367829102747628,
      "mcc": 0.5372275268291307,
      "loss": 0.41682461602934473
    }
  ],
  "epoch_3": [
    "output/004_vsb_naive_multirun/multirun/seed0/fold4/checkpoints/train.4.pth",
    0.666373429860545,
    {
      "epoch_mcc": 0.666373429860545,
      "mcc": 0.652483427877654,
      "loss": 0.19352384435719458
    }
  ],
  "epoch_4": [
    "output/004_vsb_naive_multirun/multirun/seed0/fold4/checkpoints/train.5.pth",
    0.6522847045011377,
    {
      "epoch_mcc": 0.6522847045011377,
      "mcc": 0.6460580389487692,
      "loss": 0.1441411575366711
    }
  ],
  "epoch_5": [
    "output/004_vsb_naive_multirun/multirun/seed0/fold4/checkpoints/train.6.pth",
    0.7450398775153998,
    {
      "epoch_mcc": 0.7450398775153998,
      "mcc": 0.7402480266877396,
      "loss": 0.1571651375499265
    }
  ],
  "epoch_6": [
    "output/004_vsb_naive_multirun/multirun/seed0/fold4/checkpoints/train.7.pth",
    0.669827775334431,
    {
      "epoch_mcc": 0.669827775334431,
      "mcc": 0.6640536997257906,
      "loss": 0.1313886967712435
    }
  ],
  "epoch_7": [
    "output/004_vsb_naive_multirun/multirun/seed0/fold4/checkpoints/train.8.pth",
    0.591552208287905,
    {
      "epoch_mcc": 0.591552208287905,
      "mcc": 0.597914032499535,
      "loss": 0.1894422795238166
    }
  ],
  "epoch_8": [
    "output/004_vsb_naive_multirun/multirun/seed0/fold4/checkpoints/train.9.pth",
    0.7393674436005622,
    {
      "epoch_mcc": 0.7393674436005622,
      "mcc": 0.7438098322247225,
      "loss": 0.23988139136084194
    }
  ],
  "epoch_9": [
    "output/004_vsb_naive_multirun/multirun/seed0/fold4/checkpoints/train.10.pth",
    0.554074734657428,
    {
      "epoch_mcc": 0.554074734657428,
      "mcc": 0.5520648489717666,
      "loss": 0.1899331868722521
    }
  ],
  "epoch_10": [
    "output/004_vsb_naive_multirun/multirun/seed0/fold4/checkpoints/train.11.pth",
    0.674536345534614,
    {
      "epoch_mcc": 0.674536345534614,
      "mcc": 0.6780630334734319,
      "loss": 0.18140449215625895
    }
  ],
  "epoch_11": [
    "output/004_vsb_naive_multirun/multirun/seed0/fold4/checkpoints/train.12.pth",
    0.7498895455056791,
    {
      "epoch_mcc": 0.7498895455056791,
      "mcc": 0.7470634851464174,
      "loss": 0.10603388915288037
    }
  ],
  "epoch_12": [
    "output/004_vsb_naive_multirun/multirun/seed0/fold4/checkpoints/train.13.pth",
    0.622700800205931,
    {
      "epoch_mcc": 0.622700800205931,
      "mcc": 0.6204747914592322,
      "loss": 0.10552004257152821
    }
  ],
  "epoch_13": [
    "output/004_vsb_naive_multirun/multirun/seed0/fold4/checkpoints/train.14.pth",
    0.7450398775153998,
    {
      "epoch_mcc": 0.7450398775153998,
      "mcc": 0.7437268608170196,
      "loss": 0.13555710212937716
    }
  ],
  "epoch_14": [
    "output/004_vsb_naive_multirun/multirun/seed0/fold4/checkpoints/train.15.pth",
    0.6191881551914077,
    {
      "epoch_mcc": 0.6191881551914077,
      "mcc": 0.6204981810694723,
      "loss": 0.22468869768340013
    }
  ],
  "epoch_15": [
    "output/004_vsb_naive_multirun/multirun/seed0/fold4/checkpoints/train.16.pth",
    0.7254446821731115,
    {
      "epoch_mcc": 0.7254446821731115,
      "mcc": 0.729462388468117,
      "loss": 0.09789657027556978
    }
  ],
  "epoch_16": [
    "output/004_vsb_naive_multirun/multirun/seed0/fold4/checkpoints/train.17.pth",
    0.8056244993574269,
    {
      "epoch_mcc": 0.8056244993574269,
      "mcc": 0.8052131832546041,
      "loss": 0.10603950103295261
    }
  ],
  "epoch_17": [
    "output/004_vsb_naive_multirun/multirun/seed0/fold4/checkpoints/train.18.pth",
    0.6948991772317048,
    {
      "epoch_mcc": 0.6948991772317048,
      "mcc": 0.6956691792599793,
      "loss": 0.10437334323751515
    }
  ],
  "epoch_18": [
    "output/004_vsb_naive_multirun/multirun/seed0/fold4/checkpoints/train.19.pth",
    0.7414703088976264,
    {
      "epoch_mcc": 0.7414703088976264,
      "mcc": 0.7441301464239619,
      "loss": 0.1221958140360898
    }
  ],
  "epoch_19": [
    "output/004_vsb_naive_multirun/multirun/seed0/fold4/checkpoints/train.20.pth",
    0.7315745211545274,
    {
      "epoch_mcc": 0.7315745211545274,
      "mcc": 0.7391592328300188,
      "loss": 0.10304933573151456
    }
  ],
  "epoch_20": [
    "output/004_vsb_naive_multirun/multirun/seed0/fold4/checkpoints/train.21.pth",
    0.700095046655819,
    {
      "epoch_mcc": 0.700095046655819,
      "mcc": 0.7038465967408808,
      "loss": 0.10781746689101745
    }
  ],
  "epoch_21": [
    "output/004_vsb_naive_multirun/multirun/seed0/fold4/checkpoints/train.22.pth",
    0.6927517594333754,
    {
      "epoch_mcc": 0.6927517594333754,
      "mcc": 0.7016850612442718,
      "loss": 0.14667751670911394
    }
  ],
  "epoch_22": [
    "output/004_vsb_naive_multirun/multirun/seed0/fold4/checkpoints/train.23.pth",
    0.7107841988124062,
    {
      "epoch_mcc": 0.7107841988124062,
      "mcc": 0.700797188851965,
      "loss": 0.10289653341831832
    }
  ],
  "epoch_23": [
    "output/004_vsb_naive_multirun/multirun/seed0/fold4/checkpoints/train.24.pth",
    0.669827775334431,
    {
      "epoch_mcc": 0.669827775334431,
      "mcc": 0.6683038884277954,
      "loss": 0.09050000760832737
    }
  ],
  "epoch_24": [
    "output/004_vsb_naive_multirun/multirun/seed0/fold4/checkpoints/train.25.pth",
    0.5421455756985659,
    {
      "epoch_mcc": 0.5421455756985659,
      "mcc": 0.5563118699994887,
      "loss": 0.13502072887174013
    }
  ],
  "epoch_25": [
    "output/004_vsb_naive_multirun/multirun/seed0/fold4/checkpoints/train.26.pth",
    0.5946729912141668,
    {
      "epoch_mcc": 0.5946729912141668,
      "mcc": 0.5913570870278875,
      "loss": 0.11580791488803666
    }
  ],
  "epoch_26": [
    "output/004_vsb_naive_multirun/multirun/seed0/fold4/checkpoints/train.27.pth",
    0.7381322702138658,
    {
      "epoch_mcc": 0.7381322702138658,
      "mcc": 0.7373385769722174,
      "loss": 0.1430711744674321
    }
  ],
  "epoch_27": [
    "output/004_vsb_naive_multirun/multirun/seed0/fold4/checkpoints/train.28.pth",
    0.7191768044783651,
    {
      "epoch_mcc": 0.7191768044783651,
      "mcc": 0.7191520069301404,
      "loss": 0.1066764546108657
    }
  ],
  "epoch_28": [
    "output/004_vsb_naive_multirun/multirun/seed0/fold4/checkpoints/train.29.pth",
    0.7125591976935509,
    {
      "epoch_mcc": 0.7125591976935509,
      "mcc": 0.7115487484323005,
      "loss": 0.11762514628213028
    }
  ],
  "epoch_29": [
    "output/004_vsb_naive_multirun/multirun/seed0/fold4/checkpoints/train.30.pth",
    0.6744301568978387,
    {
      "epoch_mcc": 0.6744301568978387,
      "mcc": 0.6742109887538479,
      "loss": 0.09706179330061222
    }
  ],
  "epoch_30": [
    "output/004_vsb_naive_multirun/multirun/seed0/fold4/checkpoints/train.31.pth",
    0.7150313268932518,
    {
      "epoch_mcc": 0.7150313268932518,
      "mcc": 0.7263847827856122,
      "loss": 0.1154663928110024
    }
  ],