{
  "best": {
    "epoch_mcc": 0.8107814790495903,
    "epoch_domain_auc": 0.5267390765091851,
    "mcc": 0.7578209370005657,
    "domain_auc": 0.5229230623592337,
    "loss": 0.4989035173602726
  },
  "last": {
    "epoch_mcc": 0.6163834157417948,
    "epoch_domain_auc": 0.5003652313931934,
    "mcc": 0.495484322899983,
    "domain_auc": 0.5029463761090913,
    "loss": 0.49882101053776945
  },
  "train.26": {
    "epoch_mcc": 0.8107814790495903,
    "epoch_domain_auc": 0.5267390765091851,
    "mcc": 0.7578209370005657,
    "domain_auc": 0.5229230623592337,
    "loss": 0.4989035173602726
  },
  "epoch_0": [
    "output/001_vsb/checkpoints/train.1.pth",
    0.6163834157417948,
    {
      "epoch_mcc": 0.6163834157417948,
      "epoch_domain_auc": 0.3833930542307049,
      "mcc": 0.49518135440040173,
      "domain_auc": 0.385384817326902,
      "loss": 2.515532319442085
    }
  ],
  "epoch_1": [
    "output/001_vsb/checkpoints/train.2.pth",
    0.6042070867645648,
    {
      "epoch_mcc": 0.6042070867645648,
      "epoch_domain_auc": 0.30928675399551975,
      "mcc": 0.5026001350925237,
      "domain_auc": 0.31196588492297034,
      "loss": 0.5020859583564427
    }
  ],
  "epoch_2": [
    "output/001_vsb/checkpoints/train.3.pth",
    0.7445720569127751,
    {
      "epoch_mcc": 0.7445720569127751,
      "epoch_domain_auc": 0.3712469840163978,
      "mcc": 0.6705541038865201,
      "domain_auc": 0.3744925353144007,
      "loss": 0.40895093886748596
    }
  ],
  "epoch_3": [
    "output/001_vsb/checkpoints/train.4.pth",
    0.7993158770514933,
    {
      "epoch_mcc": 0.7993158770514933,
      "epoch_domain_auc": 0.24773504487255496,
      "mcc": 0.7180620709229469,
      "domain_auc": 0.24573192546788644,
      "loss": 0.6717472589534262
    }
  ],
  "epoch_4": [
    "output/001_vsb/checkpoints/train.5.pth",
    0.5473646605933616,
    {
      "epoch_mcc": 0.5473646605933616,
      "epoch_domain_auc": 0.2384402423298234,
      "mcc": 0.3853048187644205,
      "domain_auc": 0.23716408657729163,
      "loss": 0.8027619501818782
    }
  ],
  "epoch_5": [
    "output/001_vsb/checkpoints/train.6.pth",
    0.6799373500599528,
    {
      "epoch_mcc": 0.6799373500599528,
      "epoch_domain_auc": 0.3097388182955412,
      "mcc": 0.5655682074466057,
      "domain_auc": 0.3102685687556988,
      "loss": 0.7526020786036615
    }
  ],
  "epoch_6": [
    "output/001_vsb/checkpoints/train.7.pth",
    0.7445720569127751,
    {
      "epoch_mcc": 0.7445720569127751,
      "epoch_domain_auc": 0.24232030221913933,
      "mcc": 0.6218076927964084,
      "domain_auc": 0.2435569073247928,
      "loss": 0.6773090549137282
    }
  ],
  "epoch_7": [
    "output/001_vsb/checkpoints/train.8.pth",
    0.7634457278393388,
    {
      "epoch_mcc": 0.7634457278393388,
      "epoch_domain_auc": 0.2624542381694608,
      "mcc": 0.6385325289392721,
      "domain_auc": 0.2618937682255489,
      "loss": 0.6597978016604548
    }
  ],
  "epoch_8": [
    "output/001_vsb/checkpoints/train.9.pth",
    0.7059886831658715,
    {
      "epoch_mcc": 0.7059886831658715,
      "epoch_domain_auc": 0.4366424457021392,
      "mcc": 0.5520617399730231,
      "domain_auc": 0.4376720334916283,
      "loss": 0.6035036460213039
    }
  ],
  "epoch_9": [
    "output/001_vsb/checkpoints/train.10.pth",
    0.7316027232859508,
    {
      "epoch_mcc": 0.7316027232859508,
      "epoch_domain_auc": 0.3715755272369693,
      "mcc": 0.6245865713166048,
      "domain_auc": 0.36964428219938283,
      "loss": 0.5557306447754735
    }
  ],
  "epoch_10": [
    "output/001_vsb/checkpoints/train.11.pth",
    0.7581619830247659,
    {
      "epoch_mcc": 0.7581619830247659,
      "epoch_domain_auc": 0.22137465631814762,
      "mcc": 0.6322856625346247,
      "domain_auc": 0.22002910570733542,
      "loss": 0.5516202892946162
    }
  ],
  "epoch_11": [
    "output/001_vsb/checkpoints/train.12.pth",
    0.7316027232859508,
    {
      "epoch_mcc": 0.7316027232859508,
      "epoch_domain_auc": 0.3531854854987776,
      "mcc": 0.6792846428075425,
      "domain_auc": 0.3499573104149507,
      "loss": 0.537882172283919
    }
  ],
  "epoch_12": [
    "output/001_vsb/checkpoints/train.13.pth",
    0.781713831734793,
    {
      "epoch_mcc": 0.781713831734793,
      "epoch_domain_auc": 0.2992991924285768,
      "mcc": 0.7062400560471587,
      "domain_auc": 0.2969051405792989,
      "loss": 0.5573108828586082
    }
  ],
  "epoch_13": [
    "output/001_vsb/checkpoints/train.14.pth",
    0.5228620937370565,
    {
      "epoch_mcc": 0.5228620937370565,
      "epoch_domain_auc": 0.3424170625138533,
      "mcc": 0.36741265837884474,
      "domain_auc": 0.3431622421721545,
      "loss": 0.5397786153399426
    }
  ],
  "epoch_14": [
    "output/001_vsb/checkpoints/train.15.pth",
    0.781713831734793,
    {
      "epoch_mcc": 0.781713831734793,
      "epoch_domain_auc": 0.3141129625026564,
      "mcc": 0.6943052994019853,
      "domain_auc": 0.31141115541434233,
      "loss": 0.5318691362505373
    }
  ],
  "epoch_15": [
    "output/001_vsb/checkpoints/train.16.pth",
    0.6998935713106328,
    {
      "epoch_mcc": 0.6998935713106328,
      "epoch_domain_auc": 0.5059380251708793,
      "mcc": 0.5878689415203838,
      "domain_auc": 0.5073079349173858,
      "loss": 0.531713047494059
    }
  ],
  "epoch_16": [
    "output/001_vsb/checkpoints/train.17.pth",
    0.6042070867645648,
    {
      "epoch_mcc": 0.6042070867645648,
      "epoch_domain_auc": 0.5343956061533556,
      "mcc": 0.45682907271875006,
      "domain_auc": 0.5386215274873437,
      "loss": 0.5607971593089726
    }
  ],
  "epoch_17": [
    "output/001_vsb/checkpoints/train.18.pth",
    0.6799373500599528,
    {
      "epoch_mcc": 0.6799373500599528,
      "epoch_domain_auc": 0.4018791961304007,
      "mcc": 0.5691608541241562,
      "domain_auc": 0.4044142491347726,
      "loss": 0.46312425654867423
    }
  ],
  "epoch_18": [
    "output/001_vsb/checkpoints/train.19.pth",
    0.7815228430664963,
    {
      "epoch_mcc": 0.7815228430664963,
      "epoch_domain_auc": 0.3057629121421094,
      "mcc": 0.7422986785573686,
      "domain_auc": 0.3066091085907086,
      "loss": 0.48981705152470134
    }
  ],
  "epoch_19": [
    "output/001_vsb/checkpoints/train.20.pth",
    0.6534826351084148,
    {
      "epoch_mcc": 0.6534826351084148,
      "epoch_domain_auc": 0.3171894371577304,
      "mcc": 0.485728771614939,
      "domain_auc": 0.3186480938679294,
      "loss": 0.5457141832165097
    }
  ],
  "epoch_20": [
    "output/001_vsb/checkpoints/train.21.pth",
    0.7392069715461251,
    {
      "epoch_mcc": 0.7392069715461251,
      "epoch_domain_auc": 0.4553404649724433,
      "mcc": 0.6208391109906163,
      "domain_auc": 0.45357438226963015,
      "loss": 0.4673809473929198
    }
  ],
  "epoch_21": [
    "output/001_vsb/checkpoints/train.22.pth",
    0.7392069715461251,
    {
      "epoch_mcc": 0.7392069715461251,
      "epoch_domain_auc": 0.5079038257004584,
      "mcc": 0.6208391109906163,
      "domain_auc": 0.5057014345157057,
      "loss": 0.49166715559752094
    }
  ],
  "epoch_22": [
    "output/001_vsb/checkpoints/train.23.pth",
    0.7581619830247659,
    {
      "epoch_mcc": 0.7581619830247659,
      "epoch_domain_auc": 0.4406258418285283,
      "mcc": 0.6297231606261752,
      "domain_auc": 0.43930676508292316,
      "loss": 0.49329002059024313
    }
  ],
  "epoch_23": [
    "output/001_vsb/checkpoints/train.24.pth",
    0.6592781404548959,
    {
      "epoch_mcc": 0.6592781404548959,
      "epoch_domain_auc": 0.3752475182165029,
      "mcc": 0.5820719897457496,
      "domain_auc": 0.373349374202752,
      "loss": 0.49466363243434747
    }
  ],
  "epoch_24": [
    "output/001_vsb/checkpoints/train.25.pth",
    0.7950210272365867,
    {
      "epoch_mcc": 0.7950210272365867,
      "epoch_domain_auc": 0.40026072722813366,
      "mcc": 0.7107349295410273,
      "domain_auc": 0.3983845658283513,
      "loss": 0.501005824752476
    }
  ],