{
  "best": {
    "epoch_mcc": 0.8421455985804155,
    "mcc": 0.8401824572926232,
    "loss": 0.0798375382121787
  },
  "last": {
    "epoch_mcc": 0.68938786056894,
    "mcc": 0.6601327645380982,
    "loss": 0.10936162493828036
  },
  "train.34": {
    "epoch_mcc": 0.8421455985804155,
    "mcc": 0.8401824572926232,
    "loss": 0.0798375382121787
  },
  "epoch_0": [
    "output/004_vsb_naive_multirun/multirun/seed5/fold2/checkpoints/train.1.pth",
    0.5522634946416969,
    {
      "epoch_mcc": 0.5522634946416969,
      "mcc": 0.5545275214888613,
      "loss": 0.4813044582094465
    }
  ],
  "epoch_1": [
    "output/004_vsb_naive_multirun/multirun/seed5/fold2/checkpoints/train.2.pth",
    0.2120709041479941,
    {
      "epoch_mcc": 0.2120709041479941,
      "mcc": 0.21179265017968116,
      "loss": 0.6026194325412613
    }
  ],
  "epoch_2": [
    "output/004_vsb_naive_multirun/multirun/seed5/fold2/checkpoints/train.3.pth",
    0.7571392542808572,
    {
      "epoch_mcc": 0.7571392542808572,
      "mcc": 0.7551528561716957,
      "loss": 0.30170656897114806
    }
  ],
  "epoch_3": [
    "output/004_vsb_naive_multirun/multirun/seed5/fold2/checkpoints/train.4.pth",
    0.6491392713795248,
    {
      "epoch_mcc": 0.6491392713795248,
      "mcc": 0.6511868632981603,
      "loss": 0.15876200656677483
    }
  ],
  "epoch_4": [
    "output/004_vsb_naive_multirun/multirun/seed5/fold2/checkpoints/train.5.pth",
    0.6843211665914187,
    {
      "epoch_mcc": 0.6843211665914187,
      "mcc": 0.6826760850982434,
      "loss": 0.262742823146912
    }
  ],
  "epoch_5": [
    "output/004_vsb_naive_multirun/multirun/seed5/fold2/checkpoints/train.6.pth",
    0.8050788396830443,
    {
      "epoch_mcc": 0.8050788396830443,
      "mcc": 0.8016582181174756,
      "loss": 0.1979093047663595
    }
  ],
  "epoch_6": [
    "output/004_vsb_naive_multirun/multirun/seed5/fold2/checkpoints/train.7.pth",
    0.6970782002162527,
    {
      "epoch_mcc": 0.6970782002162527,
      "mcc": 0.6989831156313409,
      "loss": 0.23362665527248547
    }
  ],
  "epoch_7": [
    "output/004_vsb_naive_multirun/multirun/seed5/fold2/checkpoints/train.8.pth",
    0.7572175552328779,
    {
      "epoch_mcc": 0.7572175552328779,
      "mcc": 0.7572602810500648,
      "loss": 0.18090491135333778
    }
  ],
  "epoch_8": [
    "output/004_vsb_naive_multirun/multirun/seed5/fold2/checkpoints/train.9.pth",
    0.4239582717339948,
    {
      "epoch_mcc": 0.4239582717339948,
      "mcc": 0.44535060585413677,
      "loss": 0.17674973368542124
    }
  ],
  "epoch_9": [
    "output/004_vsb_naive_multirun/multirun/seed5/fold2/checkpoints/train.10.pth",
    0.7788393869470872,
    {
      "epoch_mcc": 0.7788393869470872,
      "mcc": 0.7814639284131644,
      "loss": 0.24699031070464655
    }
  ],
  "epoch_10": [
    "output/004_vsb_naive_multirun/multirun/seed5/fold2/checkpoints/train.11.pth",
    0.8141908555006704,
    {
      "epoch_mcc": 0.8141908555006704,
      "mcc": 0.82211705780638,
      "loss": 0.13991774639143592
    }
  ],
  "epoch_11": [
    "output/004_vsb_naive_multirun/multirun/seed5/fold2/checkpoints/train.12.pth",
    0.726764518986448,
    {
      "epoch_mcc": 0.726764518986448,
      "mcc": 0.7123777047300979,
      "loss": 0.3180539773684155
    }
  ],
  "epoch_12": [
    "output/004_vsb_naive_multirun/multirun/seed5/fold2/checkpoints/train.13.pth",
    0.6749114384698126,
    {
      "epoch_mcc": 0.6749114384698126,
      "mcc": 0.6697290781422021,
      "loss": 0.2813475621341633
    }
  ],
  "epoch_13": [
    "output/004_vsb_naive_multirun/multirun/seed5/fold2/checkpoints/train.14.pth",
    0.6752706515196818,
    {
      "epoch_mcc": 0.6752706515196818,
      "mcc": 0.6652604091305554,
      "loss": 0.105220139065113
    }
  ],
  "epoch_14": [
    "output/004_vsb_naive_multirun/multirun/seed5/fold2/checkpoints/train.15.pth",
    0.7346501438288522,
    {
      "epoch_mcc": 0.7346501438288522,
      "mcc": 0.7386419680948088,
      "loss": 0.0898622471499361
    }
  ],
  "epoch_15": [
    "output/004_vsb_naive_multirun/multirun/seed5/fold2/checkpoints/train.16.pth",
    0.6222716922137328,
    {
      "epoch_mcc": 0.6222716922137328,
      "mcc": 0.6256121232990771,
      "loss": 0.1036439241132925
    }
  ],
  "epoch_16": [
    "output/004_vsb_naive_multirun/multirun/seed5/fold2/checkpoints/train.17.pth",
    0.5650429889649775,
    {
      "epoch_mcc": 0.5650429889649775,
      "mcc": 0.5408626867464948,
      "loss": 0.10418053584336824
    }
  ],
  "epoch_17": [
    "output/004_vsb_naive_multirun/multirun/seed5/fold2/checkpoints/train.18.pth",
    0.753325610992522,
    {
      "epoch_mcc": 0.753325610992522,
      "mcc": 0.7309524486988662,
      "loss": 0.10038753024425852
    }
  ],
  "epoch_18": [
    "output/004_vsb_naive_multirun/multirun/seed5/fold2/checkpoints/train.19.pth",
    0.6351302536751008,
    {
      "epoch_mcc": 0.6351302536751008,
      "mcc": 0.6346191946090164,
      "loss": 0.12710627972464142
    }
  ],
  "epoch_19": [
    "output/004_vsb_naive_multirun/multirun/seed5/fold2/checkpoints/train.20.pth",
    0.7572175552328779,
    {
      "epoch_mcc": 0.7572175552328779,
      "mcc": 0.7262223320760132,
      "loss": 0.09088026241699103
    }
  ],
  "epoch_20": [
    "output/004_vsb_naive_multirun/multirun/seed5/fold2/checkpoints/train.21.pth",
    0.5650429889649775,
    {
      "epoch_mcc": 0.5650429889649775,
      "mcc": 0.5340643555366427,
      "loss": 0.125503703797951
    }
  ],
  "epoch_21": [
    "output/004_vsb_naive_multirun/multirun/seed5/fold2/checkpoints/train.22.pth",
    0.7934673378974035,
    {
      "epoch_mcc": 0.7934673378974035,
      "mcc": 0.7999712025476732,
      "loss": 0.08993311421288476
    }
  ],
  "epoch_22": [
    "output/004_vsb_naive_multirun/multirun/seed5/fold2/checkpoints/train.23.pth",
    0.7195030618033128,
    {
      "epoch_mcc": 0.7195030618033128,
      "mcc": 0.7144264425467889,
      "loss": 0.15617906760020428
    }
  ],
  "epoch_23": [
    "output/004_vsb_naive_multirun/multirun/seed5/fold2/checkpoints/train.24.pth",
    0.723302707900909,
    {
      "epoch_mcc": 0.723302707900909,
      "mcc": 0.7080298257904815,
      "loss": 0.10557503535343324
    }
  ],
  "epoch_24": [
    "output/004_vsb_naive_multirun/multirun/seed5/fold2/checkpoints/train.25.pth",
    0.7718847082187726,
    {
      "epoch_mcc": 0.7718847082187726,
      "mcc": 0.7568505756418129,
      "loss": 0.09040718317903873
    }
  ],
  "epoch_25": [
    "output/004_vsb_naive_multirun/multirun/seed5/fold2/checkpoints/train.26.pth",
    0.7000567273652508,
    {
      "epoch_mcc": 0.7000567273652508,
      "mcc": 0.7018319457580332,
      "loss": 0.17159806440701378
    }
  ],
  "epoch_26": [
    "output/004_vsb_naive_multirun/multirun/seed5/fold2/checkpoints/train.27.pth",
    0.7718847082187726,
    {
      "epoch_mcc": 0.7718847082187726,
      "mcc": 0.7691067644604034,
      "loss": 0.08606305797928993
    }
  ],
  "epoch_27": [
    "output/004_vsb_naive_multirun/multirun/seed5/fold2/checkpoints/train.28.pth",
    0.7516022226552233,
    {
      "epoch_mcc": 0.7516022226552233,
      "mcc": 0.7665553329554052,
      "loss": 0.1002614301422582
    }
  ],
  "epoch_28": [
    "output/004_vsb_naive_multirun/multirun/seed5/fold2/checkpoints/train.29.pth",
    0.6282777762823895,
    {
      "epoch_mcc": 0.6282777762823895,
      "mcc": 0.6178275412723636,
      "loss": 0.11749787426035908
    }
  ],
  "epoch_29": [
    "output/004_vsb_naive_multirun/multirun/seed5/fold2/checkpoints/train.30.pth",
    0.5405127159474028,
    {
      "epoch_mcc": 0.5405127159474028,
      "mcc": 0.5197755615366425,
      "loss": 0.17143288885664817
    }
  ],
  "epoch_30": [
    "output/004_vsb_naive_multirun/multirun/seed5/fold2/checkpoints/train.31.pth",
    0.46312851408506367,
    {
      "epoch_mcc": 0.46312851408506367,
      "mcc": 0.4668260333579095,
      "loss": 0.4181721669055919
    }
  ],