{
  "best": {
    "epoch_mcc": 0.7572175552328779,
    "epoch_domain_auc": 0.45327214933004706,
    "mcc": 0.732151850066886,
    "domain_auc": 0.4549379599448142,
    "loss": 0.8004622160875449
  },
  "last": {
    "epoch_mcc": 0.6563323945509507,
    "epoch_domain_auc": 0.4388910448778147,
    "mcc": 0.6544106888165697,
    "domain_auc": 0.4399518090773777,
    "loss": 0.901200537016798
  },
  "train.35": {
    "epoch_mcc": 0.7572175552328779,
    "epoch_domain_auc": 0.45327214933004706,
    "mcc": 0.732151850066886,
    "domain_auc": 0.4549379599448142,
    "loss": 0.8004622160875449
  },
  "epoch_0": [
    "output/001_vsb/fold1/checkpoints/train.1.pth",
    0.4213462958205704,
    {
      "epoch_mcc": 0.4213462958205704,
      "epoch_domain_auc": 0.4419230894564242,
      "mcc": 0.3872651320453462,
      "domain_auc": 0.4419201801564891,
      "loss": 0.8580560251275356
    }
  ],
  "epoch_1": [
    "output/001_vsb/fold1/checkpoints/train.2.pth",
    0.6623324998037066,
    {
      "epoch_mcc": 0.6623324998037066,
      "epoch_domain_auc": 0.39764368514135223,
      "mcc": 0.6505944468368913,
      "domain_auc": 0.399657203595181,
      "loss": 0.8658447408224752
    }
  ],
  "epoch_2": [
    "output/001_vsb/fold1/checkpoints/train.3.pth",
    0.6752706515196818,
    {
      "epoch_mcc": 0.6752706515196818,
      "epoch_domain_auc": 0.3270993983309683,
      "mcc": 0.6616288585769328,
      "domain_auc": 0.3274650179126036,
      "loss": 0.9043182646551149
    }
  ],
  "epoch_3": [
    "output/001_vsb/fold1/checkpoints/train.4.pth",
    0.6497917086877809,
    {
      "epoch_mcc": 0.6497917086877809,
      "epoch_domain_auc": 0.5189787919813011,
      "mcc": 0.6132215358942674,
      "domain_auc": 0.5180684524704477,
      "loss": 0.8494510738861951
    }
  ],
  "epoch_4": [
    "output/001_vsb/fold1/checkpoints/train.5.pth",
    0.5883926596577903,
    {
      "epoch_mcc": 0.5883926596577903,
      "epoch_domain_auc": 0.5038378248672092,
      "mcc": 0.583983876630399,
      "domain_auc": 0.5027967872808873,
      "loss": 0.8417834550296173
    }
  ],
  "epoch_5": [
    "output/001_vsb/fold1/checkpoints/train.6.pth",
    0.669496836133266,
    {
      "epoch_mcc": 0.669496836133266,
      "epoch_domain_auc": 0.3497042016109681,
      "mcc": 0.6614818366073085,
      "domain_auc": 0.3496217955842035,
      "loss": 0.8515130941100457
    }
  ],
  "epoch_6": [
    "output/001_vsb/fold1/checkpoints/train.7.pth",
    0.6215581659050019,
    {
      "epoch_mcc": 0.6215581659050019,
      "epoch_domain_auc": 0.24636436081182364,
      "mcc": 0.6186721063440143,
      "domain_auc": 0.24471625140064662,
      "loss": 0.895025413541088
    }
  ],
  "epoch_7": [
    "output/001_vsb/fold1/checkpoints/train.8.pth",
    0.7203079062324996,
    {
      "epoch_mcc": 0.7203079062324996,
      "epoch_domain_auc": 0.23259796007240172,
      "mcc": 0.6974762500843086,
      "domain_auc": 0.23051857719638638,
      "loss": 0.8482707602431975
    }
  ],
  "epoch_8": [
    "output/001_vsb/fold1/checkpoints/train.9.pth",
    0.6632286624397578,
    {
      "epoch_mcc": 0.6632286624397578,
      "epoch_domain_auc": 0.4514147072677234,
      "mcc": 0.6418931066478547,
      "domain_auc": 0.4535594354542794,
      "loss": 0.8306528171861028
    }
  ],
  "epoch_9": [
    "output/001_vsb/fold1/checkpoints/train.10.pth",
    0.7388904976777009,
    {
      "epoch_mcc": 0.7388904976777009,
      "epoch_domain_auc": 0.44848782886648636,
      "mcc": 0.7139536428800888,
      "domain_auc": 0.44871424795446446,
      "loss": 0.8093383358390729
    }
  ],
  "epoch_10": [
    "output/001_vsb/fold1/checkpoints/train.11.pth",
    0.5648361208746311,
    {
      "epoch_mcc": 0.5648361208746311,
      "epoch_domain_auc": 0.3887415904088446,
      "mcc": 0.5643757541875302,
      "domain_auc": 0.38889109071838246,
      "loss": 0.8344084826681166
    }
  ],
  "epoch_11": [
    "output/001_vsb/fold1/checkpoints/train.12.pth",
    0.4597425319197079,
    {
      "epoch_mcc": 0.4597425319197079,
      "epoch_domain_auc": 0.43414967961346246,
      "mcc": 0.4488117459345589,
      "domain_auc": 0.43570838079324803,
      "loss": 0.8386336527059493
    }
  ],
  "epoch_12": [
    "output/001_vsb/fold1/checkpoints/train.13.pth",
    0.6890135898097761,
    {
      "epoch_mcc": 0.6890135898097761,
      "epoch_domain_auc": 0.39821247122742265,
      "mcc": 0.6684406314906243,
      "domain_auc": 0.3991584651317077,
      "loss": 0.8154263541538416
    }
  ],
  "epoch_13": [
    "output/001_vsb/fold1/checkpoints/train.14.pth",
    0.727899918850555,
    {
      "epoch_mcc": 0.727899918850555,
      "epoch_domain_auc": 0.45233009737499297,
      "mcc": 0.7098194412199544,
      "domain_auc": 0.4520239557449823,
      "loss": 0.8019088287156543
    }
  ],
  "epoch_14": [
    "output/001_vsb/fold1/checkpoints/train.15.pth",
    0.6641529004121258,
    {
      "epoch_mcc": 0.6641529004121258,
      "epoch_domain_auc": 0.44550318312838266,
      "mcc": 0.6474152755432846,
      "domain_auc": 0.4464509916497225,
      "loss": 0.8070120819669583
    }
  ],
  "epoch_15": [
    "output/001_vsb/fold1/checkpoints/train.16.pth",
    0.6742609582055686,
    {
      "epoch_mcc": 0.6742609582055686,
      "epoch_domain_auc": 0.42064989735188607,
      "mcc": 0.6540154753732601,
      "domain_auc": 0.42100802817926136,
      "loss": 0.8259801907711718
    }
  ],
  "epoch_16": [
    "output/001_vsb/fold1/checkpoints/train.17.pth",
    0.5883926596577903,
    {
      "epoch_mcc": 0.5883926596577903,
      "epoch_domain_auc": 0.4215178886186497,
      "mcc": 0.5842127389641191,
      "domain_auc": 0.4219308144642375,
      "loss": 0.8450090994933386
    }
  ],
  "epoch_17": [
    "output/001_vsb/fold1/checkpoints/train.18.pth",
    0.6111352463034879,
    {
      "epoch_mcc": 0.6111352463034879,
      "epoch_domain_auc": 0.44988905708894095,
      "mcc": 0.5867990569273773,
      "domain_auc": 0.4496803796602654,
      "loss": 0.8507673674729523
    }
  ],
  "epoch_18": [
    "output/001_vsb/fold1/checkpoints/train.19.pth",
    0.7465774673822606,
    {
      "epoch_mcc": 0.7465774673822606,
      "epoch_domain_auc": 0.4871978694221193,
      "mcc": 0.7235762798885591,
      "domain_auc": 0.486743998009795,
      "loss": 0.799875784761524
    }
  ],
  "epoch_19": [
    "output/001_vsb/fold1/checkpoints/train.20.pth",
    0.7385563411121259,
    {
      "epoch_mcc": 0.7385563411121259,
      "epoch_domain_auc": 0.47308782708902986,
      "mcc": 0.7290534047809788,
      "domain_auc": 0.47333482195725973,
      "loss": 0.8018329810357545
    }
  ],
  "epoch_20": [
    "output/001_vsb/fold1/checkpoints/train.21.pth",
    0.7331362564421996,
    {
      "epoch_mcc": 0.7331362564421996,
      "epoch_domain_auc": 0.42582822067715165,
      "mcc": 0.7111187822458712,
      "domain_auc": 0.4270203981932274,
      "loss": 0.7989480088171573
    }
  ],
  "epoch_21": [
    "output/001_vsb/fold1/checkpoints/train.22.pth",
    0.6696039773769571,
    {
      "epoch_mcc": 0.6696039773769571,
      "epoch_domain_auc": 0.4124454543030741,
      "mcc": 0.656379585966461,
      "domain_auc": 0.41362549677825855,
      "loss": 0.8420435922691621
    }
  ],
  "epoch_22": [
    "output/001_vsb/fold1/checkpoints/train.23.pth",
    0.727899918850555,
    {
      "epoch_mcc": 0.727899918850555,
      "epoch_domain_auc": 0.44898255426426625,
      "mcc": 0.6968409975008737,
      "domain_auc": 0.45115569693354746,
      "loss": 0.8141868202698621
    }
  ],
  "epoch_23": [
    "output/001_vsb/fold1/checkpoints/train.24.pth",
    0.5848684382124728,
    {
      "epoch_mcc": 0.5848684382124728,
      "epoch_domain_auc": 0.4680990991257877,
      "mcc": 0.5708913207853674,
      "domain_auc": 0.4702799454261339,
      "loss": 0.8126721480627274
    }
  ],
  "epoch_24": [
    "output/001_vsb/fold1/checkpoints/train.25.pth",
    0.5655961571381926,
    {
      "epoch_mcc": 0.5655961571381926,
      "epoch_domain_auc": 0.5097508302203158,