{
  "best": {
    "epoch_mcc": 0.7788393869470872,
    "mcc": 0.7878948325401655,
    "loss": 0.08206881881529617
  },
  "last": {
    "epoch_mcc": 0.6623324998037066,
    "mcc": 0.6764883674300742,
    "loss": 0.12574775987296732
  },
  "train.22": {
    "epoch_mcc": 0.7788393869470872,
    "mcc": 0.7878948325401655,
    "loss": 0.08206881881529617
  },
  "epoch_0": [
    "output/004_vsb_naive/fold2/checkpoints/train.1.pth",
    0.6060716983117147,
    {
      "epoch_mcc": 0.6060716983117147,
      "mcc": 0.6120254351724155,
      "loss": 0.13907673195799533
    }
  ],
  "epoch_1": [
    "output/004_vsb_naive/fold2/checkpoints/train.2.pth",
    0.6752706515196818,
    {
      "epoch_mcc": 0.6752706515196818,
      "mcc": 0.6933436476148392,
      "loss": 0.09296412571700427
    }
  ],
  "epoch_2": [
    "output/004_vsb_naive/fold2/checkpoints/train.3.pth",
    0.5936621163967801,
    {
      "epoch_mcc": 0.5936621163967801,
      "mcc": 0.5928614663913123,
      "loss": 0.16730882109442594
    }
  ],
  "epoch_3": [
    "output/004_vsb_naive/fold2/checkpoints/train.4.pth",
    0.723302707900909,
    {
      "epoch_mcc": 0.723302707900909,
      "mcc": 0.740044027692682,
      "loss": 0.09035451380013394
    }
  ],
  "epoch_4": [
    "output/004_vsb_naive/fold2/checkpoints/train.5.pth",
    0.7331362564421996,
    {
      "epoch_mcc": 0.7331362564421996,
      "mcc": 0.742654561007262,
      "loss": 0.08057645549308412
    }
  ],
  "epoch_5": [
    "output/004_vsb_naive/fold2/checkpoints/train.6.pth",
    0.7013551460582699,
    {
      "epoch_mcc": 0.7013551460582699,
      "mcc": 0.7151065019982947,
      "loss": 0.08646685305001814
    }
  ],
  "epoch_6": [
    "output/004_vsb_naive/fold2/checkpoints/train.7.pth",
    0.6696039773769571,
    {
      "epoch_mcc": 0.6696039773769571,
      "mcc": 0.6892246965173447,
      "loss": 0.08823674278279282
    }
  ],
  "epoch_7": [
    "output/004_vsb_naive/fold2/checkpoints/train.8.pth",
    0.7334862385317362,
    {
      "epoch_mcc": 0.7334862385317362,
      "mcc": 0.7515274287910474,
      "loss": 0.08268277643956949
    }
  ],
  "epoch_8": [
    "output/004_vsb_naive/fold2/checkpoints/train.9.pth",
    0.7375989968358284,
    {
      "epoch_mcc": 0.7375989968358284,
      "mcc": 0.7469608076050177,
      "loss": 0.08085437270968178
    }
  ],
  "epoch_9": [
    "output/004_vsb_naive/fold2/checkpoints/train.10.pth",
    0.6111352463034879,
    {
      "epoch_mcc": 0.6111352463034879,
      "mcc": 0.6137353499444024,
      "loss": 0.12294554901782186
    }
  ],
  "epoch_10": [
    "output/004_vsb_naive/fold2/checkpoints/train.11.pth",
    0.7089797419227258,
    {
      "epoch_mcc": 0.7089797419227258,
      "mcc": 0.7107334963025573,
      "loss": 0.09943779765687588
    }
  ],
  "epoch_11": [
    "output/004_vsb_naive/fold2/checkpoints/train.12.pth",
    0.6331495471371922,
    {
      "epoch_mcc": 0.6331495471371922,
      "mcc": 0.6402152679134778,
      "loss": 0.11173047803073044
    }
  ],
  "epoch_12": [
    "output/004_vsb_naive/fold2/checkpoints/train.13.pth",
    0.7516022226552233,
    {
      "epoch_mcc": 0.7516022226552233,
      "mcc": 0.754613688527151,
      "loss": 0.08893318622406707
    }
  ],
  "epoch_13": [
    "output/004_vsb_naive/fold2/checkpoints/train.14.pth",
    0.7606836283739793,
    {
      "epoch_mcc": 0.7606836283739793,
      "mcc": 0.7676720726964172,
      "loss": 0.08445164273379181
    }
  ],
  "epoch_14": [
    "output/004_vsb_naive/fold2/checkpoints/train.15.pth",
    0.70884563096842,
    {
      "epoch_mcc": 0.70884563096842,
      "mcc": 0.7252602578690479,
      "loss": 0.07448908369571432
    }
  ],
  "epoch_15": [
    "output/004_vsb_naive/fold2/checkpoints/train.16.pth",
    0.6222716922137328,
    {
      "epoch_mcc": 0.6222716922137328,
      "mcc": 0.6145915958352028,
      "loss": 0.09082162307443901
    }
  ],
  "epoch_16": [
    "output/004_vsb_naive/fold2/checkpoints/train.17.pth",
    0.6970782002162527,
    {
      "epoch_mcc": 0.6970782002162527,
      "mcc": 0.6817133102457223,
      "loss": 0.08702891617500433
    }
  ],
  "epoch_17": [
    "output/004_vsb_naive/fold2/checkpoints/train.18.pth",
    0.6545076009617131,
    {
      "epoch_mcc": 0.6545076009617131,
      "mcc": 0.6549080018708526,
      "loss": 0.12867084974759674
    }
  ],
  "epoch_18": [
    "output/004_vsb_naive/fold2/checkpoints/train.19.pth",
    0.7267762021429772,
    {
      "epoch_mcc": 0.7267762021429772,
      "mcc": 0.7268536662061593,
      "loss": 0.09872939785150571
    }
  ],
  "epoch_19": [
    "output/004_vsb_naive/fold2/checkpoints/train.20.pth",
    0.7465774673822606,
    {
      "epoch_mcc": 0.7465774673822606,
      "mcc": 0.7616027152173185,
      "loss": 0.07554236159254372
    }
  ],
  "epoch_20": [
    "output/004_vsb_naive/fold2/checkpoints/train.21.pth",
    0.7516022226552233,
    {
      "epoch_mcc": 0.7516022226552233,
      "mcc": 0.7672977564466645,
      "loss": 0.0839532672551023
    }
  ],
  "epoch_21": [
    "output/004_vsb_naive/fold2/checkpoints/train.22.pth",
    0.7788393869470872,
    {
      "epoch_mcc": 0.7788393869470872,
      "mcc": 0.7878948325401655,
      "loss": 0.08206881881529617
    }
  ],
  "epoch_22": [
    "output/004_vsb_naive/fold2/checkpoints/train.23.pth",
    0.7788393869470872,
    {
      "epoch_mcc": 0.7788393869470872,
      "mcc": 0.7878948325401655,
      "loss": 0.08167373903557376
    }
  ],
  "epoch_23": [
    "output/004_vsb_naive/fold2/checkpoints/train.24.pth",
    0.7649023959748208,
    {
      "epoch_mcc": 0.7649023959748208,
      "mcc": 0.7762867224000809,
      "loss": 0.0951490979545498
    }
  ],
  "epoch_24": [
    "output/004_vsb_naive/fold2/checkpoints/train.25.pth",
    0.6387164594683569,
    {
      "epoch_mcc": 0.6387164594683569,
      "mcc": 0.6352646590194527,
      "loss": 0.11920395898095712
    }
  ],
  "epoch_25": [
    "output/004_vsb_naive/fold2/checkpoints/train.26.pth",
    0.709219196163253,
    {
      "epoch_mcc": 0.709219196163253,
      "mcc": 0.7110075815014136,
      "loss": 0.14747499201363418
    }
  ],
  "epoch_26": [
    "output/004_vsb_naive/fold2/checkpoints/train.27.pth",
    0.6434840065120163,
    {
      "epoch_mcc": 0.6434840065120163,
      "mcc": 0.6632088714703486,
      "loss": 0.14912075284233706
    }
  ],
  "epoch_27": [
    "output/004_vsb_naive/fold2/checkpoints/train.28.pth",
    0.7450684726478466,
    {
      "epoch_mcc": 0.7450684726478466,
      "mcc": 0.7402790151002395,
      "loss": 0.09366246632167272
    }
  ],
  "epoch_28": [
    "output/004_vsb_naive/fold2/checkpoints/train.29.pth",
    0.5702562701916791,
    {
      "epoch_mcc": 0.5702562701916791,
      "mcc": 0.5647129583113845,
      "loss": 0.1222933754966099
    }
  ],
  "epoch_29": [
    "output/004_vsb_naive/fold2/checkpoints/train.30.pth",
    0.7298846804599961,
    {
      "epoch_mcc": 0.7298846804599961,
      "mcc": 0.7429212030553406,
      "loss": 0.08354992632355009
    }
  ],
  "epoch_30": [
    "output/004_vsb_naive/fold2/checkpoints/train.31.pth",
    0.7516022226552233,
    {
      "epoch_mcc": 0.7516022226552233,
      "mcc": 0.7581752251420357,
      "loss": 0.08931703314749387
    }
  ],
  "epoch_31": [
    "output/004_vsb_naive/fold2/checkpoints/train.32.pth",
    0.6951162093271308,
    {
      "epoch_mcc": 0.6951162093271308,
      "mcc": 0.7056050910750807,
      "loss": 0.08614261621343237
    }
  ],
  "epoch_32": [
    "output/004_vsb_naive/fold2/checkpoints/train.33.pth",
    0.669496836133266,
    {
      "epoch_mcc": 0.669496836133266,
      "mcc": 0.6463199787808309,
      "loss": 0.10162709498851721
    }
  ],
  "epoch_33": [
    "output/004_vsb_naive/fold2/checkpoints/train.34.pth",
    0.7277326971131548,
    {
      "epoch_mcc": 0.7277326971131548,
      "mcc": 0.731581038193659,
      "loss": 0.09228483591991735
    }
  ],