{
  "best": {
    "epoch_mcc": 0.727899918850555,
    "mcc": 0.735490329404783,
    "loss": 0.11912551011870938
  },
  "last": {
    "epoch_mcc": 0.617460102206004,
    "mcc": 0.6242229099524508,
    "loss": 0.2640101040958743
  },
  "train.16": {
    "epoch_mcc": 0.727899918850555,
    "mcc": 0.735490329404783,
    "loss": 0.11912551011870938
  },
  "epoch_0": [
    "output/004_vsb_naive_multirun/multirun/seed3/fold2/checkpoints/train.1.pth",
    0.6282777762823895,
    {
      "epoch_mcc": 0.6282777762823895,
      "mcc": 0.6430266972637847,
      "loss": 0.11719331185681274
    }
  ],
  "epoch_1": [
    "output/004_vsb_naive_multirun/multirun/seed3/fold2/checkpoints/train.2.pth",
    0.5848684382124728,
    {
      "epoch_mcc": 0.5848684382124728,
      "mcc": 0.5847039726634797,
      "loss": 0.11825332395642636
    }
  ],
  "epoch_2": [
    "output/004_vsb_naive_multirun/multirun/seed3/fold2/checkpoints/train.3.pth",
    0.49969689599514777,
    {
      "epoch_mcc": 0.49969689599514777,
      "mcc": 0.4949710621110393,
      "loss": 0.13243269305451807
    }
  ],
  "epoch_3": [
    "output/004_vsb_naive_multirun/multirun/seed3/fold2/checkpoints/train.4.pth",
    0.6346498016735805,
    {
      "epoch_mcc": 0.6346498016735805,
      "mcc": 0.6411589617864352,
      "loss": 0.12685454019991338
    }
  ],
  "epoch_4": [
    "output/004_vsb_naive_multirun/multirun/seed3/fold2/checkpoints/train.5.pth",
    0.5313778261755465,
    {
      "epoch_mcc": 0.5313778261755465,
      "mcc": 0.5154958133698947,
      "loss": 0.1434988376913711
    }
  ],
  "epoch_5": [
    "output/004_vsb_naive_multirun/multirun/seed3/fold2/checkpoints/train.6.pth",
    0.5848684382124728,
    {
      "epoch_mcc": 0.5848684382124728,
      "mcc": 0.5866879500658709,
      "loss": 0.12943835267332252
    }
  ],
  "epoch_6": [
    "output/004_vsb_naive_multirun/multirun/seed3/fold2/checkpoints/train.7.pth",
    0.6385329548894924,
    {
      "epoch_mcc": 0.6385329548894924,
      "mcc": 0.6528692531499625,
      "loss": 0.1345819176371865
    }
  ],
  "epoch_7": [
    "output/004_vsb_naive_multirun/multirun/seed3/fold2/checkpoints/train.8.pth",
    0.6820536282526075,
    {
      "epoch_mcc": 0.6820536282526075,
      "mcc": 0.6913663369419348,
      "loss": 0.11226218225828752
    }
  ],
  "epoch_8": [
    "output/004_vsb_naive_multirun/multirun/seed3/fold2/checkpoints/train.9.pth",
    0.6963084575253876,
    {
      "epoch_mcc": 0.6963084575253876,
      "mcc": 0.702421561659242,
      "loss": 0.12050454187721475
    }
  ],
  "epoch_9": [
    "output/004_vsb_naive_multirun/multirun/seed3/fold2/checkpoints/train.10.pth",
    0.5388557706340985,
    {
      "epoch_mcc": 0.5388557706340985,
      "mcc": 0.5195338231590726,
      "loss": 0.15150548604905298
    }
  ],
  "epoch_10": [
    "output/004_vsb_naive_multirun/multirun/seed3/fold2/checkpoints/train.11.pth",
    0.518280611408301,
    {
      "epoch_mcc": 0.518280611408301,
      "mcc": 0.5217670089579516,
      "loss": 0.1618038064025971
    }
  ],
  "epoch_11": [
    "output/004_vsb_naive_multirun/multirun/seed3/fold2/checkpoints/train.12.pth",
    0.6636572258697931,
    {
      "epoch_mcc": 0.6636572258697931,
      "mcc": 0.6690679392323929,
      "loss": 0.12816880304821593
    }
  ],
  "epoch_12": [
    "output/004_vsb_naive_multirun/multirun/seed3/fold2/checkpoints/train.13.pth",
    0.6539695782783023,
    {
      "epoch_mcc": 0.6539695782783023,
      "mcc": 0.6597658196493589,
      "loss": 0.12672733167978245
    }
  ],
  "epoch_13": [
    "output/004_vsb_naive_multirun/multirun/seed3/fold2/checkpoints/train.14.pth",
    0.7080458806960408,
    {
      "epoch_mcc": 0.7080458806960408,
      "mcc": 0.7142555046554743,
      "loss": 0.11862789958766734
    }
  ],
  "epoch_14": [
    "output/004_vsb_naive_multirun/multirun/seed3/fold2/checkpoints/train.15.pth",
    0.7013701169095784,
    {
      "epoch_mcc": 0.7013701169095784,
      "mcc": 0.7092865930078395,
      "loss": 0.1156353066946266
    }
  ],
  "epoch_15": [
    "output/004_vsb_naive_multirun/multirun/seed3/fold2/checkpoints/train.16.pth",
    0.727899918850555,
    {
      "epoch_mcc": 0.727899918850555,
      "mcc": 0.735490329404783,
      "loss": 0.11912551011870938
    }
  ],
  "epoch_16": [
    "output/004_vsb_naive_multirun/multirun/seed3/fold2/checkpoints/train.17.pth",
    0.47265867620869295,
    {
      "epoch_mcc": 0.47265867620869295,
      "mcc": 0.4706483224649627,
      "loss": 0.1714772631297218
    }
  ],
  "epoch_17": [
    "output/004_vsb_naive_multirun/multirun/seed3/fold2/checkpoints/train.18.pth",
    0.6728256116565438,
    {
      "epoch_mcc": 0.6728256116565438,
      "mcc": 0.6782782457698985,
      "loss": 0.132953788116959
    }
  ],
  "epoch_18": [
    "output/004_vsb_naive_multirun/multirun/seed3/fold2/checkpoints/train.19.pth",
    0.4238007975510048,
    {
      "epoch_mcc": 0.4238007975510048,
      "mcc": 0.4248217646526822,
      "loss": 0.17496867858758278
    }
  ],
  "epoch_19": [
    "output/004_vsb_naive_multirun/multirun/seed3/fold2/checkpoints/train.20.pth",
    0.6623324998037066,
    {
      "epoch_mcc": 0.6623324998037066,
      "mcc": 0.6545664317994567,
      "loss": 0.12207798755979374
    }
  ],
  "epoch_20": [
    "output/004_vsb_naive_multirun/multirun/seed3/fold2/checkpoints/train.21.pth",
    0.65505292209505,
    {
      "epoch_mcc": 0.65505292209505,
      "mcc": 0.6620743449175737,
      "loss": 0.1327351354024086
    }
  ],
  "epoch_21": [
    "output/004_vsb_naive_multirun/multirun/seed3/fold2/checkpoints/train.22.pth",
    0.6742609582055686,
    {
      "epoch_mcc": 0.6742609582055686,
      "mcc": 0.6801772362036839,
      "loss": 0.13282274526644902
    }
  ],
  "epoch_22": [
    "output/004_vsb_naive_multirun/multirun/seed3/fold2/checkpoints/train.23.pth",
    0.5899532237430417,
    {
      "epoch_mcc": 0.5899532237430417,
      "mcc": 0.5947803621410751,
      "loss": 0.1591549885560231
    }
  ],
  "epoch_23": [
    "output/004_vsb_naive_multirun/multirun/seed3/fold2/checkpoints/train.24.pth",
    0.5783079136080205,
    {
      "epoch_mcc": 0.5783079136080205,
      "mcc": 0.5860778326171785,
      "loss": 0.1692305834075875
    }
  ],
  "epoch_24": [
    "output/004_vsb_naive_multirun/multirun/seed3/fold2/checkpoints/train.25.pth",
    0.5655961571381926,
    {
      "epoch_mcc": 0.5655961571381926,
      "mcc": 0.5664037331345138,
      "loss": 0.1844695643898542
    }
  ],
  "epoch_25": [
    "output/004_vsb_naive_multirun/multirun/seed3/fold2/checkpoints/train.26.pth",
    0.5787754809557367,
    {
      "epoch_mcc": 0.5787754809557367,
      "mcc": 0.5763231229488954,
      "loss": 0.12664192063467844
    }
  ],
  "epoch_26": [
    "output/004_vsb_naive_multirun/multirun/seed3/fold2/checkpoints/train.27.pth",
    0.6850581056126488,
    {
      "epoch_mcc": 0.6850581056126488,
      "mcc": 0.6959657031535518,
      "loss": 0.12893055215247118
    }
  ],
  "epoch_27": [
    "output/004_vsb_naive_multirun/multirun/seed3/fold2/checkpoints/train.28.pth",
    0.6260931054257936,
    {
      "epoch_mcc": 0.6260931054257936,
      "mcc": 0.6378944323195735,
      "loss": 0.1382288167737232
    }
  ],
  "epoch_28": [
    "output/004_vsb_naive_multirun/multirun/seed3/fold2/checkpoints/train.29.pth",
    0.6280264703753095,
    {
      "epoch_mcc": 0.6280264703753095,
      "mcc": 0.6326773883377919,
      "loss": 0.1712231548333127
    }
  ],
  "epoch_29": [
    "output/004_vsb_naive_multirun/multirun/seed3/fold2/checkpoints/train.30.pth",
    0.6725963996595794,
    {
      "epoch_mcc": 0.6725963996595794,
      "mcc": 0.679397086233479,
      "loss": 0.14546012334692293
    }
  ],
  "epoch_30": [
    "output/004_vsb_naive_multirun/multirun/seed3/fold2/checkpoints/train.31.pth",
    0.6250306492042174,
    {
      "epoch_mcc": 0.6250306492042174,
      "mcc": 0.6147466799582857,
      "loss": 0.15711965331112046
    }
  ],