{
  "best": {
    "epoch_mcc": 0.7649023959748208,
    "mcc": 0.7703577708794873,
    "loss": 0.21310716459652643
  },
  "last": {
    "epoch_mcc": 0.7571392542808572,
    "mcc": 0.7678079986202905,
    "loss": 0.10507876343909722
  },
  "train.11": {
    "epoch_mcc": 0.7649023959748208,
    "mcc": 0.7703577708794873,
    "loss": 0.21310716459652643
  },
  "epoch_0": [
    "output/004_vsb_naive_multirun/multirun/seed3/fold2/checkpoints/train.1.pth",
    0.6014625689458136,
    {
      "epoch_mcc": 0.6014625689458136,
      "mcc": 0.6047864052939694,
      "loss": 0.4806064259575074
    }
  ],
  "epoch_1": [
    "output/004_vsb_naive_multirun/multirun/seed3/fold2/checkpoints/train.2.pth",
    0.5816073114586456,
    {
      "epoch_mcc": 0.5816073114586456,
      "mcc": 0.5885020167198404,
      "loss": 0.3877453983035227
    }
  ],
  "epoch_2": [
    "output/004_vsb_naive_multirun/multirun/seed3/fold2/checkpoints/train.3.pth",
    0.5324311711752325,
    {
      "epoch_mcc": 0.5324311711752325,
      "mcc": 0.5369253903275685,
      "loss": 0.41998171672968776
    }
  ],
  "epoch_3": [
    "output/004_vsb_naive_multirun/multirun/seed3/fold2/checkpoints/train.4.pth",
    0.6054132384978471,
    {
      "epoch_mcc": 0.6054132384978471,
      "mcc": 0.6123986728838419,
      "loss": 0.25544167254857475
    }
  ],
  "epoch_4": [
    "output/004_vsb_naive_multirun/multirun/seed3/fold2/checkpoints/train.5.pth",
    0.39121882494130034,
    {
      "epoch_mcc": 0.39121882494130034,
      "mcc": 0.4040551623629918,
      "loss": 0.3303570616573557
    }
  ],
  "epoch_5": [
    "output/004_vsb_naive_multirun/multirun/seed3/fold2/checkpoints/train.6.pth",
    0.6463566467327208,
    {
      "epoch_mcc": 0.6463566467327208,
      "mcc": 0.655008932569517,
      "loss": 0.2632782321019345
    }
  ],
  "epoch_6": [
    "output/004_vsb_naive_multirun/multirun/seed3/fold2/checkpoints/train.7.pth",
    0.6061953816003521,
    {
      "epoch_mcc": 0.6061953816003521,
      "mcc": 0.6138838788576765,
      "loss": 0.2427323487508728
    }
  ],
  "epoch_7": [
    "output/004_vsb_naive_multirun/multirun/seed3/fold2/checkpoints/train.8.pth",
    0.6755118137614066,
    {
      "epoch_mcc": 0.6755118137614066,
      "mcc": 0.6829839731284565,
      "loss": 0.1579222020255514
    }
  ],
  "epoch_8": [
    "output/004_vsb_naive_multirun/multirun/seed3/fold2/checkpoints/train.9.pth",
    0.6349670836438361,
    {
      "epoch_mcc": 0.6349670836438361,
      "mcc": 0.6442176022872221,
      "loss": 0.15424285286623926
    }
  ],
  "epoch_9": [
    "output/004_vsb_naive_multirun/multirun/seed3/fold2/checkpoints/train.10.pth",
    0.5425394192464722,
    {
      "epoch_mcc": 0.5425394192464722,
      "mcc": 0.542144484478518,
      "loss": 0.2394313371632883
    }
  ],
  "epoch_10": [
    "output/004_vsb_naive_multirun/multirun/seed3/fold2/checkpoints/train.11.pth",
    0.7649023959748208,
    {
      "epoch_mcc": 0.7649023959748208,
      "mcc": 0.7703577708794873,
      "loss": 0.21310716459652643
    }
  ],
  "epoch_11": [
    "output/004_vsb_naive_multirun/multirun/seed3/fold2/checkpoints/train.12.pth",
    0.7013701169095784,
    {
      "epoch_mcc": 0.7013701169095784,
      "mcc": 0.7113916679215868,
      "loss": 0.15221981615751418
    }
  ],
  "epoch_12": [
    "output/004_vsb_naive_multirun/multirun/seed3/fold2/checkpoints/train.13.pth",
    0.6931229280250475,
    {
      "epoch_mcc": 0.6931229280250475,
      "mcc": 0.7004495211149113,
      "loss": 0.20913094007722688
    }
  ],
  "epoch_13": [
    "output/004_vsb_naive_multirun/multirun/seed3/fold2/checkpoints/train.14.pth",
    0.5883926596577903,
    {
      "epoch_mcc": 0.5883926596577903,
      "mcc": 0.5968983416099196,
      "loss": 0.13340737411300307
    }
  ],
  "epoch_14": [
    "output/004_vsb_naive_multirun/multirun/seed3/fold2/checkpoints/train.15.pth",
    0.6155120297510608,
    {
      "epoch_mcc": 0.6155120297510608,
      "mcc": 0.6239459675630016,
      "loss": 0.2074931497058852
    }
  ],
  "epoch_15": [
    "output/004_vsb_naive_multirun/multirun/seed3/fold2/checkpoints/train.16.pth",
    0.6068352989277572,
    {
      "epoch_mcc": 0.6068352989277572,
      "mcc": 0.6189613333291399,
      "loss": 0.18886720241654967
    }
  ],
  "epoch_16": [
    "output/004_vsb_naive_multirun/multirun/seed3/fold2/checkpoints/train.17.pth",
    0.6295487902802823,
    {
      "epoch_mcc": 0.6295487902802823,
      "mcc": 0.6394205752743847,
      "loss": 0.12621629506144383
    }
  ],
  "epoch_17": [
    "output/004_vsb_naive_multirun/multirun/seed3/fold2/checkpoints/train.18.pth",
    0.5188593357992972,
    {
      "epoch_mcc": 0.5188593357992972,
      "mcc": 0.521433063909789,
      "loss": 0.30871519774660183
    }
  ],
  "epoch_18": [
    "output/004_vsb_naive_multirun/multirun/seed3/fold2/checkpoints/train.19.pth",
    0.5238838448776798,
    {
      "epoch_mcc": 0.5238838448776798,
      "mcc": 0.5354507124909206,
      "loss": 0.16102145272411292
    }
  ],
  "epoch_19": [
    "output/004_vsb_naive_multirun/multirun/seed3/fold2/checkpoints/train.20.pth",
    0.5829439882379686,
    {
      "epoch_mcc": 0.5829439882379686,
      "mcc": 0.5901123372821966,
      "loss": 0.2790194764964141
    }
  ],
  "epoch_20": [
    "output/004_vsb_naive_multirun/multirun/seed3/fold2/checkpoints/train.21.pth",
    0.6755118137614066,
    {
      "epoch_mcc": 0.6755118137614066,
      "mcc": 0.6855401315749677,
      "loss": 0.16874676522207344
    }
  ],
  "epoch_21": [
    "output/004_vsb_naive_multirun/multirun/seed3/fold2/checkpoints/train.22.pth",
    0.680097874672185,
    {
      "epoch_mcc": 0.680097874672185,
      "mcc": 0.6919362607026762,
      "loss": 0.10922956814838769
    }
  ],
  "epoch_22": [
    "output/004_vsb_naive_multirun/multirun/seed3/fold2/checkpoints/train.23.pth",
    0.6771501913321073,
    {
      "epoch_mcc": 0.6771501913321073,
      "mcc": 0.6792203367116411,
      "loss": 0.2173550406698516
    }
  ],
  "epoch_23": [
    "output/004_vsb_naive_multirun/multirun/seed3/fold2/checkpoints/train.24.pth",
    0.4600152390385983,
    {
      "epoch_mcc": 0.4600152390385983,
      "mcc": 0.41917319703126477,
      "loss": 0.2308013443410294
    }
  ],
  "epoch_24": [
    "output/004_vsb_naive_multirun/multirun/seed3/fold2/checkpoints/train.25.pth",
    0.6378378378443359,
    {
      "epoch_mcc": 0.6378378378443359,
      "mcc": 0.6464766478503782,
      "loss": 0.13111077370234284
    }
  ],
  "epoch_25": [
    "output/004_vsb_naive_multirun/multirun/seed3/fold2/checkpoints/train.26.pth",
    0.5648361208746311,
    {
      "epoch_mcc": 0.5648361208746311,
      "mcc": 0.5870889999218132,
      "loss": 0.1462447009275374
    }
  ],
  "epoch_26": [
    "output/004_vsb_naive_multirun/multirun/seed3/fold2/checkpoints/train.27.pth",
    0.6641529004121258,
    {
      "epoch_mcc": 0.6641529004121258,
      "mcc": 0.6810601906568817,
      "loss": 0.1311429943087897
    }
  ],
  "epoch_27": [
    "output/004_vsb_naive_multirun/multirun/seed3/fold2/checkpoints/train.28.pth",
    0.7421794481754336,
    {
      "epoch_mcc": 0.7421794481754336,
      "mcc": 0.7545742074316024,
      "loss": 0.10154345153274717
    }
  ],
  "epoch_28": [
    "output/004_vsb_naive_multirun/multirun/seed3/fold2/checkpoints/train.29.pth",
    0.7331362564421996,
    {
      "epoch_mcc": 0.7331362564421996,
      "mcc": 0.739955789228361,
      "loss": 0.1139105409191418
    }
  ],
  "epoch_29": [
    "output/004_vsb_naive_multirun/multirun/seed3/fold2/checkpoints/train.30.pth",
    0.7038735983686524,
    {
      "epoch_mcc": 0.7038735983686524,
      "mcc": 0.7083380213144673,
      "loss": 0.17235637334353338
    }
  ],
  "epoch_30": [
    "output/004_vsb_naive_multirun/multirun/seed3/fold2/checkpoints/train.31.pth",
    0.5178179725757183,
    {
      "epoch_mcc": 0.5178179725757183,
      "mcc": 0.5169534464107685,
      "loss": 0.2595353662557323
    }
  ],