{
  "best": {
    "epoch_mcc": 0.7689542080629689,
    "mcc": 0.7870234831533257,
    "loss": 0.09380094149503215
  },
  "last": {
    "epoch_mcc": 0.4670455732049266,
    "mcc": 0.4138403223319408,
    "loss": 0.203575195269338
  },
  "train.40": {
    "epoch_mcc": 0.7689542080629689,
    "mcc": 0.7870234831533257,
    "loss": 0.09380094149503215
  },
  "epoch_0": [
    "output/004_vsb_naive_multirun/multirun/seed6/fold4/checkpoints/train.1.pth",
    0.5453096031108746,
    {
      "epoch_mcc": 0.5453096031108746,
      "mcc": 0.4966386780495794,
      "loss": 0.47546103041747523
    }
  ],
  "epoch_1": [
    "output/004_vsb_naive_multirun/multirun/seed6/fold4/checkpoints/train.2.pth",
    0.5628925981848275,
    {
      "epoch_mcc": 0.5628925981848275,
      "mcc": 0.5143470764327124,
      "loss": 0.2080808020871261
    }
  ],
  "epoch_2": [
    "output/004_vsb_naive_multirun/multirun/seed6/fold4/checkpoints/train.3.pth",
    0.49155676742104093,
    {
      "epoch_mcc": 0.49155676742104093,
      "mcc": 0.44387110768469146,
      "loss": 0.2537335251939708
    }
  ],
  "epoch_3": [
    "output/004_vsb_naive_multirun/multirun/seed6/fold4/checkpoints/train.4.pth",
    0.627619400007513,
    {
      "epoch_mcc": 0.627619400007513,
      "mcc": 0.6241034625345044,
      "loss": 0.2945111490529159
    }
  ],
  "epoch_4": [
    "output/004_vsb_naive_multirun/multirun/seed6/fold4/checkpoints/train.5.pth",
    0.4830930537350023,
    {
      "epoch_mcc": 0.4830930537350023,
      "mcc": 0.49313311465713106,
      "loss": 0.2120426083433217
    }
  ],
  "epoch_5": [
    "output/004_vsb_naive_multirun/multirun/seed6/fold4/checkpoints/train.6.pth",
    0.2840995007510958,
    {
      "epoch_mcc": 0.2840995007510958,
      "mcc": 0.27757156326238136,
      "loss": 0.6181190046770819
    }
  ],
  "epoch_6": [
    "output/004_vsb_naive_multirun/multirun/seed6/fold4/checkpoints/train.7.pth",
    0.5940228758819491,
    {
      "epoch_mcc": 0.5940228758819491,
      "mcc": 0.5351896807804158,
      "loss": 0.19610871549310355
    }
  ],
  "epoch_7": [
    "output/004_vsb_naive_multirun/multirun/seed6/fold4/checkpoints/train.8.pth",
    0.7150313268932518,
    {
      "epoch_mcc": 0.7150313268932518,
      "mcc": 0.7086494932056753,
      "loss": 0.23773530536684498
    }
  ],
  "epoch_8": [
    "output/004_vsb_naive_multirun/multirun/seed6/fold4/checkpoints/train.9.pth",
    0.5596534463403778,
    {
      "epoch_mcc": 0.5596534463403778,
      "mcc": 0.5682859291586748,
      "loss": 0.16888047631444603
    }
  ],
  "epoch_9": [
    "output/004_vsb_naive_multirun/multirun/seed6/fold4/checkpoints/train.10.pth",
    0.6739488684803142,
    {
      "epoch_mcc": 0.6739488684803142,
      "mcc": 0.6699896221825838,
      "loss": 0.27548187333962015
    }
  ],
  "epoch_10": [
    "output/004_vsb_naive_multirun/multirun/seed6/fold4/checkpoints/train.11.pth",
    0.6860637338413752,
    {
      "epoch_mcc": 0.6860637338413752,
      "mcc": 0.613914162351928,
      "loss": 0.14359568311222667
    }
  ],
  "epoch_11": [
    "output/004_vsb_naive_multirun/multirun/seed6/fold4/checkpoints/train.12.pth",
    0.6222799068858799,
    {
      "epoch_mcc": 0.6222799068858799,
      "mcc": 0.6308886141123607,
      "loss": 0.2532659560441971
    }
  ],
  "epoch_12": [
    "output/004_vsb_naive_multirun/multirun/seed6/fold4/checkpoints/train.13.pth",
    0.4679665564934423,
    {
      "epoch_mcc": 0.4679665564934423,
      "mcc": 0.4122397270109242,
      "loss": 0.1700141089229748
    }
  ],
  "epoch_13": [
    "output/004_vsb_naive_multirun/multirun/seed6/fold4/checkpoints/train.14.pth",
    0.5792481637699722,
    {
      "epoch_mcc": 0.5792481637699722,
      "mcc": 0.612849501568548,
      "loss": 0.14533660211439792
    }
  ],
  "epoch_14": [
    "output/004_vsb_naive_multirun/multirun/seed6/fold4/checkpoints/train.15.pth",
    0.7445457424753055,
    {
      "epoch_mcc": 0.7445457424753055,
      "mcc": 0.7627311890413008,
      "loss": 0.14632461667060853
    }
  ],
  "epoch_15": [
    "output/004_vsb_naive_multirun/multirun/seed6/fold4/checkpoints/train.16.pth",
    0.7125591976935509,
    {
      "epoch_mcc": 0.7125591976935509,
      "mcc": 0.7085488736324966,
      "loss": 0.10497439154263201
    }
  ],
  "epoch_16": [
    "output/004_vsb_naive_multirun/multirun/seed6/fold4/checkpoints/train.17.pth",
    0.6857005411795145,
    {
      "epoch_mcc": 0.6857005411795145,
      "mcc": 0.6973252078537436,
      "loss": 0.10963981113043325
    }
  ],
  "epoch_17": [
    "output/004_vsb_naive_multirun/multirun/seed6/fold4/checkpoints/train.18.pth",
    0.7445457424753055,
    {
      "epoch_mcc": 0.7445457424753055,
      "mcc": 0.76701000102875,
      "loss": 0.10822500730382985
    }
  ],
  "epoch_18": [
    "output/004_vsb_naive_multirun/multirun/seed6/fold4/checkpoints/train.19.pth",
    0.6427748731941806,
    {
      "epoch_mcc": 0.6427748731941806,
      "mcc": 0.573198360908411,
      "loss": 0.1180734198925824
    }
  ],
  "epoch_19": [
    "output/004_vsb_naive_multirun/multirun/seed6/fold4/checkpoints/train.20.pth",
    0.7450398775153998,
    {
      "epoch_mcc": 0.7450398775153998,
      "mcc": 0.7581496531468271,
      "loss": 0.09410150120484417
    }
  ],
  "epoch_20": [
    "output/004_vsb_naive_multirun/multirun/seed6/fold4/checkpoints/train.21.pth",
    0.5973455757718854,
    {
      "epoch_mcc": 0.5973455757718854,
      "mcc": 0.53167231262479,
      "loss": 0.1333364206655272
    }
  ],
  "epoch_21": [
    "output/004_vsb_naive_multirun/multirun/seed6/fold4/checkpoints/train.22.pth",
    0.6534533399127848,
    {
      "epoch_mcc": 0.6534533399127848,
      "mcc": 0.6660122280661718,
      "loss": 0.10043047133447795
    }
  ],
  "epoch_22": [
    "output/004_vsb_naive_multirun/multirun/seed6/fold4/checkpoints/train.23.pth",
    0.6148445188174534,
    {
      "epoch_mcc": 0.6148445188174534,
      "mcc": 0.616092834505468,
      "loss": 0.20329376099438504
    }
  ],
  "epoch_23": [
    "output/004_vsb_naive_multirun/multirun/seed6/fold4/checkpoints/train.24.pth",
    0.4666714237895347,
    {
      "epoch_mcc": 0.4666714237895347,
      "mcc": 0.3985937295618993,
      "loss": 0.15370931075564745
    }
  ],
  "epoch_24": [
    "output/004_vsb_naive_multirun/multirun/seed6/fold4/checkpoints/train.25.pth",
    0.7634188325645441,
    {
      "epoch_mcc": 0.7634188325645441,
      "mcc": 0.7798366602952949,
      "loss": 0.2439329092872554
    }
  ],
  "epoch_25": [
    "output/004_vsb_naive_multirun/multirun/seed6/fold4/checkpoints/train.26.pth",
    0.6448537491614215,
    {
      "epoch_mcc": 0.6448537491614215,
      "mcc": 0.6782063056905444,
      "loss": 0.090658582490066
    }
  ],
  "epoch_26": [
    "output/004_vsb_naive_multirun/multirun/seed6/fold4/checkpoints/train.27.pth",
    0.6096111261756291,
    {
      "epoch_mcc": 0.6096111261756291,
      "mcc": 0.6013006303689641,
      "loss": 0.32632302313015377
    }
  ],
  "epoch_27": [
    "output/004_vsb_naive_multirun/multirun/seed6/fold4/checkpoints/train.28.pth",
    0.6204297127409871,
    {
      "epoch_mcc": 0.6204297127409871,
      "mcc": 0.6282467510319641,
      "loss": 0.10459431411120398
    }
  ],
  "epoch_28": [
    "output/004_vsb_naive_multirun/multirun/seed6/fold4/checkpoints/train.29.pth",
    0.6206118034650002,
    {
      "epoch_mcc": 0.6206118034650002,
      "mcc": 0.6242767535484187,
      "loss": 0.12769518367432314
    }
  ],
  "epoch_29": [
    "output/004_vsb_naive_multirun/multirun/seed6/fold4/checkpoints/train.30.pth",
    0.6522847045011377,
    {
      "epoch_mcc": 0.6522847045011377,
      "mcc": 0.6820558306051403,
      "loss": 0.11239605751530878
    }
  ],
  "epoch_30": [
    "output/004_vsb_naive_multirun/multirun/seed6/fold4/checkpoints/train.31.pth",
    0.6395163551600193,
    {
      "epoch_mcc": 0.6395163551600193,
      "mcc": 0.6604820022534903,
      "loss": 0.1040402674212538
    }
  ],