{
  "best": {
    "epoch_mcc": 0.6227272796945235,
    "mcc": 0.6296329469579727,
    "loss": 0.15779322098536663
  },
  "last": {
    "epoch_mcc": 0.541347811434043,
    "mcc": 0.5489792625863077,
    "loss": 0.19173563912946878
  },
  "train.17": {
    "epoch_mcc": 0.6227272796945235,
    "mcc": 0.6296329469579727,
    "loss": 0.15779322098536663
  },
  "epoch_0": [
    "output/004_vsb_naive_multirun/multirun/seed9/fold0/checkpoints/train.1.pth",
    0.4149165928785785,
    {
      "epoch_mcc": 0.4149165928785785,
      "mcc": 0.4267734704194311,
      "loss": 0.18385278465620622
    }
  ],
  "epoch_1": [
    "output/004_vsb_naive_multirun/multirun/seed9/fold0/checkpoints/train.2.pth",
    0.5392274990569702,
    {
      "epoch_mcc": 0.5392274990569702,
      "mcc": 0.5418156152530627,
      "loss": 0.12439325254365623
    }
  ],
  "epoch_2": [
    "output/004_vsb_naive_multirun/multirun/seed9/fold0/checkpoints/train.3.pth",
    0.4548026562487234,
    {
      "epoch_mcc": 0.4548026562487234,
      "mcc": 0.4585201205334946,
      "loss": 0.1533839382526181
    }
  ],
  "epoch_3": [
    "output/004_vsb_naive_multirun/multirun/seed9/fold0/checkpoints/train.4.pth",
    0.5743589743586738,
    {
      "epoch_mcc": 0.5743589743586738,
      "mcc": 0.5618136710389463,
      "loss": 0.13054833061056992
    }
  ],
  "epoch_4": [
    "output/004_vsb_naive_multirun/multirun/seed9/fold0/checkpoints/train.5.pth",
    0.5743589743586738,
    {
      "epoch_mcc": 0.5743589743586738,
      "mcc": 0.5764454979122524,
      "loss": 0.13074021612048764
    }
  ],
  "epoch_5": [
    "output/004_vsb_naive_multirun/multirun/seed9/fold0/checkpoints/train.6.pth",
    0.551448679651024,
    {
      "epoch_mcc": 0.551448679651024,
      "mcc": 0.5353570056944402,
      "loss": 0.12390206846538386
    }
  ],
  "epoch_6": [
    "output/004_vsb_naive_multirun/multirun/seed9/fold0/checkpoints/train.7.pth",
    0.5561574259839092,
    {
      "epoch_mcc": 0.5561574259839092,
      "mcc": 0.5663034300224724,
      "loss": 0.1215102296328996
    }
  ],
  "epoch_7": [
    "output/004_vsb_naive_multirun/multirun/seed9/fold0/checkpoints/train.8.pth",
    0.5940564952422545,
    {
      "epoch_mcc": 0.5940564952422545,
      "mcc": 0.6026613162953787,
      "loss": 0.14178088907530714
    }
  ],
  "epoch_8": [
    "output/004_vsb_naive_multirun/multirun/seed9/fold0/checkpoints/train.9.pth",
    0.5998762570780208,
    {
      "epoch_mcc": 0.5998762570780208,
      "mcc": 0.5977626704291328,
      "loss": 0.13046569488750268
    }
  ],
  "epoch_9": [
    "output/004_vsb_naive_multirun/multirun/seed9/fold0/checkpoints/train.10.pth",
    0.553249261914666,
    {
      "epoch_mcc": 0.553249261914666,
      "mcc": 0.5497002321945434,
      "loss": 0.12557202936655068
    }
  ],
  "epoch_10": [
    "output/004_vsb_naive_multirun/multirun/seed9/fold0/checkpoints/train.11.pth",
    0.6017570828805844,
    {
      "epoch_mcc": 0.6017570828805844,
      "mcc": 0.6061846862210237,
      "loss": 0.13345926953880388
    }
  ],
  "epoch_11": [
    "output/004_vsb_naive_multirun/multirun/seed9/fold0/checkpoints/train.12.pth",
    0.5940564952422545,
    {
      "epoch_mcc": 0.5940564952422545,
      "mcc": 0.6008437394191697,
      "loss": 0.12403593862528645
    }
  ],
  "epoch_12": [
    "output/004_vsb_naive_multirun/multirun/seed9/fold0/checkpoints/train.13.pth",
    0.5323152239461444,
    {
      "epoch_mcc": 0.5323152239461444,
      "mcc": 0.5408456896602502,
      "loss": 0.13500720726746085
    }
  ],
  "epoch_13": [
    "output/004_vsb_naive_multirun/multirun/seed9/fold0/checkpoints/train.14.pth",
    0.5809773893757468,
    {
      "epoch_mcc": 0.5809773893757468,
      "mcc": 0.5881222134096784,
      "loss": 0.1281407007405762
    }
  ],
  "epoch_14": [
    "output/004_vsb_naive_multirun/multirun/seed9/fold0/checkpoints/train.15.pth",
    0.5473646605933616,
    {
      "epoch_mcc": 0.5473646605933616,
      "mcc": 0.5398602543688042,
      "loss": 0.14270101992891085
    }
  ],
  "epoch_15": [
    "output/004_vsb_naive_multirun/multirun/seed9/fold0/checkpoints/train.16.pth",
    0.5626656317588943,
    {
      "epoch_mcc": 0.5626656317588943,
      "mcc": 0.5659446859404925,
      "loss": 0.13987776880727987
    }
  ],
  "epoch_16": [
    "output/004_vsb_naive_multirun/multirun/seed9/fold0/checkpoints/train.17.pth",
    0.6227272796945235,
    {
      "epoch_mcc": 0.6227272796945235,
      "mcc": 0.6296329469579727,
      "loss": 0.15779322098536663
    }
  ],
  "epoch_17": [
    "output/004_vsb_naive_multirun/multirun/seed9/fold0/checkpoints/train.18.pth",
    0.5836359091946491,
    {
      "epoch_mcc": 0.5836359091946491,
      "mcc": 0.5743133841499526,
      "loss": 0.12282692821834255
    }
  ],
  "epoch_18": [
    "output/004_vsb_naive_multirun/multirun/seed9/fold0/checkpoints/train.19.pth",
    0.5140318961513386,
    {
      "epoch_mcc": 0.5140318961513386,
      "mcc": 0.5172325875675781,
      "loss": 0.15400584326758854
    }
  ],
  "epoch_19": [
    "output/004_vsb_naive_multirun/multirun/seed9/fold0/checkpoints/train.20.pth",
    0.5262875979047431,
    {
      "epoch_mcc": 0.5262875979047431,
      "mcc": 0.5148632321298151,
      "loss": 0.15396198722663723
    }
  ],
  "epoch_20": [
    "output/004_vsb_naive_multirun/multirun/seed9/fold0/checkpoints/train.21.pth",
    0.518258356725564,
    {
      "epoch_mcc": 0.518258356725564,
      "mcc": 0.5258977551820517,
      "loss": 0.1502943517778088
    }
  ],
  "epoch_21": [
    "output/004_vsb_naive_multirun/multirun/seed9/fold0/checkpoints/train.22.pth",
    0.6098277916435655,
    {
      "epoch_mcc": 0.6098277916435655,
      "mcc": 0.6113116792990738,
      "loss": 0.13247323731239405
    }
  ],
  "epoch_22": [
    "output/004_vsb_naive_multirun/multirun/seed9/fold0/checkpoints/train.23.pth",
    0.5654064002902726,
    {
      "epoch_mcc": 0.5654064002902726,
      "mcc": 0.5669487685129191,
      "loss": 0.12613097400037435
    }
  ],
  "epoch_23": [
    "output/004_vsb_naive_multirun/multirun/seed9/fold0/checkpoints/train.24.pth",
    0.5731155296448571,
    {
      "epoch_mcc": 0.5731155296448571,
      "mcc": 0.5689030775046484,
      "loss": 0.1469439439180591
    }
  ],
  "epoch_24": [
    "output/004_vsb_naive_multirun/multirun/seed9/fold0/checkpoints/train.25.pth",
    0.5439560439557592,
    {
      "epoch_mcc": 0.5439560439557592,
      "mcc": 0.5383778338102511,
      "loss": 0.1674326432294977
    }
  ],
  "epoch_25": [
    "output/004_vsb_naive_multirun/multirun/seed9/fold0/checkpoints/train.26.pth",
    0.5392274990569702,
    {
      "epoch_mcc": 0.5392274990569702,
      "mcc": 0.540562784267617,
      "loss": 0.1728440324123468
    }
  ],
  "epoch_26": [
    "output/004_vsb_naive_multirun/multirun/seed9/fold0/checkpoints/train.27.pth",
    0.5398972412646036,
    {
      "epoch_mcc": 0.5398972412646036,
      "mcc": 0.5417175858473992,
      "loss": 0.1359832698476089
    }
  ],
  "epoch_27": [
    "output/004_vsb_naive_multirun/multirun/seed9/fold0/checkpoints/train.28.pth",
    0.5392274990569702,
    {
      "epoch_mcc": 0.5392274990569702,
      "mcc": 0.5503396400129095,
      "loss": 0.19675272415919476
    }
  ],
  "epoch_28": [
    "output/004_vsb_naive_multirun/multirun/seed9/fold0/checkpoints/train.29.pth",
    0.5792841963751748,
    {
      "epoch_mcc": 0.5792841963751748,
      "mcc": 0.5826923544418959,
      "loss": 0.1630788061787052
    }
  ],
  "epoch_29": [
    "output/004_vsb_naive_multirun/multirun/seed9/fold0/checkpoints/train.30.pth",
    0.562024493390307,
    {
      "epoch_mcc": 0.562024493390307,
      "mcc": 0.5657577147792988,
      "loss": 0.15715702903968332
    }
  ],
  "epoch_30": [
    "output/004_vsb_naive_multirun/multirun/seed9/fold0/checkpoints/train.31.pth",
    0.4425272516598153,
    {
      "epoch_mcc": 0.4425272516598153,
      "mcc": 0.45164667045939433,
      "loss": 0.21649697823081288
    }
  ],