{
  "best": {
    "epoch_mcc": 0.665758893206992,
    "mcc": 0.6717584681853475,
    "loss": 0.10740559636623231
  },
  "last": {
    "epoch_mcc": 0.665758893206992,
    "mcc": 0.6717584681853475,
    "loss": 0.10740559636623231
  },
  "train.50": {
    "epoch_mcc": 0.665758893206992,
    "mcc": 0.6717584681853475,
    "loss": 0.10740559636623231
  },
  "epoch_0": [
    "output/004_vsb_naive_multirun/multirun/seed9/fold0/checkpoints/train.1.pth",
    0.2248575361431064,
    {
      "epoch_mcc": 0.2248575361431064,
      "mcc": 0.22984506357699244,
      "loss": 0.49484102717775486
    }
  ],
  "epoch_1": [
    "output/004_vsb_naive_multirun/multirun/seed9/fold0/checkpoints/train.2.pth",
    0.0741576206014497,
    {
      "epoch_mcc": 0.0741576206014497,
      "mcc": 0.07664104258370533,
      "loss": 0.9303056318665536
    }
  ],
  "epoch_2": [
    "output/004_vsb_naive_multirun/multirun/seed9/fold0/checkpoints/train.3.pth",
    0.5155630922034219,
    {
      "epoch_mcc": 0.5155630922034219,
      "mcc": 0.5189600338610791,
      "loss": 0.37502069235258384
    }
  ],
  "epoch_3": [
    "output/004_vsb_naive_multirun/multirun/seed9/fold0/checkpoints/train.4.pth",
    0.40372140286389535,
    {
      "epoch_mcc": 0.40372140286389535,
      "mcc": 0.3990435543112426,
      "loss": 0.4410242775836623
    }
  ],
  "epoch_4": [
    "output/004_vsb_naive_multirun/multirun/seed9/fold0/checkpoints/train.5.pth",
    0.5840678449609192,
    {
      "epoch_mcc": 0.5840678449609192,
      "mcc": 0.5930767484067646,
      "loss": 0.26665827165167016
    }
  ],
  "epoch_5": [
    "output/004_vsb_naive_multirun/multirun/seed9/fold0/checkpoints/train.6.pth",
    0.21435656674401568,
    {
      "epoch_mcc": 0.21435656674401568,
      "mcc": 0.20932011406973217,
      "loss": 0.5796088964106089
    }
  ],
  "epoch_6": [
    "output/004_vsb_naive_multirun/multirun/seed9/fold0/checkpoints/train.7.pth",
    0.36009560067905233,
    {
      "epoch_mcc": 0.36009560067905233,
      "mcc": 0.34368100104274746,
      "loss": 0.5227959641798844
    }
  ],
  "epoch_7": [
    "output/004_vsb_naive_multirun/multirun/seed9/fold0/checkpoints/train.8.pth",
    0.6254463750055352,
    {
      "epoch_mcc": 0.6254463750055352,
      "mcc": 0.6339349310025617,
      "loss": 0.2655481995177967
    }
  ],
  "epoch_8": [
    "output/004_vsb_naive_multirun/multirun/seed9/fold0/checkpoints/train.9.pth",
    0.6274036566017933,
    {
      "epoch_mcc": 0.6274036566017933,
      "mcc": 0.6206041522827627,
      "loss": 0.21695532886994276
    }
  ],
  "epoch_9": [
    "output/004_vsb_naive_multirun/multirun/seed9/fold0/checkpoints/train.10.pth",
    0.6227272796945235,
    {
      "epoch_mcc": 0.6227272796945235,
      "mcc": 0.6331203206867342,
      "loss": 0.2452254159930651
    }
  ],
  "epoch_10": [
    "output/004_vsb_naive_multirun/multirun/seed9/fold0/checkpoints/train.11.pth",
    0.5290557176999606,
    {
      "epoch_mcc": 0.5290557176999606,
      "mcc": 0.5402169379095791,
      "loss": 0.19186079420033914
    }
  ],
  "epoch_11": [
    "output/004_vsb_naive_multirun/multirun/seed9/fold0/checkpoints/train.12.pth",
    0.5061432874717494,
    {
      "epoch_mcc": 0.5061432874717494,
      "mcc": 0.5155526722174492,
      "loss": 0.1939459606210049
    }
  ],
  "epoch_12": [
    "output/004_vsb_naive_multirun/multirun/seed9/fold0/checkpoints/train.13.pth",
    0.5626656317588943,
    {
      "epoch_mcc": 0.5626656317588943,
      "mcc": 0.5781190078003332,
      "loss": 0.3603107060807502
    }
  ],
  "epoch_13": [
    "output/004_vsb_naive_multirun/multirun/seed9/fold0/checkpoints/train.14.pth",
    0.5710715077948549,
    {
      "epoch_mcc": 0.5710715077948549,
      "mcc": 0.5795844441324656,
      "loss": 0.15360218709697002
    }
  ],
  "epoch_14": [
    "output/004_vsb_naive_multirun/multirun/seed9/fold0/checkpoints/train.15.pth",
    0.5734602443692072,
    {
      "epoch_mcc": 0.5734602443692072,
      "mcc": 0.5778878282660058,
      "loss": 0.17111882829009564
    }
  ],
  "epoch_15": [
    "output/004_vsb_naive_multirun/multirun/seed9/fold0/checkpoints/train.16.pth",
    0.5635345902508107,
    {
      "epoch_mcc": 0.5635345902508107,
      "mcc": 0.5742434973306115,
      "loss": 0.13659838175404299
    }
  ],
  "epoch_16": [
    "output/004_vsb_naive_multirun/multirun/seed9/fold0/checkpoints/train.17.pth",
    0.3571286536868673,
    {
      "epoch_mcc": 0.3571286536868673,
      "mcc": 0.35780854926637773,
      "loss": 0.3950958153466965
    }
  ],
  "epoch_17": [
    "output/004_vsb_naive_multirun/multirun/seed9/fold0/checkpoints/train.18.pth",
    0.6274036566017933,
    {
      "epoch_mcc": 0.6274036566017933,
      "mcc": 0.6379788565652195,
      "loss": 0.14952419162206929
    }
  ],
  "epoch_18": [
    "output/004_vsb_naive_multirun/multirun/seed9/fold0/checkpoints/train.19.pth",
    0.587981611910588,
    {
      "epoch_mcc": 0.587981611910588,
      "mcc": 0.6235929587655066,
      "loss": 0.1880755257278219
    }
  ],
  "epoch_19": [
    "output/004_vsb_naive_multirun/multirun/seed9/fold0/checkpoints/train.20.pth",
    0.6381077654708963,
    {
      "epoch_mcc": 0.6381077654708963,
      "mcc": 0.64262997590468,
      "loss": 0.1411190865474806
    }
  ],
  "epoch_20": [
    "output/004_vsb_naive_multirun/multirun/seed9/fold0/checkpoints/train.21.pth",
    0.5970300522415936,
    {
      "epoch_mcc": 0.5970300522415936,
      "mcc": 0.6000411863706006,
      "loss": 0.14203989505767822
    }
  ],
  "epoch_21": [
    "output/004_vsb_naive_multirun/multirun/seed9/fold0/checkpoints/train.22.pth",
    0.5792841963751748,
    {
      "epoch_mcc": 0.5792841963751748,
      "mcc": 0.5805913006744817,
      "loss": 0.14012981717845044
    }
  ],
  "epoch_22": [
    "output/004_vsb_naive_multirun/multirun/seed9/fold0/checkpoints/train.23.pth",
    0.5523333476384339,
    {
      "epoch_mcc": 0.5523333476384339,
      "mcc": 0.5619891507801288,
      "loss": 0.1901219348181135
    }
  ],
  "epoch_23": [
    "output/004_vsb_naive_multirun/multirun/seed9/fold0/checkpoints/train.24.pth",
    0.573056963409361,
    {
      "epoch_mcc": 0.573056963409361,
      "mcc": 0.5758187496404282,
      "loss": 0.15275474364601602
    }
  ],
  "epoch_24": [
    "output/004_vsb_naive_multirun/multirun/seed9/fold0/checkpoints/train.25.pth",
    0.6163834157417948,
    {
      "epoch_mcc": 0.6163834157417948,
      "mcc": 0.6184319043703621,
      "loss": 0.12561913475830255
    }
  ],
  "epoch_25": [
    "output/004_vsb_naive_multirun/multirun/seed9/fold0/checkpoints/train.26.pth",
    0.562024493390307,
    {
      "epoch_mcc": 0.562024493390307,
      "mcc": 0.5583582187128623,
      "loss": 0.19038381100521645
    }
  ],
  "epoch_26": [
    "output/004_vsb_naive_multirun/multirun/seed9/fold0/checkpoints/train.27.pth",
    0.6644771700133001,
    {
      "epoch_mcc": 0.6644771700133001,
      "mcc": 0.6784794397179068,
      "loss": 0.11720605079155165
    }
  ],
  "epoch_27": [
    "output/004_vsb_naive_multirun/multirun/seed9/fold0/checkpoints/train.28.pth",
    0.5563958281088384,
    {
      "epoch_mcc": 0.5563958281088384,
      "mcc": 0.5493473933375864,
      "loss": 0.1607389147689954
    }
  ],
  "epoch_28": [
    "output/004_vsb_naive_multirun/multirun/seed9/fold0/checkpoints/train.29.pth",
    0.5523333476384339,
    {
      "epoch_mcc": 0.5523333476384339,
      "mcc": 0.5576856514204052,
      "loss": 0.1392599483006177
    }
  ],
  "epoch_29": [
    "output/004_vsb_naive_multirun/multirun/seed9/fold0/checkpoints/train.30.pth",
    0.5228620937370565,
    {
      "epoch_mcc": 0.5228620937370565,
      "mcc": 0.529245390053556,
      "loss": 0.13879113471241292
    }
  ],
  "epoch_30": [
    "output/004_vsb_naive_multirun/multirun/seed9/fold0/checkpoints/train.31.pth",
    0.5997308209821265,
    {
      "epoch_mcc": 0.5997308209821265,
      "mcc": 0.5886993673340745,
      "loss": 0.17234740664031542
    }
  ],