{
  "best": {
    "epoch_mcc": 0.7504336457370726,
    "mcc": 0.7507293612273945,
    "loss": 0.11882736960361744
  },
  "last": {
    "epoch_mcc": 0.5879443281929462,
    "mcc": 0.6076293777264103,
    "loss": 0.1494947386455947
  },
  "train.17": {
    "epoch_mcc": 0.7504336457370726,
    "mcc": 0.7507293612273945,
    "loss": 0.11882736960361744
  },
  "epoch_0": [
    "output/004_vsb_naive_multirun/multirun/seed2/fold4/checkpoints/train.1.pth",
    0.6332958462634041,
    {
      "epoch_mcc": 0.6332958462634041,
      "mcc": 0.6293296856570012,
      "loss": 0.3739242489995628
    }
  ],
  "epoch_1": [
    "output/004_vsb_naive_multirun/multirun/seed2/fold4/checkpoints/train.2.pth",
    0.48887751386596195,
    {
      "epoch_mcc": 0.48887751386596195,
      "mcc": 0.4948366808862204,
      "loss": 0.26613224426220206
    }
  ],
  "epoch_2": [
    "output/004_vsb_naive_multirun/multirun/seed2/fold4/checkpoints/train.3.pth",
    0.6363423534195545,
    {
      "epoch_mcc": 0.6363423534195545,
      "mcc": 0.6387994268412484,
      "loss": 0.2496192724540316
    }
  ],
  "epoch_3": [
    "output/004_vsb_naive_multirun/multirun/seed2/fold4/checkpoints/train.4.pth",
    0.5509476164804252,
    {
      "epoch_mcc": 0.5509476164804252,
      "mcc": 0.5621532646588628,
      "loss": 0.17172511019583406
    }
  ],
  "epoch_4": [
    "output/004_vsb_naive_multirun/multirun/seed2/fold4/checkpoints/train.5.pth",
    0.6099262514129056,
    {
      "epoch_mcc": 0.6099262514129056,
      "mcc": 0.5969473114608718,
      "loss": 0.20116102130248628
    }
  ],
  "epoch_5": [
    "output/004_vsb_naive_multirun/multirun/seed2/fold4/checkpoints/train.6.pth",
    0.5730454788682933,
    {
      "epoch_mcc": 0.5730454788682933,
      "mcc": 0.5740306489141348,
      "loss": 0.26076633385543163
    }
  ],
  "epoch_6": [
    "output/004_vsb_naive_multirun/multirun/seed2/fold4/checkpoints/train.7.pth",
    0.622700800205931,
    {
      "epoch_mcc": 0.622700800205931,
      "mcc": 0.6316738533581776,
      "loss": 0.3094755067907531
    }
  ],
  "epoch_7": [
    "output/004_vsb_naive_multirun/multirun/seed2/fold4/checkpoints/train.8.pth",
    0.4209632398277005,
    {
      "epoch_mcc": 0.4209632398277005,
      "mcc": 0.4145998428283311,
      "loss": 0.15101633986522411
    }
  ],
  "epoch_8": [
    "output/004_vsb_naive_multirun/multirun/seed2/fold4/checkpoints/train.9.pth",
    0.4282851818200218,
    {
      "epoch_mcc": 0.4282851818200218,
      "mcc": 0.39581365824670667,
      "loss": 0.16516756921492773
    }
  ],
  "epoch_9": [
    "output/004_vsb_naive_multirun/multirun/seed2/fold4/checkpoints/train.10.pth",
    0.6836480864894754,
    {
      "epoch_mcc": 0.6836480864894754,
      "mcc": 0.6829770875210179,
      "loss": 0.19933001121570323
    }
  ],
  "epoch_10": [
    "output/004_vsb_naive_multirun/multirun/seed2/fold4/checkpoints/train.11.pth",
    0.4670455732049266,
    {
      "epoch_mcc": 0.4670455732049266,
      "mcc": 0.41240786562314147,
      "loss": 0.1716040391346504
    }
  ],
  "epoch_11": [
    "output/004_vsb_naive_multirun/multirun/seed2/fold4/checkpoints/train.12.pth",
    0.6860637338413752,
    {
      "epoch_mcc": 0.6860637338413752,
      "mcc": 0.6939397115673037,
      "loss": 0.11219264130140173
    }
  ],
  "epoch_12": [
    "output/004_vsb_naive_multirun/multirun/seed2/fold4/checkpoints/train.13.pth",
    0.644917074936099,
    {
      "epoch_mcc": 0.644917074936099,
      "mcc": 0.6571732455227667,
      "loss": 0.10989795161475395
    }
  ],
  "epoch_13": [
    "output/004_vsb_naive_multirun/multirun/seed2/fold4/checkpoints/train.14.pth",
    0.5587049496951814,
    {
      "epoch_mcc": 0.5587049496951814,
      "mcc": 0.555899381755087,
      "loss": 0.3305722357897923
    }
  ],
  "epoch_14": [
    "output/004_vsb_naive_multirun/multirun/seed2/fold4/checkpoints/train.15.pth",
    0.669827775334431,
    {
      "epoch_mcc": 0.669827775334431,
      "mcc": 0.6500470144733947,
      "loss": 0.18574193078896095
    }
  ],
  "epoch_15": [
    "output/004_vsb_naive_multirun/multirun/seed2/fold4/checkpoints/train.16.pth",
    0.6566631219609501,
    {
      "epoch_mcc": 0.6566631219609501,
      "mcc": 0.6636495702304165,
      "loss": 0.11889544268106592
    }
  ],
  "epoch_16": [
    "output/004_vsb_naive_multirun/multirun/seed2/fold4/checkpoints/train.17.pth",
    0.7504336457370726,
    {
      "epoch_mcc": 0.7504336457370726,
      "mcc": 0.7507293612273945,
      "loss": 0.11882736960361744
    }
  ],
  "epoch_17": [
    "output/004_vsb_naive_multirun/multirun/seed2/fold4/checkpoints/train.18.pth",
    0.5619800684744306,
    {
      "epoch_mcc": 0.5619800684744306,
      "mcc": 0.570646367200381,
      "loss": 0.128885431369317
    }
  ],
  "epoch_18": [
    "output/004_vsb_naive_multirun/multirun/seed2/fold4/checkpoints/train.19.pth",
    0.674536345534614,
    {
      "epoch_mcc": 0.674536345534614,
      "mcc": 0.6795973388493244,
      "loss": 0.1651612035159407
    }
  ],
  "epoch_19": [
    "output/004_vsb_naive_multirun/multirun/seed2/fold4/checkpoints/train.20.pth",
    0.6807952970002151,
    {
      "epoch_mcc": 0.6807952970002151,
      "mcc": 0.6786758745468814,
      "loss": 0.13551582180220506
    }
  ],
  "epoch_20": [
    "output/004_vsb_naive_multirun/multirun/seed2/fold4/checkpoints/train.21.pth",
    0.6645917652054972,
    {
      "epoch_mcc": 0.6645917652054972,
      "mcc": 0.6683012144597792,
      "loss": 0.16306466629792904
    }
  ],
  "epoch_21": [
    "output/004_vsb_naive_multirun/multirun/seed2/fold4/checkpoints/train.22.pth",
    0.7471382407269737,
    {
      "epoch_mcc": 0.7471382407269737,
      "mcc": 0.7598372304297131,
      "loss": 0.09122101423041573
    }
  ],
  "epoch_22": [
    "output/004_vsb_naive_multirun/multirun/seed2/fold4/checkpoints/train.23.pth",
    0.666373429860545,
    {
      "epoch_mcc": 0.666373429860545,
      "mcc": 0.674244729647871,
      "loss": 0.10614768726558521
    }
  ],
  "epoch_23": [
    "output/004_vsb_naive_multirun/multirun/seed2/fold4/checkpoints/train.24.pth",
    0.6873160276279382,
    {
      "epoch_mcc": 0.6873160276279382,
      "mcc": 0.6929581659771591,
      "loss": 0.10016940374826563
    }
  ],
  "epoch_24": [
    "output/004_vsb_naive_multirun/multirun/seed2/fold4/checkpoints/train.25.pth",
    0.7504336457370726,
    {
      "epoch_mcc": 0.7504336457370726,
      "mcc": 0.7492059146994878,
      "loss": 0.11129352023889279
    }
  ],
  "epoch_25": [
    "output/004_vsb_naive_multirun/multirun/seed2/fold4/checkpoints/train.26.pth",
    0.7198427631816127,
    {
      "epoch_mcc": 0.7198427631816127,
      "mcc": 0.7265523669551381,
      "loss": 0.1293240782515756
    }
  ],
  "epoch_26": [
    "output/004_vsb_naive_multirun/multirun/seed2/fold4/checkpoints/train.27.pth",
    0.5226690706297433,
    {
      "epoch_mcc": 0.5226690706297433,
      "mcc": 0.53649973241065,
      "loss": 0.1894014018362966
    }
  ],
  "epoch_27": [
    "output/004_vsb_naive_multirun/multirun/seed2/fold4/checkpoints/train.28.pth",
    0.5335008081908824,
    {
      "epoch_mcc": 0.5335008081908824,
      "mcc": 0.5309213408114697,
      "loss": 0.2505765064009305
    }
  ],
  "epoch_28": [
    "output/004_vsb_naive_multirun/multirun/seed2/fold4/checkpoints/train.29.pth",
    0.6485563488701157,
    {
      "epoch_mcc": 0.6485563488701157,
      "mcc": 0.6641024204571314,
      "loss": 0.11759286515157798
    }
  ],
  "epoch_29": [
    "output/004_vsb_naive_multirun/multirun/seed2/fold4/checkpoints/train.30.pth",
    0.6855296789617069,
    {
      "epoch_mcc": 0.6855296789617069,
      "mcc": 0.6992310285588358,
      "loss": 0.11189493052661419
    }
  ],
  "epoch_30": [
    "output/004_vsb_naive_multirun/multirun/seed2/fold4/checkpoints/train.31.pth",
    0.7450398775153998,
    {
      "epoch_mcc": 0.7450398775153998,
      "mcc": 0.7469901708992186,
      "loss": 0.10754810908231242
    }
  ],