{
  "best": {
    "epoch_mcc": 0.8606054347317594,
    "mcc": 0.8813838663180946,
    "loss": 0.07009209523846278
  },
  "last": {
    "epoch_mcc": 0.7606836283739793,
    "mcc": 0.6809269877466668,
    "loss": 0.07728060282984822
  },
  "train.41": {
    "epoch_mcc": 0.8606054347317594,
    "mcc": 0.8813838663180946,
    "loss": 0.07009209523846278
  },
  "epoch_0": [
    "output/004_vsb_naive_multirun/multirun/seed8/fold1/checkpoints/train.1.pth",
    0.6295487902802823,
    {
      "epoch_mcc": 0.6295487902802823,
      "mcc": 0.5723227497433595,
      "loss": 0.3031412336379033
    }
  ],
  "epoch_1": [
    "output/004_vsb_naive_multirun/multirun/seed8/fold1/checkpoints/train.2.pth",
    0.7571392542808572,
    {
      "epoch_mcc": 0.7571392542808572,
      "mcc": 0.7442151818617225,
      "loss": 0.2526323541921921
    }
  ],
  "epoch_2": [
    "output/004_vsb_naive_multirun/multirun/seed8/fold1/checkpoints/train.3.pth",
    0.35490037392579643,
    {
      "epoch_mcc": 0.35490037392579643,
      "mcc": 0.3451080987618908,
      "loss": 0.5658859627997813
    }
  ],
  "epoch_3": [
    "output/004_vsb_naive_multirun/multirun/seed8/fold1/checkpoints/train.4.pth",
    0.7359031486715987,
    {
      "epoch_mcc": 0.7359031486715987,
      "mcc": 0.7595131581598945,
      "loss": 0.16790350951036365
    }
  ],
  "epoch_4": [
    "output/004_vsb_naive_multirun/multirun/seed8/fold1/checkpoints/train.5.pth",
    0.6951162093271308,
    {
      "epoch_mcc": 0.6951162093271308,
      "mcc": 0.6954561631214461,
      "loss": 0.10355640198913581
    }
  ],
  "epoch_5": [
    "output/004_vsb_naive_multirun/multirun/seed8/fold1/checkpoints/train.6.pth",
    0.6222716922137328,
    {
      "epoch_mcc": 0.6222716922137328,
      "mcc": 0.5837435634670525,
      "loss": 0.11176523362348904
    }
  ],
  "epoch_6": [
    "output/004_vsb_naive_multirun/multirun/seed8/fold1/checkpoints/train.7.pth",
    0.4615764294638629,
    {
      "epoch_mcc": 0.4615764294638629,
      "mcc": 0.4547777004099791,
      "loss": 0.43615472660417604
    }
  ],
  "epoch_7": [
    "output/004_vsb_naive_multirun/multirun/seed8/fold1/checkpoints/train.8.pth",
    0.7346501438288522,
    {
      "epoch_mcc": 0.7346501438288522,
      "mcc": 0.755136019190416,
      "loss": 0.08735560579626162
    }
  ],
  "epoch_8": [
    "output/004_vsb_naive_multirun/multirun/seed8/fold1/checkpoints/train.9.pth",
    0.8042120712197589,
    {
      "epoch_mcc": 0.8042120712197589,
      "mcc": 0.8198372483013263,
      "loss": 0.15609215370502816
    }
  ],
  "epoch_9": [
    "output/004_vsb_naive_multirun/multirun/seed8/fold1/checkpoints/train.10.pth",
    0.8314243486226809,
    {
      "epoch_mcc": 0.8314243486226809,
      "mcc": 0.8467011471715964,
      "loss": 0.32295495256294277
    }
  ],
  "epoch_10": [
    "output/004_vsb_naive_multirun/multirun/seed8/fold1/checkpoints/train.11.pth",
    0.6451221151063881,
    {
      "epoch_mcc": 0.6451221151063881,
      "mcc": 0.647427214246712,
      "loss": 0.3979303711150066
    }
  ],
  "epoch_11": [
    "output/004_vsb_naive_multirun/multirun/seed8/fold1/checkpoints/train.12.pth",
    0.7717782728013352,
    {
      "epoch_mcc": 0.7717782728013352,
      "mcc": 0.7861606065564065,
      "loss": 0.0698781727000481
    }
  ],
  "epoch_12": [
    "output/004_vsb_naive_multirun/multirun/seed8/fold1/checkpoints/train.13.pth",
    0.7707358081397222,
    {
      "epoch_mcc": 0.7707358081397222,
      "mcc": 0.7660741758245633,
      "loss": 0.13054951364991998
    }
  ],
  "epoch_13": [
    "output/004_vsb_naive_multirun/multirun/seed8/fold1/checkpoints/train.14.pth",
    0.8179700510363267,
    {
      "epoch_mcc": 0.8179700510363267,
      "mcc": 0.8364156837146547,
      "loss": 0.12263766359441662
    }
  ],
  "epoch_14": [
    "output/004_vsb_naive_multirun/multirun/seed8/fold1/checkpoints/train.15.pth",
    0.7934673378974035,
    {
      "epoch_mcc": 0.7934673378974035,
      "mcc": 0.8112821888356098,
      "loss": 0.10839133156966835
    }
  ],
  "epoch_15": [
    "output/004_vsb_naive_multirun/multirun/seed8/fold1/checkpoints/train.16.pth",
    0.6769657135346437,
    {
      "epoch_mcc": 0.6769657135346437,
      "mcc": 0.5958127104201523,
      "loss": 0.07948952833777245
    }
  ],
  "epoch_16": [
    "output/004_vsb_naive_multirun/multirun/seed8/fold1/checkpoints/train.17.pth",
    0.5650429889649775,
    {
      "epoch_mcc": 0.5650429889649775,
      "mcc": 0.4946590427198228,
      "loss": 0.1439619209623788
    }
  ],
  "epoch_17": [
    "output/004_vsb_naive_multirun/multirun/seed8/fold1/checkpoints/train.18.pth",
    0.7440963010903843,
    {
      "epoch_mcc": 0.7440963010903843,
      "mcc": 0.7683599324374376,
      "loss": 0.2269454178834741
    }
  ],
  "epoch_18": [
    "output/004_vsb_naive_multirun/multirun/seed8/fold1/checkpoints/train.19.pth",
    0.8560375240055216,
    {
      "epoch_mcc": 0.8560375240055216,
      "mcc": 0.8460452436804904,
      "loss": 0.08161622298025428
    }
  ],
  "epoch_19": [
    "output/004_vsb_naive_multirun/multirun/seed8/fold1/checkpoints/train.20.pth",
    0.8272833019276543,
    {
      "epoch_mcc": 0.8272833019276543,
      "mcc": 0.8224699910570338,
      "loss": 0.16119119637804474
    }
  ],
  "epoch_20": [
    "output/004_vsb_naive_multirun/multirun/seed8/fold1/checkpoints/train.21.pth",
    0.791132402564847,
    {
      "epoch_mcc": 0.791132402564847,
      "mcc": 0.8056920126369134,
      "loss": 0.07977387226201119
    }
  ],
  "epoch_21": [
    "output/004_vsb_naive_multirun/multirun/seed8/fold1/checkpoints/train.22.pth",
    0.7611899671143418,
    {
      "epoch_mcc": 0.7611899671143418,
      "mcc": 0.7474306265238193,
      "loss": 0.12495012883988182
    }
  ],
  "epoch_22": [
    "output/004_vsb_naive_multirun/multirun/seed8/fold1/checkpoints/train.23.pth",
    0.7421794481754336,
    {
      "epoch_mcc": 0.7421794481754336,
      "mcc": 0.7423304806702424,
      "loss": 0.07439436987940087
    }
  ],
  "epoch_23": [
    "output/004_vsb_naive_multirun/multirun/seed8/fold1/checkpoints/train.24.pth",
    0.7755132653824471,
    {
      "epoch_mcc": 0.7755132653824471,
      "mcc": 0.7930013455392466,
      "loss": 0.08228181712265269
    }
  ],
  "epoch_24": [
    "output/004_vsb_naive_multirun/multirun/seed8/fold1/checkpoints/train.25.pth",
    0.8454851719233939,
    {
      "epoch_mcc": 0.8454851719233939,
      "mcc": 0.8603855285298331,
      "loss": 0.05977976325380002
    }
  ],
  "epoch_25": [
    "output/004_vsb_naive_multirun/multirun/seed8/fold1/checkpoints/train.26.pth",
    0.5907888968738678,
    {
      "epoch_mcc": 0.5907888968738678,
      "mcc": 0.5364958419534634,
      "loss": 0.10232251131083181
    }
  ],
  "epoch_26": [
    "output/004_vsb_naive_multirun/multirun/seed8/fold1/checkpoints/train.27.pth",
    0.8393057439037147,
    {
      "epoch_mcc": 0.8393057439037147,
      "mcc": 0.8559675364991691,
      "loss": 0.09842437448656498
    }
  ],
  "epoch_27": [
    "output/004_vsb_naive_multirun/multirun/seed8/fold1/checkpoints/train.28.pth",
    0.7877659656963926,
    {
      "epoch_mcc": 0.7877659656963926,
      "mcc": 0.781192796406503,
      "loss": 0.113270048622728
    }
  ],
  "epoch_28": [
    "output/004_vsb_naive_multirun/multirun/seed8/fold1/checkpoints/train.29.pth",
    0.43119114361008753,
    {
      "epoch_mcc": 0.43119114361008753,
      "mcc": 0.42029564175025913,
      "loss": 0.35937799941652204
    }
  ],
  "epoch_29": [
    "output/004_vsb_naive_multirun/multirun/seed8/fold1/checkpoints/train.30.pth",
    0.8000122892513442,
    {
      "epoch_mcc": 0.8000122892513442,
      "mcc": 0.816744689643981,
      "loss": 0.09291024971593062
    }
  ],
  "epoch_30": [
    "output/004_vsb_naive_multirun/multirun/seed8/fold1/checkpoints/train.31.pth",
    0.7649023959748208,
    {
      "epoch_mcc": 0.7649023959748208,
      "mcc": 0.7890358741134563,
      "loss": 0.09814147372279643
    }
  ],