{
  "best": {
    "epoch_mcc": 0.784899780416387,
    "mcc": 0.7990535720479448,
    "loss": 0.08794009377426515
  },
  "last": {
    "epoch_mcc": 0.6905818544750347,
    "mcc": 0.7082016325973524,
    "loss": 0.10451182645862592
  },
  "train.3": {
    "epoch_mcc": 0.784899780416387,
    "mcc": 0.7990535720479448,
    "loss": 0.08794009377426515
  },
  "epoch_0": [
    "output/004_vsb_naive_multirun/multirun/seed6/fold0/checkpoints/train.1.pth",
    0.6644771700133001,
    {
      "epoch_mcc": 0.6644771700133001,
      "mcc": 0.7099157700383703,
      "loss": 0.10289796791239778
    }
  ],
  "epoch_1": [
    "output/004_vsb_naive_multirun/multirun/seed6/fold0/checkpoints/train.2.pth",
    0.7108091306515201,
    {
      "epoch_mcc": 0.7108091306515201,
      "mcc": 0.7358176264755418,
      "loss": 0.09533532398388996
    }
  ],
  "epoch_2": [
    "output/004_vsb_naive_multirun/multirun/seed6/fold0/checkpoints/train.3.pth",
    0.784899780416387,
    {
      "epoch_mcc": 0.784899780416387,
      "mcc": 0.7990535720479448,
      "loss": 0.08794009377426515
    }
  ],
  "epoch_3": [
    "output/004_vsb_naive_multirun/multirun/seed6/fold0/checkpoints/train.4.pth",
    0.6780621930480862,
    {
      "epoch_mcc": 0.6780621930480862,
      "mcc": 0.6902544830523072,
      "loss": 0.12889085293919003
    }
  ],
  "epoch_4": [
    "output/004_vsb_naive_multirun/multirun/seed6/fold0/checkpoints/train.5.pth",
    0.6801975978255247,
    {
      "epoch_mcc": 0.6801975978255247,
      "mcc": 0.6972241894364177,
      "loss": 0.11542074498039206
    }
  ],
  "epoch_5": [
    "output/004_vsb_naive_multirun/multirun/seed6/fold0/checkpoints/train.6.pth",
    0.7704081568792607,
    {
      "epoch_mcc": 0.7704081568792607,
      "mcc": 0.7786309008430048,
      "loss": 0.10104852003043777
    }
  ],
  "epoch_6": [
    "output/004_vsb_naive_multirun/multirun/seed6/fold0/checkpoints/train.7.pth",
    0.7059886831658715,
    {
      "epoch_mcc": 0.7059886831658715,
      "mcc": 0.7344199642886539,
      "loss": 0.09734658343419304
    }
  ],
  "epoch_7": [
    "output/004_vsb_naive_multirun/multirun/seed6/fold0/checkpoints/train.8.pth",
    0.6480103682818995,
    {
      "epoch_mcc": 0.6480103682818995,
      "mcc": 0.6743250432218588,
      "loss": 0.10227027723626611
    }
  ],
  "epoch_8": [
    "output/004_vsb_naive_multirun/multirun/seed6/fold0/checkpoints/train.9.pth",
    0.7567765567761607,
    {
      "epoch_mcc": 0.7567765567761607,
      "mcc": 0.7700697868441809,
      "loss": 0.10610374113265905
    }
  ],
  "epoch_9": [
    "output/004_vsb_naive_multirun/multirun/seed6/fold0/checkpoints/train.10.pth",
    0.6555980018368027,
    {
      "epoch_mcc": 0.6555980018368027,
      "mcc": 0.679785908648716,
      "loss": 0.1150009099669793
    }
  ],
  "epoch_10": [
    "output/004_vsb_naive_multirun/multirun/seed6/fold0/checkpoints/train.11.pth",
    0.70775370301729,
    {
      "epoch_mcc": 0.70775370301729,
      "mcc": 0.7520175408773464,
      "loss": 0.09223388761230672
    }
  ],
  "epoch_11": [
    "output/004_vsb_naive_multirun/multirun/seed6/fold0/checkpoints/train.12.pth",
    0.721123825994843,
    {
      "epoch_mcc": 0.721123825994843,
      "mcc": 0.7344207165550168,
      "loss": 0.10569700048579202
    }
  ],
  "epoch_12": [
    "output/004_vsb_naive_multirun/multirun/seed6/fold0/checkpoints/train.13.pth",
    0.7059886831658715,
    {
      "epoch_mcc": 0.7059886831658715,
      "mcc": 0.7344199642886539,
      "loss": 0.09363504984895354
    }
  ],
  "epoch_13": [
    "output/004_vsb_naive_multirun/multirun/seed6/fold0/checkpoints/train.14.pth",
    0.6905818544750347,
    {
      "epoch_mcc": 0.6905818544750347,
      "mcc": 0.7007020404081494,
      "loss": 0.10296637969485864
    }
  ],
  "epoch_14": [
    "output/004_vsb_naive_multirun/multirun/seed6/fold0/checkpoints/train.15.pth",
    0.7025578213198738,
    {
      "epoch_mcc": 0.7025578213198738,
      "mcc": 0.7211941442914095,
      "loss": 0.10718933003674071
    }
  ],
  "epoch_15": [
    "output/004_vsb_naive_multirun/multirun/seed6/fold0/checkpoints/train.16.pth",
    0.7263736263732462,
    {
      "epoch_mcc": 0.7263736263732462,
      "mcc": 0.7444417781397579,
      "loss": 0.10325726439051086
    }
  ],
  "epoch_16": [
    "output/004_vsb_naive_multirun/multirun/seed6/fold0/checkpoints/train.17.pth",
    0.6836849963625626,
    {
      "epoch_mcc": 0.6836849963625626,
      "mcc": 0.7076341452985851,
      "loss": 0.11159399338387171
    }
  ],
  "epoch_17": [
    "output/004_vsb_naive_multirun/multirun/seed6/fold0/checkpoints/train.18.pth",
    0.5486198707076331,
    {
      "epoch_mcc": 0.5486198707076331,
      "mcc": 0.5954122702691241,
      "loss": 0.13394534523741514
    }
  ],
  "epoch_18": [
    "output/004_vsb_naive_multirun/multirun/seed6/fold0/checkpoints/train.19.pth",
    0.644879583278319,
    {
      "epoch_mcc": 0.644879583278319,
      "mcc": 0.6868611340728036,
      "loss": 0.10633579489940108
    }
  ],
  "epoch_19": [
    "output/004_vsb_naive_multirun/multirun/seed6/fold0/checkpoints/train.20.pth",
    0.7750736561654454,
    {
      "epoch_mcc": 0.7750736561654454,
      "mcc": 0.7829962995052931,
      "loss": 0.10356631253728973
    }
  ],
  "epoch_20": [
    "output/004_vsb_naive_multirun/multirun/seed6/fold0/checkpoints/train.21.pth",
    0.7263736263732462,
    {
      "epoch_mcc": 0.7263736263732462,
      "mcc": 0.7188133061503562,
      "loss": 0.09717118753867285
    }
  ],
  "epoch_21": [
    "output/004_vsb_naive_multirun/multirun/seed6/fold0/checkpoints/train.22.pth",
    0.7392069715461251,
    {
      "epoch_mcc": 0.7392069715461251,
      "mcc": 0.758455287280534,
      "loss": 0.10933787981849709
    }
  ],
  "epoch_22": [
    "output/004_vsb_naive_multirun/multirun/seed6/fold0/checkpoints/train.23.pth",
    0.7724252599263787,
    {
      "epoch_mcc": 0.7724252599263787,
      "mcc": 0.7779598844291887,
      "loss": 0.10945557170065053
    }
  ],
  "epoch_23": [
    "output/004_vsb_naive_multirun/multirun/seed6/fold0/checkpoints/train.24.pth",
    0.7041974852861224,
    {
      "epoch_mcc": 0.7041974852861224,
      "mcc": 0.6864973090218587,
      "loss": 0.10420097005128758
    }
  ],
  "epoch_24": [
    "output/004_vsb_naive_multirun/multirun/seed6/fold0/checkpoints/train.25.pth",
    0.6873403593409865,
    {
      "epoch_mcc": 0.6873403593409865,
      "mcc": 0.7184609258830043,
      "loss": 0.11544655290674322
    }
  ],
  "epoch_25": [
    "output/004_vsb_naive_multirun/multirun/seed6/fold0/checkpoints/train.26.pth",
    0.6429833293615058,
    {
      "epoch_mcc": 0.6429833293615058,
      "mcc": 0.6928387374588042,
      "loss": 0.1478315493822893
    }
  ],
  "epoch_26": [
    "output/004_vsb_naive_multirun/multirun/seed6/fold0/checkpoints/train.27.pth",
    0.7633118752612688,
    {
      "epoch_mcc": 0.7633118752612688,
      "mcc": 0.7862583301995942,
      "loss": 0.09780250735927162
    }
  ],
  "epoch_27": [
    "output/004_vsb_naive_multirun/multirun/seed6/fold0/checkpoints/train.28.pth",
    0.6801975978255247,
    {
      "epoch_mcc": 0.6801975978255247,
      "mcc": 0.6778241249400452,
      "loss": 0.10327981145356793
    }
  ],
  "epoch_28": [
    "output/004_vsb_naive_multirun/multirun/seed6/fold0/checkpoints/train.29.pth",
    0.7392069715461251,
    {
      "epoch_mcc": 0.7392069715461251,
      "mcc": 0.758455287280534,
      "loss": 0.09999362255563629
    }
  ],
  "epoch_29": [
    "output/004_vsb_naive_multirun/multirun/seed6/fold0/checkpoints/train.30.pth",
    0.6099623964889967,
    {
      "epoch_mcc": 0.6099623964889967,
      "mcc": 0.6432887737229923,
      "loss": 0.15822116090441618
    }
  ],
  "epoch_30": [
    "output/004_vsb_naive_multirun/multirun/seed6/fold0/checkpoints/train.31.pth",
    0.6905818544750347,
    {
      "epoch_mcc": 0.6905818544750347,
      "mcc": 0.7204403043697368,
      "loss": 0.13239840898028032
    }
  ],