{
  "best": {
    "epoch_mcc": 0.76309887869482,
    "mcc": 0.7586173268246723,
    "loss": 0.14094037097107728
  },
  "last": {
    "epoch_mcc": 0.704026588622696,
    "mcc": 0.69851699135441,
    "loss": 0.10417892435395676
  },
  "train.9": {
    "epoch_mcc": 0.76309887869482,
    "mcc": 0.7586173268246723,
    "loss": 0.14094037097107728
  },
  "epoch_0": [
    "output/004_vsb_naive_multirun/multirun/seed2/fold2/checkpoints/train.1.pth",
    0.6827823679045434,
    {
      "epoch_mcc": 0.6827823679045434,
      "mcc": 0.6846852129732143,
      "loss": 0.27373668836131565
    }
  ],
  "epoch_1": [
    "output/004_vsb_naive_multirun/multirun/seed2/fold2/checkpoints/train.2.pth",
    0.704026588622696,
    {
      "epoch_mcc": 0.704026588622696,
      "mcc": 0.6974037191514694,
      "loss": 0.16274773028138992
    }
  ],
  "epoch_2": [
    "output/004_vsb_naive_multirun/multirun/seed2/fold2/checkpoints/train.3.pth",
    0.6385329548894924,
    {
      "epoch_mcc": 0.6385329548894924,
      "mcc": 0.6387823618719101,
      "loss": 0.40644282989986175
    }
  ],
  "epoch_3": [
    "output/004_vsb_naive_multirun/multirun/seed2/fold2/checkpoints/train.4.pth",
    0.4492917549333489,
    {
      "epoch_mcc": 0.4492917549333489,
      "mcc": 0.46138058265872794,
      "loss": 0.4231376312993685
    }
  ],
  "epoch_4": [
    "output/004_vsb_naive_multirun/multirun/seed2/fold2/checkpoints/train.5.pth",
    0.6349670836438361,
    {
      "epoch_mcc": 0.6349670836438361,
      "mcc": 0.6031250601849056,
      "loss": 0.2158007605607251
    }
  ],
  "epoch_5": [
    "output/004_vsb_naive_multirun/multirun/seed2/fold2/checkpoints/train.6.pth",
    0.5147090601413576,
    {
      "epoch_mcc": 0.5147090601413576,
      "mcc": 0.5129386996438151,
      "loss": 0.20379370568951724
    }
  ],
  "epoch_6": [
    "output/004_vsb_naive_multirun/multirun/seed2/fold2/checkpoints/train.7.pth",
    0.663886364849314,
    {
      "epoch_mcc": 0.663886364849314,
      "mcc": 0.6555591400799148,
      "loss": 0.21685416211667446
    }
  ],
  "epoch_7": [
    "output/004_vsb_naive_multirun/multirun/seed2/fold2/checkpoints/train.8.pth",
    0.6351302536751008,
    {
      "epoch_mcc": 0.6351302536751008,
      "mcc": 0.6242440717494531,
      "loss": 0.14204142491450203
    }
  ],
  "epoch_8": [
    "output/004_vsb_naive_multirun/multirun/seed2/fold2/checkpoints/train.9.pth",
    0.76309887869482,
    {
      "epoch_mcc": 0.76309887869482,
      "mcc": 0.7586173268246723,
      "loss": 0.14094037097107728
    }
  ],
  "epoch_9": [
    "output/004_vsb_naive_multirun/multirun/seed2/fold2/checkpoints/train.10.pth",
    0.6649735255395384,
    {
      "epoch_mcc": 0.6649735255395384,
      "mcc": 0.6677611831879079,
      "loss": 0.17818320606692523
    }
  ],
  "epoch_10": [
    "output/004_vsb_naive_multirun/multirun/seed2/fold2/checkpoints/train.11.pth",
    0.6446824095218187,
    {
      "epoch_mcc": 0.6446824095218187,
      "mcc": 0.6493663416529919,
      "loss": 0.31408358056245694
    }
  ],
  "epoch_11": [
    "output/004_vsb_naive_multirun/multirun/seed2/fold2/checkpoints/train.12.pth",
    0.5229781788060807,
    {
      "epoch_mcc": 0.5229781788060807,
      "mcc": 0.5347654026376202,
      "loss": 0.25925826439040867
    }
  ],
  "epoch_12": [
    "output/004_vsb_naive_multirun/multirun/seed2/fold2/checkpoints/train.13.pth",
    0.5907888968738678,
    {
      "epoch_mcc": 0.5907888968738678,
      "mcc": 0.5996938995547743,
      "loss": 0.11894794815122157
    }
  ],
  "epoch_13": [
    "output/004_vsb_naive_multirun/multirun/seed2/fold2/checkpoints/train.14.pth",
    0.6241055477707427,
    {
      "epoch_mcc": 0.6241055477707427,
      "mcc": 0.6274146805806482,
      "loss": 0.28274355472262674
    }
  ],
  "epoch_14": [
    "output/004_vsb_naive_multirun/multirun/seed2/fold2/checkpoints/train.15.pth",
    0.7465774673822606,
    {
      "epoch_mcc": 0.7465774673822606,
      "mcc": 0.7430666701614114,
      "loss": 0.12793305476489453
    }
  ],
  "epoch_15": [
    "output/004_vsb_naive_multirun/multirun/seed2/fold2/checkpoints/train.16.pth",
    0.5148457448382724,
    {
      "epoch_mcc": 0.5148457448382724,
      "mcc": 0.5140431589087782,
      "loss": 0.15105413754507516
    }
  ],
  "epoch_16": [
    "output/004_vsb_naive_multirun/multirun/seed2/fold2/checkpoints/train.17.pth",
    0.6769657135346437,
    {
      "epoch_mcc": 0.6769657135346437,
      "mcc": 0.666668983730334,
      "loss": 0.15176141810909607
    }
  ],
  "epoch_17": [
    "output/004_vsb_naive_multirun/multirun/seed2/fold2/checkpoints/train.18.pth",
    0.7359031486715987,
    {
      "epoch_mcc": 0.7359031486715987,
      "mcc": 0.7302746564555361,
      "loss": 0.11230140126177243
    }
  ],
  "epoch_18": [
    "output/004_vsb_naive_multirun/multirun/seed2/fold2/checkpoints/train.19.pth",
    0.70884563096842,
    {
      "epoch_mcc": 0.70884563096842,
      "mcc": 0.6983272408472401,
      "loss": 0.11010417200483882
    }
  ],
  "epoch_19": [
    "output/004_vsb_naive_multirun/multirun/seed2/fold2/checkpoints/train.20.pth",
    0.76309887869482,
    {
      "epoch_mcc": 0.76309887869482,
      "mcc": 0.756380900222345,
      "loss": 0.17504332369760883
    }
  ],
  "epoch_20": [
    "output/004_vsb_naive_multirun/multirun/seed2/fold2/checkpoints/train.21.pth",
    0.7388904976777009,
    {
      "epoch_mcc": 0.7388904976777009,
      "mcc": 0.7386633608625537,
      "loss": 0.12295540160597294
    }
  ],
  "epoch_21": [
    "output/004_vsb_naive_multirun/multirun/seed2/fold2/checkpoints/train.22.pth",
    0.7203079062324996,
    {
      "epoch_mcc": 0.7203079062324996,
      "mcc": 0.7251105406426558,
      "loss": 0.11958573854138847
    }
  ],
  "epoch_22": [
    "output/004_vsb_naive_multirun/multirun/seed2/fold2/checkpoints/train.23.pth",
    0.7375989968358284,
    {
      "epoch_mcc": 0.7375989968358284,
      "mcc": 0.7375214909609458,
      "loss": 0.1743034312113632
    }
  ],
  "epoch_23": [
    "output/004_vsb_naive_multirun/multirun/seed2/fold2/checkpoints/train.24.pth",
    0.7450684726478466,
    {
      "epoch_mcc": 0.7450684726478466,
      "mcc": 0.7362443472714654,
      "loss": 0.11167716724788465
    }
  ],
  "epoch_24": [
    "output/004_vsb_naive_multirun/multirun/seed2/fold2/checkpoints/train.25.pth",
    0.6843211665914187,
    {
      "epoch_mcc": 0.6843211665914187,
      "mcc": 0.6706711955750282,
      "loss": 0.09956153318055115
    }
  ],
  "epoch_25": [
    "output/004_vsb_naive_multirun/multirun/seed2/fold2/checkpoints/train.26.pth",
    0.7013701169095784,
    {
      "epoch_mcc": 0.7013701169095784,
      "mcc": 0.70269080789628,
      "loss": 0.11017537749854915
    }
  ],
  "epoch_26": [
    "output/004_vsb_naive_multirun/multirun/seed2/fold2/checkpoints/train.27.pth",
    0.6387164594683569,
    {
      "epoch_mcc": 0.6387164594683569,
      "mcc": 0.6079377913121187,
      "loss": 0.12050705563386008
    }
  ],
  "epoch_27": [
    "output/004_vsb_naive_multirun/multirun/seed2/fold2/checkpoints/train.28.pth",
    0.6728256116565438,
    {
      "epoch_mcc": 0.6728256116565438,
      "mcc": 0.6688187864829259,
      "loss": 0.14415269274514636
    }
  ],
  "epoch_28": [
    "output/004_vsb_naive_multirun/multirun/seed2/fold2/checkpoints/train.29.pth",
    0.6133039043359947,
    {
      "epoch_mcc": 0.6133039043359947,
      "mcc": 0.6177649291462305,
      "loss": 0.1350069204778146
    }
  ],
  "epoch_29": [
    "output/004_vsb_naive_multirun/multirun/seed2/fold2/checkpoints/train.30.pth",
    0.5848684382124728,
    {
      "epoch_mcc": 0.5848684382124728,
      "mcc": 0.5872310404293802,
      "loss": 0.1286464613668377
    }
  ],
  "epoch_30": [
    "output/004_vsb_naive_multirun/multirun/seed2/fold2/checkpoints/train.31.pth",
    0.5762333614837158,
    {
      "epoch_mcc": 0.5762333614837158,
      "mcc": 0.5771204144595321,
      "loss": 0.18873934238738735
    }
  ],