{
  "best": {
    "epoch_mcc": 0.615035677879401,
    "mcc": 0.597999153404434,
    "loss": 0.15481835148471973
  },
  "last": {
    "epoch_mcc": 0.5592112429393544,
    "mcc": 0.5496222383523404,
    "loss": 0.19380370273596242
  },
  "train.44": {
    "epoch_mcc": 0.615035677879401,
    "mcc": 0.597999153404434,
    "loss": 0.15481835148471973
  },
  "epoch_0": [
    "output/004_vsb_naive_multirun/multirun/seed3/fold1/checkpoints/train.1.pth",
    0.5005457390974222,
    {
      "epoch_mcc": 0.5005457390974222,
      "mcc": 0.505434946809111,
      "loss": 0.346974310694381
    }
  ],
  "epoch_1": [
    "output/004_vsb_naive_multirun/multirun/seed3/fold1/checkpoints/train.2.pth",
    0.4753165316353243,
    {
      "epoch_mcc": 0.4753165316353243,
      "mcc": 0.4682851352962623,
      "loss": 0.3430750811674509
    }
  ],
  "epoch_2": [
    "output/004_vsb_naive_multirun/multirun/seed3/fold1/checkpoints/train.3.pth",
    0.4500873241732264,
    {
      "epoch_mcc": 0.4500873241732264,
      "mcc": 0.44977766763455757,
      "loss": 0.2516572795000421
    }
  ],
  "epoch_3": [
    "output/004_vsb_naive_multirun/multirun/seed3/fold1/checkpoints/train.4.pth",
    0.4896928144588394,
    {
      "epoch_mcc": 0.4896928144588394,
      "mcc": 0.46968415766893995,
      "loss": 0.1714217925953988
    }
  ],
  "epoch_4": [
    "output/004_vsb_naive_multirun/multirun/seed3/fold1/checkpoints/train.5.pth",
    0.5174997584563265,
    {
      "epoch_mcc": 0.5174997584563265,
      "mcc": 0.5125402828635613,
      "loss": 0.37660404624298804
    }
  ],
  "epoch_5": [
    "output/004_vsb_naive_multirun/multirun/seed3/fold1/checkpoints/train.6.pth",
    0.4834006688812442,
    {
      "epoch_mcc": 0.4834006688812442,
      "mcc": 0.4905780905705422,
      "loss": 0.2244754629834794
    }
  ],
  "epoch_6": [
    "output/004_vsb_naive_multirun/multirun/seed3/fold1/checkpoints/train.7.pth",
    0.4531694012763393,
    {
      "epoch_mcc": 0.4531694012763393,
      "mcc": 0.45613245428284144,
      "loss": 0.3470662292125098
    }
  ],
  "epoch_7": [
    "output/004_vsb_naive_multirun/multirun/seed3/fold1/checkpoints/train.8.pth",
    0.5229781788060807,
    {
      "epoch_mcc": 0.5229781788060807,
      "mcc": 0.5219013335573143,
      "loss": 0.23449055401675672
    }
  ],
  "epoch_8": [
    "output/004_vsb_naive_multirun/multirun/seed3/fold1/checkpoints/train.9.pth",
    0.5711819111234834,
    {
      "epoch_mcc": 0.5711819111234834,
      "mcc": 0.5651681865740785,
      "loss": 0.330737207822258
    }
  ],
  "epoch_9": [
    "output/004_vsb_naive_multirun/multirun/seed3/fold1/checkpoints/train.10.pth",
    0.5650373715422533,
    {
      "epoch_mcc": 0.5650373715422533,
      "mcc": 0.5671563470327831,
      "loss": 0.2648580491594111
    }
  ],
  "epoch_10": [
    "output/004_vsb_naive_multirun/multirun/seed3/fold1/checkpoints/train.11.pth",
    0.5537284712410638,
    {
      "epoch_mcc": 0.5537284712410638,
      "mcc": 0.5535077195864702,
      "loss": 0.14320757549108615
    }
  ],
  "epoch_11": [
    "output/004_vsb_naive_multirun/multirun/seed3/fold1/checkpoints/train.12.pth",
    0.543376049799853,
    {
      "epoch_mcc": 0.543376049799853,
      "mcc": 0.5062719661308462,
      "loss": 0.15952255496059556
    }
  ],
  "epoch_12": [
    "output/004_vsb_naive_multirun/multirun/seed3/fold1/checkpoints/train.13.pth",
    0.5435935857438426,
    {
      "epoch_mcc": 0.5435935857438426,
      "mcc": 0.5379890373116701,
      "loss": 0.15188168199562985
    }
  ],
  "epoch_13": [
    "output/004_vsb_naive_multirun/multirun/seed3/fold1/checkpoints/train.14.pth",
    0.5876433185730329,
    {
      "epoch_mcc": 0.5876433185730329,
      "mcc": 0.5745469899969231,
      "loss": 0.1526220535247133
    }
  ],
  "epoch_14": [
    "output/004_vsb_naive_multirun/multirun/seed3/fold1/checkpoints/train.15.pth",
    0.5388557706340985,
    {
      "epoch_mcc": 0.5388557706340985,
      "mcc": 0.5002420787349258,
      "loss": 0.13791595098022338
    }
  ],
  "epoch_15": [
    "output/004_vsb_naive_multirun/multirun/seed3/fold1/checkpoints/train.16.pth",
    0.49684807368611666,
    {
      "epoch_mcc": 0.49684807368611666,
      "mcc": 0.507643970389429,
      "loss": 0.17013073068836676
    }
  ],
  "epoch_16": [
    "output/004_vsb_naive_multirun/multirun/seed3/fold1/checkpoints/train.17.pth",
    0.5545731751645524,
    {
      "epoch_mcc": 0.5545731751645524,
      "mcc": 0.560372465581352,
      "loss": 0.16130071384720054
    }
  ],
  "epoch_17": [
    "output/004_vsb_naive_multirun/multirun/seed3/fold1/checkpoints/train.18.pth",
    0.5474651842112128,
    {
      "epoch_mcc": 0.5474651842112128,
      "mcc": 0.508975209890596,
      "loss": 0.12818043995744802
    }
  ],
  "epoch_18": [
    "output/004_vsb_naive_multirun/multirun/seed3/fold1/checkpoints/train.19.pth",
    0.5530059499933011,
    {
      "epoch_mcc": 0.5530059499933011,
      "mcc": 0.5530570877398114,
      "loss": 0.2011305990399674
    }
  ],
  "epoch_19": [
    "output/004_vsb_naive_multirun/multirun/seed3/fold1/checkpoints/train.20.pth",
    0.5548494579859387,
    {
      "epoch_mcc": 0.5548494579859387,
      "mcc": 0.5614001007733678,
      "loss": 0.13815319011061614
    }
  ],
  "epoch_20": [
    "output/004_vsb_naive_multirun/multirun/seed3/fold1/checkpoints/train.21.pth",
    0.46041466571117334,
    {
      "epoch_mcc": 0.46041466571117334,
      "mcc": 0.4611511684786203,
      "loss": 0.1628637628023883
    }
  ],
  "epoch_21": [
    "output/004_vsb_naive_multirun/multirun/seed3/fold1/checkpoints/train.22.pth",
    0.47322979532005466,
    {
      "epoch_mcc": 0.47322979532005466,
      "mcc": 0.4695246896638086,
      "loss": 0.16933133523661176
    }
  ],
  "epoch_22": [
    "output/004_vsb_naive_multirun/multirun/seed3/fold1/checkpoints/train.23.pth",
    0.6068701383518478,
    {
      "epoch_mcc": 0.6068701383518478,
      "mcc": 0.6026436586407865,
      "loss": 0.13896827949868218
    }
  ],
  "epoch_23": [
    "output/004_vsb_naive_multirun/multirun/seed3/fold1/checkpoints/train.24.pth",
    0.5311976617100097,
    {
      "epoch_mcc": 0.5311976617100097,
      "mcc": 0.5305800990877831,
      "loss": 0.132081265088408
    }
  ],
  "epoch_24": [
    "output/004_vsb_naive_multirun/multirun/seed3/fold1/checkpoints/train.25.pth",
    0.5325420076961582,
    {
      "epoch_mcc": 0.5325420076961582,
      "mcc": 0.5062890271693866,
      "loss": 0.1656760125582887
    }
  ],
  "epoch_25": [
    "output/004_vsb_naive_multirun/multirun/seed3/fold1/checkpoints/train.26.pth",
    0.5721002077102763,
    {
      "epoch_mcc": 0.5721002077102763,
      "mcc": 0.531646813256211,
      "loss": 0.13656842558550136
    }
  ],
  "epoch_26": [
    "output/004_vsb_naive_multirun/multirun/seed3/fold1/checkpoints/train.27.pth",
    0.5206524038931801,
    {
      "epoch_mcc": 0.5206524038931801,
      "mcc": 0.5239960551173476,
      "loss": 0.1649170865444226
    }
  ],
  "epoch_27": [
    "output/004_vsb_naive_multirun/multirun/seed3/fold1/checkpoints/train.28.pth",
    0.5421765449333524,
    {
      "epoch_mcc": 0.5421765449333524,
      "mcc": 0.5085201596880794,
      "loss": 0.20404035009430938
    }
  ],
  "epoch_28": [
    "output/004_vsb_naive_multirun/multirun/seed3/fold1/checkpoints/train.29.pth",
    0.5632532761102638,
    {
      "epoch_mcc": 0.5632532761102638,
      "mcc": 0.5657175347564635,
      "loss": 0.19166037450558962
    }
  ],
  "epoch_29": [
    "output/004_vsb_naive_multirun/multirun/seed3/fold1/checkpoints/train.30.pth",
    0.5429473620939242,
    {
      "epoch_mcc": 0.5429473620939242,
      "mcc": 0.5472917876311754,
      "loss": 0.25761270387139873
    }
  ],
  "epoch_30": [
    "output/004_vsb_naive_multirun/multirun/seed3/fold1/checkpoints/train.31.pth",
    0.5876433185730329,
    {
      "epoch_mcc": 0.5876433185730329,
      "mcc": 0.5883937263661037,
      "loss": 0.12207368760018669
    }
  ],