{
  "best": {
    "epoch_mcc": 0.6655677655674173,
    "mcc": 0.6693453778551475,
    "loss": 0.12523598723408483
  },
  "last": {
    "epoch_mcc": 0.5717972305547884,
    "mcc": 0.5734583485839028,
    "loss": 0.23683432683271713
  },
  "train.7": {
    "epoch_mcc": 0.6655677655674173,
    "mcc": 0.6693453778551475,
    "loss": 0.12523598723408483
  },
  "epoch_0": [
    "output/004_vsb_naive/fold0/checkpoints/train.1.pth",
    0.5743589743586738,
    {
      "epoch_mcc": 0.5743589743586738,
      "mcc": 0.5738143706105457,
      "loss": 0.13613009475902518
    }
  ],
  "epoch_1": [
    "output/004_vsb_naive/fold0/checkpoints/train.2.pth",
    0.6099623964889967,
    {
      "epoch_mcc": 0.6099623964889967,
      "mcc": 0.6189740190601384,
      "loss": 0.13514441732003027
    }
  ],
  "epoch_2": [
    "output/004_vsb_naive/fold0/checkpoints/train.3.pth",
    0.6274036566017933,
    {
      "epoch_mcc": 0.6274036566017933,
      "mcc": 0.6383866966619499,
      "loss": 0.13003475307494966
    }
  ],
  "epoch_3": [
    "output/004_vsb_naive/fold0/checkpoints/train.4.pth",
    0.5479068692206321,
    {
      "epoch_mcc": 0.5479068692206321,
      "mcc": 0.553527328804243,
      "loss": 0.15935057214430812
    }
  ],
  "epoch_4": [
    "output/004_vsb_naive/fold0/checkpoints/train.5.pth",
    0.6254463750055352,
    {
      "epoch_mcc": 0.6254463750055352,
      "mcc": 0.6299335884602203,
      "loss": 0.1214232943798199
    }
  ],
  "epoch_5": [
    "output/004_vsb_naive/fold0/checkpoints/train.6.pth",
    0.6158231387382743,
    {
      "epoch_mcc": 0.6158231387382743,
      "mcc": 0.6220537690507653,
      "loss": 0.1288789392299886
    }
  ],
  "epoch_6": [
    "output/004_vsb_naive/fold0/checkpoints/train.7.pth",
    0.6655677655674173,
    {
      "epoch_mcc": 0.6655677655674173,
      "mcc": 0.6693453778551475,
      "loss": 0.12523598723408483
    }
  ],
  "epoch_7": [
    "output/004_vsb_naive/fold0/checkpoints/train.8.pth",
    0.5809773893757468,
    {
      "epoch_mcc": 0.5809773893757468,
      "mcc": 0.5823441519027857,
      "loss": 0.15483509891517397
    }
  ],
  "epoch_8": [
    "output/004_vsb_naive/fold0/checkpoints/train.9.pth",
    0.5969618358458647,
    {
      "epoch_mcc": 0.5969618358458647,
      "mcc": 0.6011986471118145,
      "loss": 0.12542630826954998
    }
  ],
  "epoch_9": [
    "output/004_vsb_naive/fold0/checkpoints/train.10.pth",
    0.5970300522415936,
    {
      "epoch_mcc": 0.5970300522415936,
      "mcc": 0.6072545214033847,
      "loss": 0.12872366589877157
    }
  ],
  "epoch_10": [
    "output/004_vsb_naive/fold0/checkpoints/train.11.pth",
    0.6187378641211652,
    {
      "epoch_mcc": 0.6187378641211652,
      "mcc": 0.6265810513267599,
      "loss": 0.13796063032956624
    }
  ],
  "epoch_11": [
    "output/004_vsb_naive/fold0/checkpoints/train.12.pth",
    0.6042070867645648,
    {
      "epoch_mcc": 0.6042070867645648,
      "mcc": 0.6102415127636791,
      "loss": 0.13819165807377656
    }
  ],
  "epoch_12": [
    "output/004_vsb_naive/fold0/checkpoints/train.13.pth",
    0.5516478159214915,
    {
      "epoch_mcc": 0.5516478159214915,
      "mcc": 0.5539409600015975,
      "loss": 0.13647763682417122
    }
  ],
  "epoch_13": [
    "output/004_vsb_naive/fold0/checkpoints/train.14.pth",
    0.6449498732744747,
    {
      "epoch_mcc": 0.6449498732744747,
      "mcc": 0.6507774029243233,
      "loss": 0.14596187043774764
    }
  ],
  "epoch_14": [
    "output/004_vsb_naive/fold0/checkpoints/train.15.pth",
    0.6185427247210386,
    {
      "epoch_mcc": 0.6185427247210386,
      "mcc": 0.6285614796698488,
      "loss": 0.12537363956389042
    }
  ],
  "epoch_15": [
    "output/004_vsb_naive/fold0/checkpoints/train.16.pth",
    0.6449498732744747,
    {
      "epoch_mcc": 0.6449498732744747,
      "mcc": 0.653703512978542,
      "loss": 0.13308544390916618
    }
  ],
  "epoch_16": [
    "output/004_vsb_naive/fold0/checkpoints/train.17.pth",
    0.6236298761827419,
    {
      "epoch_mcc": 0.6236298761827419,
      "mcc": 0.6322716960069824,
      "loss": 0.13275445934878774
    }
  ],
  "epoch_17": [
    "output/004_vsb_naive/fold0/checkpoints/train.18.pth",
    0.6566998663513868,
    {
      "epoch_mcc": 0.6566998663513868,
      "mcc": 0.6576991469586501,
      "loss": 0.1240202278193734
    }
  ],
  "epoch_18": [
    "output/004_vsb_naive/fold0/checkpoints/train.19.pth",
    0.5941928836596837,
    {
      "epoch_mcc": 0.5941928836596837,
      "mcc": 0.6039515479390752,
      "loss": 0.13739614917699522
    }
  ],
  "epoch_19": [
    "output/004_vsb_naive/fold0/checkpoints/train.20.pth",
    0.5490616766375396,
    {
      "epoch_mcc": 0.5490616766375396,
      "mcc": 0.5489101765672084,
      "loss": 0.15162444262157823
    }
  ],
  "epoch_20": [
    "output/004_vsb_naive/fold0/checkpoints/train.21.pth",
    0.5419541993391812,
    {
      "epoch_mcc": 0.5419541993391812,
      "mcc": 0.5477341094423105,
      "loss": 0.16337481380893934
    }
  ],
  "epoch_21": [
    "output/004_vsb_naive/fold0/checkpoints/train.22.pth",
    0.6523184129788322,
    {
      "epoch_mcc": 0.6523184129788322,
      "mcc": 0.6557184980221806,
      "loss": 0.13721380968179023
    }
  ],
  "epoch_22": [
    "output/004_vsb_naive/fold0/checkpoints/train.23.pth",
    0.5969618358458647,
    {
      "epoch_mcc": 0.5969618358458647,
      "mcc": 0.6086202224790188,
      "loss": 0.13071435627089925
    }
  ],
  "epoch_23": [
    "output/004_vsb_naive/fold0/checkpoints/train.24.pth",
    0.6523184129788322,
    {
      "epoch_mcc": 0.6523184129788322,
      "mcc": 0.6566856779873321,
      "loss": 0.14904466668935734
    }
  ],
  "epoch_24": [
    "output/004_vsb_naive/fold0/checkpoints/train.25.pth",
    0.5743589743586738,
    {
      "epoch_mcc": 0.5743589743586738,
      "mcc": 0.5772232222139093,
      "loss": 0.14063118352024156
    }
  ],
  "epoch_25": [
    "output/004_vsb_naive/fold0/checkpoints/train.26.pth",
    0.568522476320518,
    {
      "epoch_mcc": 0.568522476320518,
      "mcc": 0.5781740044971351,
      "loss": 0.193381393786757
    }
  ],
  "epoch_26": [
    "output/004_vsb_naive/fold0/checkpoints/train.27.pth",
    0.6063338180251108,
    {
      "epoch_mcc": 0.6063338180251108,
      "mcc": 0.6094577575329473,
      "loss": 0.1376225833304983
    }
  ],
  "epoch_27": [
    "output/004_vsb_naive/fold0/checkpoints/train.28.pth",
    0.5438636401274503,
    {
      "epoch_mcc": 0.5438636401274503,
      "mcc": 0.5460426712408996,
      "loss": 0.15661242638879716
    }
  ],
  "epoch_28": [
    "output/004_vsb_naive/fold0/checkpoints/train.29.pth",
    0.5974228797436864,
    {
      "epoch_mcc": 0.5974228797436864,
      "mcc": 0.6026449471204569,
      "loss": 0.17612788108098937
    }
  ],
  "epoch_29": [
    "output/004_vsb_naive/fold0/checkpoints/train.30.pth",
    0.6274036566017933,
    {
      "epoch_mcc": 0.6274036566017933,
      "mcc": 0.6251638339322718,
      "loss": 0.15475626606590367
    }
  ],
  "epoch_30": [
    "output/004_vsb_naive/fold0/checkpoints/train.31.pth",
    0.5809242980292234,
    {
      "epoch_mcc": 0.5809242980292234,
      "mcc": 0.5808396243640664,
      "loss": 0.1811423688460135
    }
  ],
  "epoch_31": [
    "output/004_vsb_naive/fold0/checkpoints/train.32.pth",
    0.6185427247210386,
    {
      "epoch_mcc": 0.6185427247210386,
      "mcc": 0.6221444351548526,
      "loss": 0.18004885694194783
    }
  ],
  "epoch_32": [
    "output/004_vsb_naive/fold0/checkpoints/train.33.pth",
    0.6313944727242927,
    {
      "epoch_mcc": 0.6313944727242927,
      "mcc": 0.6363200462992749,
      "loss": 0.17697180654988232
    }
  ],
  "epoch_33": [
    "output/004_vsb_naive/fold0/checkpoints/train.34.pth",
    0.6395521064053643,
    {
      "epoch_mcc": 0.6395521064053643,
      "mcc": 0.6461892523896113,
      "loss": 0.17042161202420467
    }
  ],