{
  "best": {
    "epoch_mcc": 0.7527085839795595,
    "epoch_domain_auc": 0.48208620071631497,
    "mcc": 0.7721279875711192,
    "domain_auc": 0.48289542280984177,
    "loss": 0.7842355361288468
  },
  "last": {
    "epoch_mcc": 0.6010420465261707,
    "epoch_domain_auc": 0.47800693800527905,
    "mcc": 0.6147100698956798,
    "domain_auc": 0.47794501642508636,
    "loss": 0.8402290111359548
  },
  "train.18": {
    "epoch_mcc": 0.7527085839795595,
    "epoch_domain_auc": 0.48208620071631497,
    "mcc": 0.7721279875711192,
    "domain_auc": 0.48289542280984177,
    "loss": 0.7842355361288468
  },
  "epoch_0": [
    "output/001_vsb/fold3/checkpoints/train.1.pth",
    0.36608172458168414,
    {
      "epoch_mcc": 0.36608172458168414,
      "epoch_domain_auc": 0.4102488142883805,
      "mcc": 0.39089323083085936,
      "domain_auc": 0.41056927828852585,
      "loss": 0.8465577945651779
    }
  ],
  "epoch_1": [
    "output/001_vsb/fold3/checkpoints/train.2.pth",
    0.6260931054257936,
    {
      "epoch_mcc": 0.6260931054257936,
      "epoch_domain_auc": 0.38742331015727527,
      "mcc": 0.660047168483415,
      "domain_auc": 0.3882817399791269,
      "loss": 0.9463785232241921
    }
  ],
  "epoch_2": [
    "output/001_vsb/fold3/checkpoints/train.3.pth",
    0.6442960772548175,
    {
      "epoch_mcc": 0.6442960772548175,
      "epoch_domain_auc": 0.28603126546016866,
      "mcc": 0.6517128531942865,
      "domain_auc": 0.2864949923712461,
      "loss": 0.8993448223181313
    }
  ],
  "epoch_3": [
    "output/001_vsb/fold3/checkpoints/train.4.pth",
    0.28550306407665066,
    {
      "epoch_mcc": 0.28550306407665066,
      "epoch_domain_auc": 0.2939024354116737,
      "mcc": 0.26267351880989964,
      "domain_auc": 0.2938552133694651,
      "loss": 0.8892031557178334
    }
  ],
  "epoch_4": [
    "output/001_vsb/fold3/checkpoints/train.5.pth",
    0.680097874672185,
    {
      "epoch_mcc": 0.680097874672185,
      "epoch_domain_auc": 0.30300301278879965,
      "mcc": 0.681228598678111,
      "domain_auc": 0.30320455576008815,
      "loss": 0.8092260464333421
    }
  ],
  "epoch_5": [
    "output/001_vsb/fold3/checkpoints/train.6.pth",
    0.47265867620869295,
    {
      "epoch_mcc": 0.47265867620869295,
      "epoch_domain_auc": 0.5190587775246548,
      "mcc": 0.4938876123773301,
      "domain_auc": 0.5195375579609789,
      "loss": 0.7824983754789973
    }
  ],
  "epoch_6": [
    "output/001_vsb/fold3/checkpoints/train.7.pth",
    0.4302460725801478,
    {
      "epoch_mcc": 0.4302460725801478,
      "epoch_domain_auc": 0.431913046827092,
      "mcc": 0.38557982496937454,
      "domain_auc": 0.4325069261622418,
      "loss": 0.835911443024207
    }
  ],
  "epoch_7": [
    "output/001_vsb/fold3/checkpoints/train.8.pth",
    0.6658930591476528,
    {
      "epoch_mcc": 0.6658930591476528,
      "epoch_domain_auc": 0.3007041690242653,
      "mcc": 0.6723784989681252,
      "domain_auc": 0.30079370285955515,
      "loss": 0.791654250707971
    }
  ],
  "epoch_8": [
    "output/001_vsb/fold3/checkpoints/train.9.pth",
    0.6623324998037066,
    {
      "epoch_mcc": 0.6623324998037066,
      "epoch_domain_auc": 0.3479993245665228,
      "mcc": 0.663438972688928,
      "domain_auc": 0.34927626875613355,
      "loss": 0.795543389045433
    }
  ],
  "epoch_9": [
    "output/001_vsb/fold3/checkpoints/train.10.pth",
    0.5883926596577903,
    {
      "epoch_mcc": 0.5883926596577903,
      "epoch_domain_auc": 0.39839910416191443,
      "mcc": 0.5963001925484712,
      "domain_auc": 0.3993325409171443,
      "loss": 0.801085281905537
    }
  ],
  "epoch_10": [
    "output/001_vsb/fold3/checkpoints/train.11.pth",
    0.6843211665914187,
    {
      "epoch_mcc": 0.6843211665914187,
      "epoch_domain_auc": 0.44065665168665813,
      "mcc": 0.684381727133217,
      "domain_auc": 0.4410997486631857,
      "loss": 0.7762551154819495
    }
  ],
  "epoch_11": [
    "output/001_vsb/fold3/checkpoints/train.12.pth",
    0.44747018913692244,
    {
      "epoch_mcc": 0.44747018913692244,
      "epoch_domain_auc": 0.39366070132509384,
      "mcc": 0.46423337374133244,
      "domain_auc": 0.39420682407081287,
      "loss": 0.7994121801422303
    }
  ],
  "epoch_12": [
    "output/001_vsb/fold3/checkpoints/train.13.pth",
    0.49702853387134194,
    {
      "epoch_mcc": 0.49702853387134194,
      "epoch_domain_auc": 0.44912771321331557,
      "mcc": 0.5169267339451356,
      "domain_auc": 0.45000257568939545,
      "loss": 0.8188184082200318
    }
  ],
  "epoch_13": [
    "output/001_vsb/fold3/checkpoints/train.14.pth",
    0.7478187077077585,
    {
      "epoch_mcc": 0.7478187077077585,
      "epoch_domain_auc": 0.4461682481092306,
      "mcc": 0.7500170779652205,
      "domain_auc": 0.4466213224327472,
      "loss": 0.7766271595700472
    }
  ],
  "epoch_14": [
    "output/001_vsb/fold3/checkpoints/train.15.pth",
    0.7223594912007809,
    {
      "epoch_mcc": 0.7223594912007809,
      "epoch_domain_auc": 0.43826004781358036,
      "mcc": 0.7239674010522265,
      "domain_auc": 0.4384341654779326,
      "loss": 0.7828089930309486
    }
  ],
  "epoch_15": [
    "output/001_vsb/fold3/checkpoints/train.16.pth",
    0.7013551460582699,
    {
      "epoch_mcc": 0.7013551460582699,
      "epoch_domain_auc": 0.47630057974706796,
      "mcc": 0.7024957222191474,
      "domain_auc": 0.47532910036653764,
      "loss": 0.770404071590371
    }
  ],
  "epoch_16": [
    "output/001_vsb/fold3/checkpoints/train.17.pth",
    0.7442952374896763,
    {
      "epoch_mcc": 0.7442952374896763,
      "epoch_domain_auc": 0.4490462464561961,
      "mcc": 0.7630416122405085,
      "domain_auc": 0.4482613089023238,
      "loss": 0.7758122051644448
    }
  ],
  "epoch_17": [
    "output/001_vsb/fold3/checkpoints/train.18.pth",
    0.7527085839795595,
    {
      "epoch_mcc": 0.7527085839795595,
      "epoch_domain_auc": 0.48208620071631497,
      "mcc": 0.7721279875711192,
      "domain_auc": 0.48289542280984177,
      "loss": 0.7842355361288468
    }
  ],
  "epoch_18": [
    "output/001_vsb/fold3/checkpoints/train.19.pth",
    0.7181992512224136,
    {
      "epoch_mcc": 0.7181992512224136,
      "epoch_domain_auc": 0.48830729853270965,
      "mcc": 0.7393142960054409,
      "domain_auc": 0.4879010767755974,
      "loss": 0.7664476382752909
    }
  ],
  "epoch_19": [
    "output/001_vsb/fold3/checkpoints/train.20.pth",
    0.7368213223248753,
    {
      "epoch_mcc": 0.7368213223248753,
      "epoch_domain_auc": 0.5102514804731589,
      "mcc": 0.7459745192427911,
      "domain_auc": 0.511188215408501,
      "loss": 0.8041065830782236
    }
  ],
  "epoch_20": [
    "output/001_vsb/fold3/checkpoints/train.21.pth",
    0.7178546668396303,
    {
      "epoch_mcc": 0.7178546668396303,
      "epoch_domain_auc": 0.5356602214118338,
      "mcc": 0.726428020757842,
      "domain_auc": 0.535376867733246,
      "loss": 0.7894610991371273
    }
  ],
  "epoch_21": [
    "output/001_vsb/fold3/checkpoints/train.22.pth",
    0.7405340866048695,
    {
      "epoch_mcc": 0.7405340866048695,
      "epoch_domain_auc": 0.5207221805836575,
      "mcc": 0.7490145512398452,
      "domain_auc": 0.520796380293592,
      "loss": 0.7595809929957693
    }
  ],
  "epoch_22": [
    "output/001_vsb/fold3/checkpoints/train.23.pth",
    0.680097874672185,
    {
      "epoch_mcc": 0.680097874672185,
      "epoch_domain_auc": 0.48269942321535964,
      "mcc": 0.6848057912878631,
      "domain_auc": 0.48309620906327755,
      "loss": 0.7797324461493763
    }
  ],
  "epoch_23": [
    "output/001_vsb/fold3/checkpoints/train.24.pth",
    0.68938786056894,
    {
      "epoch_mcc": 0.68938786056894,
      "epoch_domain_auc": 0.5264130038718928,
      "mcc": 0.6928588540648619,
      "domain_auc": 0.5267242886613372,
      "loss": 0.7755025215895779
    }
  ],
  "epoch_24": [
    "output/001_vsb/fold3/checkpoints/train.25.pth",
    0.6742609582055686,
    {
      "epoch_mcc": 0.6742609582055686,