{
  "best": {
    "epoch_mcc": 0.799776145912072,
    "mcc": 0.7986247001795163,
    "loss": 0.0890213931428975
  },
  "last": {
    "epoch_mcc": 0.7816904869957801,
    "mcc": 0.7832504606393428,
    "loss": 0.11799978593300128
  },
  "train.27": {
    "epoch_mcc": 0.799776145912072,
    "mcc": 0.7986247001795163,
    "loss": 0.0890213931428975
  },
  "epoch_0": [
    "output/004_vsb_naive/fold4/checkpoints/train.1.pth",
    0.7059596128389822,
    {
      "epoch_mcc": 0.7059596128389822,
      "mcc": 0.7153472761071563,
      "loss": 0.11150507890972598
    }
  ],
  "epoch_1": [
    "output/004_vsb_naive/fold4/checkpoints/train.2.pth",
    0.7632870190820031,
    {
      "epoch_mcc": 0.7632870190820031,
      "mcc": 0.7703961865461167,
      "loss": 0.08423372838517715
    }
  ],
  "epoch_2": [
    "output/004_vsb_naive/fold4/checkpoints/train.3.pth",
    0.7522356792302882,
    {
      "epoch_mcc": 0.7522356792302882,
      "mcc": 0.7577174773967466,
      "loss": 0.08657370667005407
    }
  ],
  "epoch_3": [
    "output/004_vsb_naive/fold4/checkpoints/train.4.pth",
    0.5517286654430251,
    {
      "epoch_mcc": 0.5517286654430251,
      "mcc": 0.5571284289986235,
      "loss": 0.09943405492552396
    }
  ],
  "epoch_4": [
    "output/004_vsb_naive/fold4/checkpoints/train.5.pth",
    0.7148987219824857,
    {
      "epoch_mcc": 0.7148987219824857,
      "mcc": 0.7183655431469305,
      "loss": 0.0842525398936765
    }
  ],
  "epoch_5": [
    "output/004_vsb_naive/fold4/checkpoints/train.6.pth",
    0.471829631306881,
    {
      "epoch_mcc": 0.471829631306881,
      "mcc": 0.46932738073185576,
      "loss": 0.10899549121486729
    }
  ],
  "epoch_6": [
    "output/004_vsb_naive/fold4/checkpoints/train.7.pth",
    0.7724028705179453,
    {
      "epoch_mcc": 0.7724028705179453,
      "mcc": 0.7721455288540501,
      "loss": 0.07875244648292147
    }
  ],
  "epoch_7": [
    "output/004_vsb_naive/fold4/checkpoints/train.8.pth",
    0.7767363150161685,
    {
      "epoch_mcc": 0.7767363150161685,
      "mcc": 0.7744865476160128,
      "loss": 0.08132154674365602
    }
  ],
  "epoch_8": [
    "output/004_vsb_naive/fold4/checkpoints/train.9.pth",
    0.7445457424753055,
    {
      "epoch_mcc": 0.7445457424753055,
      "mcc": 0.7459489298295829,
      "loss": 0.08795020492940113
    }
  ],
  "epoch_9": [
    "output/004_vsb_naive/fold4/checkpoints/train.10.pth",
    0.6427748731941806,
    {
      "epoch_mcc": 0.6427748731941806,
      "mcc": 0.6355175602890576,
      "loss": 0.10789407476268965
    }
  ],
  "epoch_10": [
    "output/004_vsb_naive/fold4/checkpoints/train.11.pth",
    0.7297319428054181,
    {
      "epoch_mcc": 0.7297319428054181,
      "mcc": 0.7425713860974815,
      "loss": 0.10222582693757681
    }
  ],
  "epoch_11": [
    "output/004_vsb_naive/fold4/checkpoints/train.12.pth",
    0.6600588366936392,
    {
      "epoch_mcc": 0.6600588366936392,
      "mcc": 0.667139296253485,
      "loss": 0.09274402710384336
    }
  ],
  "epoch_12": [
    "output/004_vsb_naive/fold4/checkpoints/train.13.pth",
    0.471829631306881,
    {
      "epoch_mcc": 0.471829631306881,
      "mcc": 0.4646192524741456,
      "loss": 0.11812140874821564
    }
  ],
  "epoch_13": [
    "output/004_vsb_naive/fold4/checkpoints/train.14.pth",
    0.700095046655819,
    {
      "epoch_mcc": 0.700095046655819,
      "mcc": 0.6938677141799047,
      "loss": 0.083980069386548
    }
  ],
  "epoch_14": [
    "output/004_vsb_naive/fold4/checkpoints/train.15.pth",
    0.7504336457370726,
    {
      "epoch_mcc": 0.7504336457370726,
      "mcc": 0.7518782717993071,
      "loss": 0.0795886188488582
    }
  ],
  "epoch_15": [
    "output/004_vsb_naive/fold4/checkpoints/train.16.pth",
    0.7315745211545274,
    {
      "epoch_mcc": 0.7315745211545274,
      "mcc": 0.733892943973001,
      "loss": 0.08058782176210963
    }
  ],
  "epoch_16": [
    "output/004_vsb_naive/fold4/checkpoints/train.17.pth",
    0.7689542080629689,
    {
      "epoch_mcc": 0.7689542080629689,
      "mcc": 0.7705385519195633,
      "loss": 0.08983946666121483
    }
  ],
  "epoch_17": [
    "output/004_vsb_naive/fold4/checkpoints/train.18.pth",
    0.7107841988124062,
    {
      "epoch_mcc": 0.7107841988124062,
      "mcc": 0.7107698055985724,
      "loss": 0.1083309097536679
    }
  ],
  "epoch_18": [
    "output/004_vsb_naive/fold4/checkpoints/train.19.pth",
    0.7260757063857607,
    {
      "epoch_mcc": 0.7260757063857607,
      "mcc": 0.712001017026948,
      "loss": 0.10538751393042761
    }
  ],
  "epoch_19": [
    "output/004_vsb_naive/fold4/checkpoints/train.20.pth",
    0.669827775334431,
    {
      "epoch_mcc": 0.669827775334431,
      "mcc": 0.6709959152989038,
      "loss": 0.09854004819845331
    }
  ],
  "epoch_20": [
    "output/004_vsb_naive/fold4/checkpoints/train.21.pth",
    0.770381420101702,
    {
      "epoch_mcc": 0.770381420101702,
      "mcc": 0.773277507752564,
      "loss": 0.09700752712529281
    }
  ],
  "epoch_21": [
    "output/004_vsb_naive/fold4/checkpoints/train.22.pth",
    0.7294580348721635,
    {
      "epoch_mcc": 0.7294580348721635,
      "mcc": 0.7411007505326562,
      "loss": 0.10621191830984478
    }
  ],
  "epoch_22": [
    "output/004_vsb_naive/fold4/checkpoints/train.23.pth",
    0.7107841988124062,
    {
      "epoch_mcc": 0.7107841988124062,
      "mcc": 0.7034001746850402,
      "loss": 0.08691573342115715
    }
  ],
  "epoch_23": [
    "output/004_vsb_naive/fold4/checkpoints/train.24.pth",
    0.7930463282411875,
    {
      "epoch_mcc": 0.7930463282411875,
      "mcc": 0.795172831794944,
      "loss": 0.08954657804349372
    }
  ],
  "epoch_24": [
    "output/004_vsb_naive/fold4/checkpoints/train.25.pth",
    0.6959370904321384,
    {
      "epoch_mcc": 0.6959370904321384,
      "mcc": 0.6955103084308322,
      "loss": 0.09998648719027124
    }
  ],
  "epoch_25": [
    "output/004_vsb_naive/fold4/checkpoints/train.26.pth",
    0.5973455757718854,
    {
      "epoch_mcc": 0.5973455757718854,
      "mcc": 0.5713917157128311,
      "loss": 0.15292131232804265
    }
  ],
  "epoch_26": [
    "output/004_vsb_naive/fold4/checkpoints/train.27.pth",
    0.799776145912072,
    {
      "epoch_mcc": 0.799776145912072,
      "mcc": 0.7986247001795163,
      "loss": 0.0890213931428975
    }
  ],
  "epoch_27": [
    "output/004_vsb_naive/fold4/checkpoints/train.28.pth",
    0.747759908567888,
    {
      "epoch_mcc": 0.747759908567888,
      "mcc": 0.7584059330206804,
      "loss": 0.11456860040539298
    }
  ],
  "epoch_28": [
    "output/004_vsb_naive/fold4/checkpoints/train.29.pth",
    0.7337913368879007,
    {
      "epoch_mcc": 0.7337913368879007,
      "mcc": 0.7387686652015119,
      "loss": 0.08762190285427816
    }
  ],
  "epoch_29": [
    "output/004_vsb_naive/fold4/checkpoints/train.30.pth",
    0.6479740248527165,
    {
      "epoch_mcc": 0.6479740248527165,
      "mcc": 0.6443631289721191,
      "loss": 0.10546793051320931
    }
  ],
  "epoch_30": [
    "output/004_vsb_naive/fold4/checkpoints/train.31.pth",
    0.7391812416784638,
    {
      "epoch_mcc": 0.7391812416784638,
      "mcc": 0.7275580771784951,
      "loss": 0.09717650701259745
    }
  ],
  "epoch_31": [
    "output/004_vsb_naive/fold4/checkpoints/train.32.pth",
    0.799776145912072,
    {
      "epoch_mcc": 0.799776145912072,
      "mcc": 0.802937979568897,
      "loss": 0.08137472731799915
    }
  ],
  "epoch_32": [
    "output/004_vsb_naive/fold4/checkpoints/train.33.pth",
    0.7450398775153998,
    {
      "epoch_mcc": 0.7450398775153998,
      "mcc": 0.7481728631094722,
      "loss": 0.08736056752246002
    }
  ],
  "epoch_33": [
    "output/004_vsb_naive/fold4/checkpoints/train.34.pth",
    0.7662024099242106,
    {
      "epoch_mcc": 0.7662024099242106,
      "mcc": 0.7664506718467275,
      "loss": 0.10728895977653306
    }
  ],
  "epoch_34": [
    "output/004_vsb_naive/fold4/checkpoints/train.35.pth",
    0.7381322702138658,
    {
      "epoch_mcc": 0.7381322702138658,