{
  "best": {
    "epoch_mcc": 0.8519367991840714,
    "mcc": 0.8162962344389312,
    "loss": 0.12002223445400724
  },
  "last": {
    "epoch_mcc": 0.7143155478174341,
    "mcc": 0.6810191976738185,
    "loss": 0.09252985768186861
  },
  "train.25": {
    "epoch_mcc": 0.8519367991840714,
    "mcc": 0.8162962344389312,
    "loss": 0.12002223445400724
  },
  "epoch_0": [
    "output/004_vsb_naive_multirun/multirun/seed4/fold3/checkpoints/train.1.pth",
    0.6848212275368194,
    {
      "epoch_mcc": 0.6848212275368194,
      "mcc": 0.6521801442163001,
      "loss": 0.28813919558377354
    }
  ],
  "epoch_1": [
    "output/004_vsb_naive_multirun/multirun/seed4/fold3/checkpoints/train.2.pth",
    0.510112602061965,
    {
      "epoch_mcc": 0.510112602061965,
      "mcc": 0.48760222637264766,
      "loss": 0.4493055299514337
    }
  ],
  "epoch_2": [
    "output/004_vsb_naive_multirun/multirun/seed4/fold3/checkpoints/train.3.pth",
    0.7167117428323535,
    {
      "epoch_mcc": 0.7167117428323535,
      "mcc": 0.6839454044304559,
      "loss": 0.12510088977376688
    }
  ],
  "epoch_3": [
    "output/004_vsb_naive_multirun/multirun/seed4/fold3/checkpoints/train.4.pth",
    0.7571392542808572,
    {
      "epoch_mcc": 0.7571392542808572,
      "mcc": 0.7506649807741246,
      "loss": 0.1790811892938696
    }
  ],
  "epoch_4": [
    "output/004_vsb_naive_multirun/multirun/seed4/fold3/checkpoints/train.5.pth",
    0.7606836283739793,
    {
      "epoch_mcc": 0.7606836283739793,
      "mcc": 0.7457959113119236,
      "loss": 0.13038778485868147
    }
  ],
  "epoch_5": [
    "output/004_vsb_naive_multirun/multirun/seed4/fold3/checkpoints/train.6.pth",
    0.7116582272547064,
    {
      "epoch_mcc": 0.7116582272547064,
      "mcc": 0.6897404986569862,
      "loss": 0.14101128858512527
    }
  ],
  "epoch_6": [
    "output/004_vsb_naive_multirun/multirun/seed4/fold3/checkpoints/train.7.pth",
    0.7097225239833197,
    {
      "epoch_mcc": 0.7097225239833197,
      "mcc": 0.6849148858165621,
      "loss": 0.15444914354155684
    }
  ],
  "epoch_7": [
    "output/004_vsb_naive_multirun/multirun/seed4/fold3/checkpoints/train.8.pth",
    0.6947005012534306,
    {
      "epoch_mcc": 0.6947005012534306,
      "mcc": 0.651089427255688,
      "loss": 0.2333222256008401
    }
  ],
  "epoch_8": [
    "output/004_vsb_naive_multirun/multirun/seed4/fold3/checkpoints/train.9.pth",
    0.7223594912007809,
    {
      "epoch_mcc": 0.7223594912007809,
      "mcc": 0.7024329261137882,
      "loss": 0.17002051958426345
    }
  ],
  "epoch_9": [
    "output/004_vsb_naive_multirun/multirun/seed4/fold3/checkpoints/train.10.pth",
    0.6545076009617131,
    {
      "epoch_mcc": 0.6545076009617131,
      "mcc": 0.6593964711619188,
      "loss": 0.10677590786692608
    }
  ],
  "epoch_10": [
    "output/004_vsb_naive_multirun/multirun/seed4/fold3/checkpoints/train.11.pth",
    0.7717782728013352,
    {
      "epoch_mcc": 0.7717782728013352,
      "mcc": 0.7620928860916283,
      "loss": 0.13883434491241656
    }
  ],
  "epoch_11": [
    "output/004_vsb_naive_multirun/multirun/seed4/fold3/checkpoints/train.12.pth",
    0.7755132653824471,
    {
      "epoch_mcc": 0.7755132653824471,
      "mcc": 0.7481754686339469,
      "loss": 0.08378478746200797
    }
  ],
  "epoch_12": [
    "output/004_vsb_naive_multirun/multirun/seed4/fold3/checkpoints/train.13.pth",
    0.5721002077102763,
    {
      "epoch_mcc": 0.5721002077102763,
      "mcc": 0.5464437772510251,
      "loss": 0.15408446063350073
    }
  ],
  "epoch_13": [
    "output/004_vsb_naive_multirun/multirun/seed4/fold3/checkpoints/train.14.pth",
    0.5642587411373059,
    {
      "epoch_mcc": 0.5642587411373059,
      "mcc": 0.5529157129429614,
      "loss": 0.4649160162717258
    }
  ],
  "epoch_14": [
    "output/004_vsb_naive_multirun/multirun/seed4/fold3/checkpoints/train.15.pth",
    0.7697351146593608,
    {
      "epoch_mcc": 0.7697351146593608,
      "mcc": 0.7599788381081745,
      "loss": 0.13716642139239074
    }
  ],
  "epoch_15": [
    "output/004_vsb_naive_multirun/multirun/seed4/fold3/checkpoints/train.16.pth",
    0.7750736561654454,
    {
      "epoch_mcc": 0.7750736561654454,
      "mcc": 0.740604415423923,
      "loss": 0.1954835189855858
    }
  ],
  "epoch_16": [
    "output/004_vsb_naive_multirun/multirun/seed4/fold3/checkpoints/train.17.pth",
    0.6387164594683569,
    {
      "epoch_mcc": 0.6387164594683569,
      "mcc": 0.6141292909353876,
      "loss": 0.10913559366113758
    }
  ],
  "epoch_17": [
    "output/004_vsb_naive_multirun/multirun/seed4/fold3/checkpoints/train.18.pth",
    0.6931229280250475,
    {
      "epoch_mcc": 0.6931229280250475,
      "mcc": 0.6767042178528084,
      "loss": 0.18841680204704173
    }
  ],
  "epoch_18": [
    "output/004_vsb_naive_multirun/multirun/seed4/fold3/checkpoints/train.19.pth",
    0.6970782002162527,
    {
      "epoch_mcc": 0.6970782002162527,
      "mcc": 0.6527351579994143,
      "loss": 0.10826142028410135
    }
  ],
  "epoch_19": [
    "output/004_vsb_naive_multirun/multirun/seed4/fold3/checkpoints/train.20.pth",
    0.7571392542808572,
    {
      "epoch_mcc": 0.7571392542808572,
      "mcc": 0.7328049521006831,
      "loss": 0.09354078468967633
    }
  ],
  "epoch_20": [
    "output/004_vsb_naive_multirun/multirun/seed4/fold3/checkpoints/train.21.pth",
    0.7717782728013352,
    {
      "epoch_mcc": 0.7717782728013352,
      "mcc": 0.7468700465893925,
      "loss": 0.084743257884494
    }
  ],
  "epoch_21": [
    "output/004_vsb_naive_multirun/multirun/seed4/fold3/checkpoints/train.22.pth",
    0.8088470825894606,
    {
      "epoch_mcc": 0.8088470825894606,
      "mcc": 0.7803034772941139,
      "loss": 0.08491332413830671
    }
  ],
  "epoch_22": [
    "output/004_vsb_naive_multirun/multirun/seed4/fold3/checkpoints/train.23.pth",
    0.5949898558305198,
    {
      "epoch_mcc": 0.5949898558305198,
      "mcc": 0.561266977857725,
      "loss": 0.1955637575965535
    }
  ],
  "epoch_23": [
    "output/004_vsb_naive_multirun/multirun/seed4/fold3/checkpoints/train.24.pth",
    0.7649023959748208,
    {
      "epoch_mcc": 0.7649023959748208,
      "mcc": 0.7290035632857575,
      "loss": 0.09494513765669936
    }
  ],
  "epoch_24": [
    "output/004_vsb_naive_multirun/multirun/seed4/fold3/checkpoints/train.25.pth",
    0.8519367991840714,
    {
      "epoch_mcc": 0.8519367991840714,
      "mcc": 0.8162962344389312,
      "loss": 0.12002223445400724
    }
  ],
  "epoch_25": [
    "output/004_vsb_naive_multirun/multirun/seed4/fold3/checkpoints/train.26.pth",
    0.7572175552328779,
    {
      "epoch_mcc": 0.7572175552328779,
      "mcc": 0.7359328186102552,
      "loss": 0.09515207424830395
    }
  ],
  "epoch_26": [
    "output/004_vsb_naive_multirun/multirun/seed4/fold3/checkpoints/train.27.pth",
    0.5484282466105435,
    {
      "epoch_mcc": 0.5484282466105435,
      "mcc": 0.5309587281326404,
      "loss": 0.20618502821343695
    }
  ],
  "epoch_27": [
    "output/004_vsb_naive_multirun/multirun/seed4/fold3/checkpoints/train.28.pth",
    0.6843211665914187,
    {
      "epoch_mcc": 0.6843211665914187,
      "mcc": 0.6535802653288482,
      "loss": 0.09819133288632571
    }
  ],
  "epoch_28": [
    "output/004_vsb_naive_multirun/multirun/seed4/fold3/checkpoints/train.29.pth",
    0.6769657135346437,
    {
      "epoch_mcc": 0.6769657135346437,
      "mcc": 0.6522665532558991,
      "loss": 0.12821500294436275
    }
  ],
  "epoch_29": [
    "output/004_vsb_naive_multirun/multirun/seed4/fold3/checkpoints/train.30.pth",
    0.7755132653824471,
    {
      "epoch_mcc": 0.7755132653824471,
      "mcc": 0.756769793897147,
      "loss": 0.11796615984476783
    }
  ],
  "epoch_30": [
    "output/004_vsb_naive_multirun/multirun/seed4/fold3/checkpoints/train.31.pth",
    0.7546849570152068,
    {
      "epoch_mcc": 0.7546849570152068,
      "mcc": 0.7213469287080599,
      "loss": 0.10324578779058695
    }
  ],