{
  "best": {
    "epoch_mcc": 0.8421808997964741,
    "mcc": 0.8097669661705431,
    "loss": 0.066392292279795
  },
  "last": {
    "epoch_mcc": 0.6563323945509507,
    "mcc": 0.578753961713264,
    "loss": 0.10730885521295559
  },
  "train.5": {
    "epoch_mcc": 0.8421808997964741,
    "mcc": 0.8097669661705431,
    "loss": 0.066392292279795
  },
  "epoch_0": [
    "output/004_vsb_naive/fold3/checkpoints/train.1.pth",
    0.4745686622967766,
    {
      "epoch_mcc": 0.4745686622967766,
      "mcc": 0.4684527686298893,
      "loss": 0.12294585157743625
    }
  ],
  "epoch_1": [
    "output/004_vsb_naive/fold3/checkpoints/train.2.pth",
    0.7750736561654454,
    {
      "epoch_mcc": 0.7750736561654454,
      "mcc": 0.7558796027180223,
      "loss": 0.0726163928844227
    }
  ],
  "epoch_2": [
    "output/004_vsb_naive/fold3/checkpoints/train.3.pth",
    0.8000122892513442,
    {
      "epoch_mcc": 0.8000122892513442,
      "mcc": 0.78221030635946,
      "loss": 0.0832077490739691
    }
  ],
  "epoch_3": [
    "output/004_vsb_naive/fold3/checkpoints/train.4.pth",
    0.7898668522271008,
    {
      "epoch_mcc": 0.7898668522271008,
      "mcc": 0.7609721010902408,
      "loss": 0.07349485764840999
    }
  ],
  "epoch_4": [
    "output/004_vsb_naive/fold3/checkpoints/train.5.pth",
    0.8421808997964741,
    {
      "epoch_mcc": 0.8421808997964741,
      "mcc": 0.8097669661705431,
      "loss": 0.066392292279795
    }
  ],
  "epoch_5": [
    "output/004_vsb_naive/fold3/checkpoints/train.6.pth",
    0.8076158460909856,
    {
      "epoch_mcc": 0.8076158460909856,
      "mcc": 0.7849516823240683,
      "loss": 0.07185527868248304
    }
  ],
  "epoch_6": [
    "output/004_vsb_naive/fold3/checkpoints/train.7.pth",
    0.753325610992522,
    {
      "epoch_mcc": 0.753325610992522,
      "mcc": 0.6518096001593181,
      "loss": 0.07131985742310239
    }
  ],
  "epoch_7": [
    "output/004_vsb_naive/fold3/checkpoints/train.8.pth",
    0.7572175552328779,
    {
      "epoch_mcc": 0.7572175552328779,
      "mcc": 0.6755142473907231,
      "loss": 0.07702559552663575
    }
  ],
  "epoch_8": [
    "output/004_vsb_naive/fold3/checkpoints/train.9.pth",
    0.8179700510363267,
    {
      "epoch_mcc": 0.8179700510363267,
      "mcc": 0.7819267578201422,
      "loss": 0.06393580652273255
    }
  ],
  "epoch_9": [
    "output/004_vsb_naive/fold3/checkpoints/train.10.pth",
    0.825047249896816,
    {
      "epoch_mcc": 0.825047249896816,
      "mcc": 0.7857873849367155,
      "loss": 0.07392024861812181
    }
  ],
  "epoch_10": [
    "output/004_vsb_naive/fold3/checkpoints/train.11.pth",
    0.5239686972694962,
    {
      "epoch_mcc": 0.5239686972694962,
      "mcc": 0.5185681001018165,
      "loss": 0.12882570435073412
    }
  ],
  "epoch_11": [
    "output/004_vsb_naive/fold3/checkpoints/train.12.pth",
    0.6755101974005165,
    {
      "epoch_mcc": 0.6755101974005165,
      "mcc": 0.6164138953126405,
      "loss": 0.09135503261614585
    }
  ],
  "epoch_12": [
    "output/004_vsb_naive/fold3/checkpoints/train.13.pth",
    0.7584142148617222,
    {
      "epoch_mcc": 0.7584142148617222,
      "mcc": 0.7283821962018783,
      "loss": 0.09319750084934464
    }
  ],
  "epoch_13": [
    "output/004_vsb_naive/fold3/checkpoints/train.14.pth",
    0.7572175552328779,
    {
      "epoch_mcc": 0.7572175552328779,
      "mcc": 0.7296972125229159,
      "loss": 0.083970855459853
    }
  ],
  "epoch_14": [
    "output/004_vsb_naive/fold3/checkpoints/train.15.pth",
    0.7344814542175127,
    {
      "epoch_mcc": 0.7344814542175127,
      "mcc": 0.709132432829538,
      "loss": 0.0894591661808105
    }
  ],
  "epoch_15": [
    "output/004_vsb_naive/fold3/checkpoints/train.16.pth",
    0.7346501438288522,
    {
      "epoch_mcc": 0.7346501438288522,
      "mcc": 0.6601834912592848,
      "loss": 0.08772197278559515
    }
  ],
  "epoch_16": [
    "output/004_vsb_naive/fold3/checkpoints/train.17.pth",
    0.7730860936015557,
    {
      "epoch_mcc": 0.7730860936015557,
      "mcc": 0.7423860338683226,
      "loss": 0.07365572676319058
    }
  ],
  "epoch_17": [
    "output/004_vsb_naive/fold3/checkpoints/train.18.pth",
    0.7385563411121259,
    {
      "epoch_mcc": 0.7385563411121259,
      "mcc": 0.7164258040383314,
      "loss": 0.07029776524579258
    }
  ],
  "epoch_18": [
    "output/004_vsb_naive/fold3/checkpoints/train.19.pth",
    0.5883926596577903,
    {
      "epoch_mcc": 0.5883926596577903,
      "mcc": 0.5358873680502549,
      "loss": 0.11641473396201962
    }
  ],
  "epoch_19": [
    "output/004_vsb_naive/fold3/checkpoints/train.20.pth",
    0.7755132653824471,
    {
      "epoch_mcc": 0.7755132653824471,
      "mcc": 0.6838663243724966,
      "loss": 0.07074953819562564
    }
  ],
  "epoch_20": [
    "output/004_vsb_naive/fold3/checkpoints/train.21.pth",
    0.5848684382124728,
    {
      "epoch_mcc": 0.5848684382124728,
      "mcc": 0.5770608359691639,
      "loss": 0.11281588895441948
    }
  ],
  "epoch_21": [
    "output/004_vsb_naive/fold3/checkpoints/train.22.pth",
    0.7013551460582699,
    {
      "epoch_mcc": 0.7013551460582699,
      "mcc": 0.6504473364229818,
      "loss": 0.10607907732567155
    }
  ],
  "epoch_22": [
    "output/004_vsb_naive/fold3/checkpoints/train.23.pth",
    0.7000280245418623,
    {
      "epoch_mcc": 0.7000280245418623,
      "mcc": 0.6868789452041796,
      "loss": 0.08818435577896909
    }
  ],
  "epoch_23": [
    "output/004_vsb_naive/fold3/checkpoints/train.24.pth",
    0.7516022226552233,
    {
      "epoch_mcc": 0.7516022226552233,
      "mcc": 0.7283374140875978,
      "loss": 0.08875863643270146
    }
  ],
  "epoch_24": [
    "output/004_vsb_naive/fold3/checkpoints/train.25.pth",
    0.6752706515196818,
    {
      "epoch_mcc": 0.6752706515196818,
      "mcc": 0.609246072741999,
      "loss": 0.10450880739215934
    }
  ],
  "epoch_25": [
    "output/004_vsb_naive/fold3/checkpoints/train.26.pth",
    0.7143155478174341,
    {
      "epoch_mcc": 0.7143155478174341,
      "mcc": 0.6885517300273349,
      "loss": 0.09758548226957682
    }
  ],
  "epoch_26": [
    "output/004_vsb_naive/fold3/checkpoints/train.27.pth",
    0.7697351146593608,
    {
      "epoch_mcc": 0.7697351146593608,
      "mcc": 0.7152565713383163,
      "loss": 0.08454719410885427
    }
  ],
  "epoch_27": [
    "output/004_vsb_naive/fold3/checkpoints/train.28.pth",
    0.7629485896210034,
    {
      "epoch_mcc": 0.7629485896210034,
      "mcc": 0.7261349970920203,
      "loss": 0.07952323730990112
    }
  ],
  "epoch_28": [
    "output/004_vsb_naive/fold3/checkpoints/train.29.pth",
    0.7298846804599961,
    {
      "epoch_mcc": 0.7298846804599961,
      "mcc": 0.7034246134391309,
      "loss": 0.08396600045763893
    }
  ],
  "epoch_29": [
    "output/004_vsb_naive/fold3/checkpoints/train.30.pth",
    0.7571392542808572,
    {
      "epoch_mcc": 0.7571392542808572,
      "mcc": 0.7277152565480552,
      "loss": 0.10862541847610638
    }
  ],
  "epoch_30": [
    "output/004_vsb_naive/fold3/checkpoints/train.31.pth",
    0.6547609470163921,
    {
      "epoch_mcc": 0.6547609470163921,
      "mcc": 0.5810249713123109,
      "loss": 0.1338302540286683
    }
  ],
  "epoch_31": [
    "output/004_vsb_naive/fold3/checkpoints/train.32.pth",
    0.6954912691899015,
    {
      "epoch_mcc": 0.6954912691899015,
      "mcc": 0.6998097894327456,
      "loss": 0.13166619299970272
    }
  ],
  "epoch_32": [
    "output/004_vsb_naive/fold3/checkpoints/train.33.pth",
    0.6446824095218187,
    {
      "epoch_mcc": 0.6446824095218187,
      "mcc": 0.6166585635704747,
      "loss": 0.15074223780078033
    }
  ],
  "epoch_33": [
    "output/004_vsb_naive/fold3/checkpoints/train.34.pth",
    0.7516022226552233,
    {
      "epoch_mcc": 0.7516022226552233,
      "mcc": 0.7268577352494864,
      "loss": 0.08181425979082022
    }
  ],