{
  "best": {
    "epoch_mcc": 0.7150632891302477,
    "mcc": 0.7095859149566647,
    "loss": 0.11391542445413011
  },
  "last": {
    "epoch_mcc": 0.691425344195758,
    "mcc": 0.7015078179493355,
    "loss": 0.15620104208742486
  },
  "train.16": {
    "epoch_mcc": 0.7150632891302477,
    "mcc": 0.7095859149566647,
    "loss": 0.11391542445413011
  },
  "epoch_0": [
    "output/004_vsb_naive_multirun/multirun/seed6/fold1/checkpoints/train.1.pth",
    0.5484282466105435,
    {
      "epoch_mcc": 0.5484282466105435,
      "mcc": 0.5659679125801378,
      "loss": 0.10597076960767197
    }
  ],
  "epoch_1": [
    "output/004_vsb_naive_multirun/multirun/seed6/fold1/checkpoints/train.2.pth",
    0.6215581659050019,
    {
      "epoch_mcc": 0.6215581659050019,
      "mcc": 0.623873823535501,
      "loss": 0.11137048146092748
    }
  ],
  "epoch_2": [
    "output/004_vsb_naive_multirun/multirun/seed6/fold1/checkpoints/train.3.pth",
    0.592402652152653,
    {
      "epoch_mcc": 0.592402652152653,
      "mcc": 0.594158740263008,
      "loss": 0.11804375189024692
    }
  ],
  "epoch_3": [
    "output/004_vsb_naive_multirun/multirun/seed6/fold1/checkpoints/train.4.pth",
    0.5852678695581277,
    {
      "epoch_mcc": 0.5852678695581277,
      "mcc": 0.5824562729123184,
      "loss": 0.10466953535626759
    }
  ],
  "epoch_4": [
    "output/004_vsb_naive_multirun/multirun/seed6/fold1/checkpoints/train.5.pth",
    0.6890135898097761,
    {
      "epoch_mcc": 0.6890135898097761,
      "mcc": 0.6764033968546305,
      "loss": 0.10952699735837632
    }
  ],
  "epoch_5": [
    "output/004_vsb_naive_multirun/multirun/seed6/fold1/checkpoints/train.6.pth",
    0.6820536282526075,
    {
      "epoch_mcc": 0.6820536282526075,
      "mcc": 0.6731850517620336,
      "loss": 0.10789538629468459
    }
  ],
  "epoch_6": [
    "output/004_vsb_naive_multirun/multirun/seed6/fold1/checkpoints/train.7.pth",
    0.663886364849314,
    {
      "epoch_mcc": 0.663886364849314,
      "mcc": 0.6691236841539322,
      "loss": 0.1077408622790019
    }
  ],
  "epoch_7": [
    "output/004_vsb_naive_multirun/multirun/seed6/fold1/checkpoints/train.8.pth",
    0.6354776607699181,
    {
      "epoch_mcc": 0.6354776607699181,
      "mcc": 0.6484306030986632,
      "loss": 0.11311087243759078
    }
  ],
  "epoch_8": [
    "output/004_vsb_naive_multirun/multirun/seed6/fold1/checkpoints/train.9.pth",
    0.563981371233434,
    {
      "epoch_mcc": 0.563981371233434,
      "mcc": 0.5615230969731623,
      "loss": 0.1256283267357879
    }
  ],
  "epoch_9": [
    "output/004_vsb_naive_multirun/multirun/seed6/fold1/checkpoints/train.10.pth",
    0.626424956964329,
    {
      "epoch_mcc": 0.626424956964329,
      "mcc": 0.6303709395581678,
      "loss": 0.10713432995336396
    }
  ],
  "epoch_10": [
    "output/004_vsb_naive_multirun/multirun/seed6/fold1/checkpoints/train.11.pth",
    0.642177996554393,
    {
      "epoch_mcc": 0.642177996554393,
      "mcc": 0.6503692089575013,
      "loss": 0.12122534772640867
    }
  ],
  "epoch_11": [
    "output/004_vsb_naive_multirun/multirun/seed6/fold1/checkpoints/train.12.pth",
    0.6260931054257936,
    {
      "epoch_mcc": 0.6260931054257936,
      "mcc": 0.6322263305256449,
      "loss": 0.12849084135920785
    }
  ],
  "epoch_12": [
    "output/004_vsb_naive_multirun/multirun/seed6/fold1/checkpoints/train.13.pth",
    0.6014625689458136,
    {
      "epoch_mcc": 0.6014625689458136,
      "mcc": 0.5926517358591551,
      "loss": 0.1715388083493853
    }
  ],
  "epoch_13": [
    "output/004_vsb_naive_multirun/multirun/seed6/fold1/checkpoints/train.14.pth",
    0.5876433185730329,
    {
      "epoch_mcc": 0.5876433185730329,
      "mcc": 0.585660446942359,
      "loss": 0.1233306094080774
    }
  ],
  "epoch_14": [
    "output/004_vsb_naive_multirun/multirun/seed6/fold1/checkpoints/train.15.pth",
    0.6623324998037066,
    {
      "epoch_mcc": 0.6623324998037066,
      "mcc": 0.6733198733994199,
      "loss": 0.12265011885567294
    }
  ],
  "epoch_15": [
    "output/004_vsb_naive_multirun/multirun/seed6/fold1/checkpoints/train.16.pth",
    0.7150632891302477,
    {
      "epoch_mcc": 0.7150632891302477,
      "mcc": 0.7095859149566647,
      "loss": 0.11391542445413011
    }
  ],
  "epoch_16": [
    "output/004_vsb_naive_multirun/multirun/seed6/fold1/checkpoints/train.17.pth",
    0.6772012637143808,
    {
      "epoch_mcc": 0.6772012637143808,
      "mcc": 0.6663184385084912,
      "loss": 0.11931964578732156
    }
  ],
  "epoch_17": [
    "output/004_vsb_naive_multirun/multirun/seed6/fold1/checkpoints/train.18.pth",
    0.5665177692592653,
    {
      "epoch_mcc": 0.5665177692592653,
      "mcc": 0.5606429659145513,
      "loss": 0.1699441694582391
    }
  ],
  "epoch_18": [
    "output/004_vsb_naive_multirun/multirun/seed6/fold1/checkpoints/train.19.pth",
    0.6827823679045434,
    {
      "epoch_mcc": 0.6827823679045434,
      "mcc": 0.6816483912694129,
      "loss": 0.11723096101911876
    }
  ],
  "epoch_19": [
    "output/004_vsb_naive_multirun/multirun/seed6/fold1/checkpoints/train.20.pth",
    0.49969689599514777,
    {
      "epoch_mcc": 0.49969689599514777,
      "mcc": 0.5150188809553009,
      "loss": 0.15508958038179887
    }
  ],
  "epoch_20": [
    "output/004_vsb_naive_multirun/multirun/seed6/fold1/checkpoints/train.21.pth",
    0.6820536282526075,
    {
      "epoch_mcc": 0.6820536282526075,
      "mcc": 0.6746348221629234,
      "loss": 0.12645016820931393
    }
  ],
  "epoch_21": [
    "output/004_vsb_naive_multirun/multirun/seed6/fold1/checkpoints/train.22.pth",
    0.680097874672185,
    {
      "epoch_mcc": 0.680097874672185,
      "mcc": 0.6678721012541334,
      "loss": 0.1423737972897835
    }
  ],
  "epoch_22": [
    "output/004_vsb_naive_multirun/multirun/seed6/fold1/checkpoints/train.23.pth",
    0.6346498016735805,
    {
      "epoch_mcc": 0.6346498016735805,
      "mcc": 0.6417666826068047,
      "loss": 0.1287800824067679
    }
  ],
  "epoch_23": [
    "output/004_vsb_naive_multirun/multirun/seed6/fold1/checkpoints/train.24.pth",
    0.5876433185730329,
    {
      "epoch_mcc": 0.5876433185730329,
      "mcc": 0.5862127448537655,
      "loss": 0.1458863802061844
    }
  ],
  "epoch_24": [
    "output/004_vsb_naive_multirun/multirun/seed6/fold1/checkpoints/train.25.pth",
    0.43574611445768097,
    {
      "epoch_mcc": 0.43574611445768097,
      "mcc": 0.41288071902349627,
      "loss": 0.19159935455827007
    }
  ],
  "epoch_25": [
    "output/004_vsb_naive_multirun/multirun/seed6/fold1/checkpoints/train.26.pth",
    0.65505292209505,
    {
      "epoch_mcc": 0.65505292209505,
      "mcc": 0.662118190386308,
      "loss": 0.1226085762328207
    }
  ],
  "epoch_26": [
    "output/004_vsb_naive_multirun/multirun/seed6/fold1/checkpoints/train.27.pth",
    0.6295487902802823,
    {
      "epoch_mcc": 0.6295487902802823,
      "mcc": 0.6228123152623322,
      "loss": 0.12181000012692814
    }
  ],
  "epoch_27": [
    "output/004_vsb_naive_multirun/multirun/seed6/fold1/checkpoints/train.28.pth",
    0.49969689599514777,
    {
      "epoch_mcc": 0.49969689599514777,
      "mcc": 0.5102323874954997,
      "loss": 0.12015789867781115
    }
  ],
  "epoch_28": [
    "output/004_vsb_naive_multirun/multirun/seed6/fold1/checkpoints/train.29.pth",
    0.6004373311544063,
    {
      "epoch_mcc": 0.6004373311544063,
      "mcc": 0.5964413605478309,
      "loss": 0.12461298459214311
    }
  ],
  "epoch_29": [
    "output/004_vsb_naive_multirun/multirun/seed6/fold1/checkpoints/train.30.pth",
    0.5743055587790935,
    {
      "epoch_mcc": 0.5743055587790935,
      "mcc": 0.564678845470434,
      "loss": 0.1338235407221338
    }
  ],
  "epoch_30": [
    "output/004_vsb_naive_multirun/multirun/seed6/fold1/checkpoints/train.31.pth",
    0.6155120297510608,
    {
      "epoch_mcc": 0.6155120297510608,
      "mcc": 0.6203706080260227,
      "loss": 0.14148024183003916
    }
  ],