{
  "best": {
    "epoch_mcc": 0.7405340866048695,
    "mcc": 0.7487967129718698,
    "loss": 0.17852601551301714
  },
  "last": {
    "epoch_mcc": 0.7080458806960408,
    "mcc": 0.6998933731604804,
    "loss": 0.11388114387756165
  },
  "train.29": {
    "epoch_mcc": 0.7405340866048695,
    "mcc": 0.7487967129718698,
    "loss": 0.17852601551301714
  },
  "epoch_0": [
    "output/004_vsb_naive_multirun/multirun/seed6/fold1/checkpoints/train.1.pth",
    0.6108937472267294,
    {
      "epoch_mcc": 0.6108937472267294,
      "mcc": 0.6089847096774285,
      "loss": 0.4256289102226855
    }
  ],
  "epoch_1": [
    "output/004_vsb_naive_multirun/multirun/seed6/fold1/checkpoints/train.2.pth",
    0.26008209656363285,
    {
      "epoch_mcc": 0.26008209656363285,
      "mcc": 0.2576029133423043,
      "loss": 0.5243390040430472
    }
  ],
  "epoch_2": [
    "output/004_vsb_naive_multirun/multirun/seed6/fold1/checkpoints/train.3.pth",
    0.6060716983117147,
    {
      "epoch_mcc": 0.6060716983117147,
      "mcc": 0.6296719244226737,
      "loss": 0.19458578857825667
    }
  ],
  "epoch_3": [
    "output/004_vsb_naive_multirun/multirun/seed6/fold1/checkpoints/train.4.pth",
    0.7150632891302477,
    {
      "epoch_mcc": 0.7150632891302477,
      "mcc": 0.7278655486849333,
      "loss": 0.15011455472590796
    }
  ],
  "epoch_4": [
    "output/004_vsb_naive_multirun/multirun/seed6/fold1/checkpoints/train.5.pth",
    0.592402652152653,
    {
      "epoch_mcc": 0.592402652152653,
      "mcc": 0.6134109863735807,
      "loss": 0.18061576232237167
    }
  ],
  "epoch_5": [
    "output/004_vsb_naive_multirun/multirun/seed6/fold1/checkpoints/train.6.pth",
    0.6890135898097761,
    {
      "epoch_mcc": 0.6890135898097761,
      "mcc": 0.697464345153165,
      "loss": 0.19412412598293127
    }
  ],
  "epoch_6": [
    "output/004_vsb_naive_multirun/multirun/seed6/fold1/checkpoints/train.7.pth",
    0.5672789305038913,
    {
      "epoch_mcc": 0.5672789305038913,
      "mcc": 0.5784911947912654,
      "loss": 0.23381968222160962
    }
  ],
  "epoch_7": [
    "output/004_vsb_naive_multirun/multirun/seed6/fold1/checkpoints/train.8.pth",
    0.7038735983686524,
    {
      "epoch_mcc": 0.7038735983686524,
      "mcc": 0.7198876970831103,
      "loss": 0.23663773322269552
    }
  ],
  "epoch_8": [
    "output/004_vsb_naive_multirun/multirun/seed6/fold1/checkpoints/train.9.pth",
    0.6951162093271308,
    {
      "epoch_mcc": 0.6951162093271308,
      "mcc": 0.6895336506158529,
      "loss": 0.15131036137036735
    }
  ],
  "epoch_9": [
    "output/004_vsb_naive_multirun/multirun/seed6/fold1/checkpoints/train.10.pth",
    0.68938786056894,
    {
      "epoch_mcc": 0.68938786056894,
      "mcc": 0.7020808382990034,
      "loss": 0.11460594558469606
    }
  ],
  "epoch_10": [
    "output/004_vsb_naive_multirun/multirun/seed6/fold1/checkpoints/train.11.pth",
    0.6434840065120163,
    {
      "epoch_mcc": 0.6434840065120163,
      "mcc": 0.6442980639726141,
      "loss": 0.15806795979838772
    }
  ],
  "epoch_11": [
    "output/004_vsb_naive_multirun/multirun/seed6/fold1/checkpoints/train.12.pth",
    0.6351302536751008,
    {
      "epoch_mcc": 0.6351302536751008,
      "mcc": 0.6364955027822822,
      "loss": 0.16077795545225915
    }
  ],
  "epoch_12": [
    "output/004_vsb_naive_multirun/multirun/seed6/fold1/checkpoints/train.13.pth",
    0.6931229280250475,
    {
      "epoch_mcc": 0.6931229280250475,
      "mcc": 0.6956717980810473,
      "loss": 0.12609397033918746
    }
  ],
  "epoch_13": [
    "output/004_vsb_naive_multirun/multirun/seed6/fold1/checkpoints/train.14.pth",
    0.6352538176963314,
    {
      "epoch_mcc": 0.6352538176963314,
      "mcc": 0.6324800619964122,
      "loss": 0.36441475245300137
    }
  ],
  "epoch_14": [
    "output/004_vsb_naive_multirun/multirun/seed6/fold1/checkpoints/train.15.pth",
    0.6843211665914187,
    {
      "epoch_mcc": 0.6843211665914187,
      "mcc": 0.696160043695839,
      "loss": 0.10082320420138807
    }
  ],
  "epoch_15": [
    "output/004_vsb_naive_multirun/multirun/seed6/fold1/checkpoints/train.16.pth",
    0.6641529004121258,
    {
      "epoch_mcc": 0.6641529004121258,
      "mcc": 0.6609997721812508,
      "loss": 0.09938491244837257
    }
  ],
  "epoch_16": [
    "output/004_vsb_naive_multirun/multirun/seed6/fold1/checkpoints/train.17.pth",
    0.5733190160267502,
    {
      "epoch_mcc": 0.5733190160267502,
      "mcc": 0.5822335263586702,
      "loss": 0.3863487841237638
    }
  ],
  "epoch_17": [
    "output/004_vsb_naive_multirun/multirun/seed6/fold1/checkpoints/train.18.pth",
    0.723302707900909,
    {
      "epoch_mcc": 0.723302707900909,
      "mcc": 0.7363809589607448,
      "loss": 0.12469309024679476
    }
  ],
  "epoch_18": [
    "output/004_vsb_naive_multirun/multirun/seed6/fold1/checkpoints/train.19.pth",
    0.6963084575253876,
    {
      "epoch_mcc": 0.6963084575253876,
      "mcc": 0.7036986239306167,
      "loss": 0.12619277732302522
    }
  ],
  "epoch_19": [
    "output/004_vsb_naive_multirun/multirun/seed6/fold1/checkpoints/train.20.pth",
    0.37024086098298625,
    {
      "epoch_mcc": 0.37024086098298625,
      "mcc": 0.3693694125367952,
      "loss": 0.28647154641438677
    }
  ],
  "epoch_20": [
    "output/004_vsb_naive_multirun/multirun/seed6/fold1/checkpoints/train.21.pth",
    0.6563323945509507,
    {
      "epoch_mcc": 0.6563323945509507,
      "mcc": 0.6539902582964585,
      "loss": 0.12808616079787585
    }
  ],
  "epoch_21": [
    "output/004_vsb_naive_multirun/multirun/seed6/fold1/checkpoints/train.22.pth",
    0.6139573761676307,
    {
      "epoch_mcc": 0.6139573761676307,
      "mcc": 0.622269080446106,
      "loss": 0.11109471164656588
    }
  ],
  "epoch_22": [
    "output/004_vsb_naive_multirun/multirun/seed6/fold1/checkpoints/train.23.pth",
    0.6914140961895843,
    {
      "epoch_mcc": 0.6914140961895843,
      "mcc": 0.6907954358527297,
      "loss": 0.171829077519361
    }
  ],
  "epoch_23": [
    "output/004_vsb_naive_multirun/multirun/seed6/fold1/checkpoints/train.24.pth",
    0.6843211665914187,
    {
      "epoch_mcc": 0.6843211665914187,
      "mcc": 0.690112335192502,
      "loss": 0.12623811536268195
    }
  ],
  "epoch_24": [
    "output/004_vsb_naive_multirun/multirun/seed6/fold1/checkpoints/train.25.pth",
    0.5548494579859387,
    {
      "epoch_mcc": 0.5548494579859387,
      "mcc": 0.5566714562489037,
      "loss": 0.20981055413486624
    }
  ],
  "epoch_25": [
    "output/004_vsb_naive_multirun/multirun/seed6/fold1/checkpoints/train.26.pth",
    0.6349670836438361,
    {
      "epoch_mcc": 0.6349670836438361,
      "mcc": 0.6406766671613169,
      "loss": 0.11077652639499425
    }
  ],
  "epoch_26": [
    "output/004_vsb_naive_multirun/multirun/seed6/fold1/checkpoints/train.27.pth",
    0.723302707900909,
    {
      "epoch_mcc": 0.723302707900909,
      "mcc": 0.7220534183420544,
      "loss": 0.10702034533536783
    }
  ],
  "epoch_27": [
    "output/004_vsb_naive_multirun/multirun/seed6/fold1/checkpoints/train.28.pth",
    0.6820536282526075,
    {
      "epoch_mcc": 0.6820536282526075,
      "mcc": 0.6972902968628664,
      "loss": 0.129970054374607
    }
  ],
  "epoch_28": [
    "output/004_vsb_naive_multirun/multirun/seed6/fold1/checkpoints/train.29.pth",
    0.7405340866048695,
    {
      "epoch_mcc": 0.7405340866048695,
      "mcc": 0.7487967129718698,
      "loss": 0.17852601551301714
    }
  ],
  "epoch_29": [
    "output/004_vsb_naive_multirun/multirun/seed6/fold1/checkpoints/train.30.pth",
    0.65685468314116,
    {
      "epoch_mcc": 0.65685468314116,
      "mcc": 0.6667298406006117,
      "loss": 0.18520958670342852
    }
  ],
  "epoch_30": [
    "output/004_vsb_naive_multirun/multirun/seed6/fold1/checkpoints/train.31.pth",
    0.680097874672185,
    {
      "epoch_mcc": 0.680097874672185,
      "mcc": 0.6836379855102283,
      "loss": 0.11283489793744227
    }
  ],