{
  "best": {
    "epoch_mcc": 0.7080458806960408,
    "mcc": 0.6905049408636869,
    "loss": 0.12410947476576199
  },
  "last": {
    "epoch_mcc": 0.5538227957877407,
    "mcc": 0.5507553171319266,
    "loss": 0.14899573804692023
  },
  "train.41": {
    "epoch_mcc": 0.7080458806960408,
    "mcc": 0.6905049408636869,
    "loss": 0.12410947476576199
  },
  "epoch_0": [
    "output/004_vsb_naive_multirun/multirun/seed4/fold2/checkpoints/train.1.pth",
    0.6120923842394463,
    {
      "epoch_mcc": 0.6120923842394463,
      "mcc": 0.6109082522096747,
      "loss": 0.35436868554753814
    }
  ],
  "epoch_1": [
    "output/004_vsb_naive_multirun/multirun/seed4/fold2/checkpoints/train.2.pth",
    0.669496836133266,
    {
      "epoch_mcc": 0.669496836133266,
      "mcc": 0.645863857854455,
      "loss": 0.2301782858710281
    }
  ],
  "epoch_2": [
    "output/004_vsb_naive_multirun/multirun/seed4/fold2/checkpoints/train.3.pth",
    0.5982166325732848,
    {
      "epoch_mcc": 0.5982166325732848,
      "mcc": 0.58121720949675,
      "loss": 0.24671835420258895
    }
  ],
  "epoch_3": [
    "output/004_vsb_naive_multirun/multirun/seed4/fold2/checkpoints/train.4.pth",
    0.5207440304284745,
    {
      "epoch_mcc": 0.5207440304284745,
      "mcc": 0.5062851740676038,
      "loss": 0.23079245802970433
    }
  ],
  "epoch_4": [
    "output/004_vsb_naive_multirun/multirun/seed4/fold2/checkpoints/train.5.pth",
    0.6733489357440537,
    {
      "epoch_mcc": 0.6733489357440537,
      "mcc": 0.6649137360658112,
      "loss": 0.19769009339932525
    }
  ],
  "epoch_5": [
    "output/004_vsb_naive_multirun/multirun/seed4/fold2/checkpoints/train.6.pth",
    0.6850581056126488,
    {
      "epoch_mcc": 0.6850581056126488,
      "mcc": 0.674321030664645,
      "loss": 0.2197030630097332
    }
  ],
  "epoch_6": [
    "output/004_vsb_naive_multirun/multirun/seed4/fold2/checkpoints/train.7.pth",
    0.5313778261755465,
    {
      "epoch_mcc": 0.5313778261755465,
      "mcc": 0.48433742544305414,
      "loss": 0.1552525440715061
    }
  ],
  "epoch_7": [
    "output/004_vsb_naive_multirun/multirun/seed4/fold2/checkpoints/train.8.pth",
    0.5746468640144485,
    {
      "epoch_mcc": 0.5746468640144485,
      "mcc": 0.5619429731666703,
      "loss": 0.15517984959016362
    }
  ],
  "epoch_8": [
    "output/004_vsb_naive_multirun/multirun/seed4/fold2/checkpoints/train.9.pth",
    0.5702562701916791,
    {
      "epoch_mcc": 0.5702562701916791,
      "mcc": 0.5551859818028178,
      "loss": 0.18200873179608082
    }
  ],
  "epoch_9": [
    "output/004_vsb_naive_multirun/multirun/seed4/fold2/checkpoints/train.10.pth",
    0.5971142929600657,
    {
      "epoch_mcc": 0.5971142929600657,
      "mcc": 0.6075849240272657,
      "loss": 0.20750931572175477
    }
  ],
  "epoch_10": [
    "output/004_vsb_naive_multirun/multirun/seed4/fold2/checkpoints/train.11.pth",
    0.4340788906084063,
    {
      "epoch_mcc": 0.4340788906084063,
      "mcc": 0.4369055408688873,
      "loss": 0.334370250084314
    }
  ],
  "epoch_11": [
    "output/004_vsb_naive_multirun/multirun/seed4/fold2/checkpoints/train.12.pth",
    0.5012476912734347,
    {
      "epoch_mcc": 0.5012476912734347,
      "mcc": 0.5081844987944513,
      "loss": 0.24011976368045643
    }
  ],
  "epoch_12": [
    "output/004_vsb_naive_multirun/multirun/seed4/fold2/checkpoints/train.13.pth",
    0.4858987765771258,
    {
      "epoch_mcc": 0.4858987765771258,
      "mcc": 0.4922452413379098,
      "loss": 0.1550665547022926
    }
  ],
  "epoch_13": [
    "output/004_vsb_naive_multirun/multirun/seed4/fold2/checkpoints/train.14.pth",
    0.39555131799749976,
    {
      "epoch_mcc": 0.39555131799749976,
      "mcc": 0.38984822628395316,
      "loss": 0.14165492971362018
    }
  ],
  "epoch_14": [
    "output/004_vsb_naive_multirun/multirun/seed4/fold2/checkpoints/train.15.pth",
    0.48025814416477564,
    {
      "epoch_mcc": 0.48025814416477564,
      "mcc": 0.4759857539795119,
      "loss": 0.13844195298093936
    }
  ],
  "epoch_15": [
    "output/004_vsb_naive_multirun/multirun/seed4/fold2/checkpoints/train.16.pth",
    0.42137914671724624,
    {
      "epoch_mcc": 0.42137914671724624,
      "mcc": 0.4051157526554139,
      "loss": 0.13724728977618653
    }
  ],
  "epoch_16": [
    "output/004_vsb_naive_multirun/multirun/seed4/fold2/checkpoints/train.17.pth",
    0.6350319806837575,
    {
      "epoch_mcc": 0.6350319806837575,
      "mcc": 0.6278278007074444,
      "loss": 0.17418596597321062
    }
  ],
  "epoch_17": [
    "output/004_vsb_naive_multirun/multirun/seed4/fold2/checkpoints/train.18.pth",
    0.44150472198625607,
    {
      "epoch_mcc": 0.44150472198625607,
      "mcc": 0.4375395095145893,
      "loss": 0.352548676441951
    }
  ],
  "epoch_18": [
    "output/004_vsb_naive_multirun/multirun/seed4/fold2/checkpoints/train.19.pth",
    0.5780146452730492,
    {
      "epoch_mcc": 0.5780146452730492,
      "mcc": 0.5823885590174912,
      "loss": 0.14556939889662443
    }
  ],
  "epoch_19": [
    "output/004_vsb_naive_multirun/multirun/seed4/fold2/checkpoints/train.20.pth",
    0.5442314656367138,
    {
      "epoch_mcc": 0.5442314656367138,
      "mcc": 0.553769594383422,
      "loss": 0.23154647040490234
    }
  ],
  "epoch_20": [
    "output/004_vsb_naive_multirun/multirun/seed4/fold2/checkpoints/train.21.pth",
    0.6385329548894924,
    {
      "epoch_mcc": 0.6385329548894924,
      "mcc": 0.6251680123224373,
      "loss": 0.21591254081352648
    }
  ],
  "epoch_21": [
    "output/004_vsb_naive_multirun/multirun/seed4/fold2/checkpoints/train.22.pth",
    0.6215581659050019,
    {
      "epoch_mcc": 0.6215581659050019,
      "mcc": 0.607316002817549,
      "loss": 0.1402551563338035
    }
  ],
  "epoch_22": [
    "output/004_vsb_naive_multirun/multirun/seed4/fold2/checkpoints/train.23.pth",
    0.6157665428530914,
    {
      "epoch_mcc": 0.6157665428530914,
      "mcc": 0.6031709364682265,
      "loss": 0.2096110197640122
    }
  ],
  "epoch_23": [
    "output/004_vsb_naive_multirun/multirun/seed4/fold2/checkpoints/train.24.pth",
    0.3481881018203023,
    {
      "epoch_mcc": 0.3481881018203023,
      "mcc": 0.3651536717234426,
      "loss": 0.29313158022044244
    }
  ],
  "epoch_24": [
    "output/004_vsb_naive_multirun/multirun/seed4/fold2/checkpoints/train.25.pth",
    0.60046720540207,
    {
      "epoch_mcc": 0.60046720540207,
      "mcc": 0.5979519858380119,
      "loss": 0.13258079584309648
    }
  ],
  "epoch_25": [
    "output/004_vsb_naive_multirun/multirun/seed4/fold2/checkpoints/train.26.pth",
    0.6060716983117147,
    {
      "epoch_mcc": 0.6060716983117147,
      "mcc": 0.5919463054158254,
      "loss": 0.16043524367160927
    }
  ],
  "epoch_26": [
    "output/004_vsb_naive_multirun/multirun/seed4/fold2/checkpoints/train.27.pth",
    0.6068701383518478,
    {
      "epoch_mcc": 0.6068701383518478,
      "mcc": 0.6027880164235672,
      "loss": 0.12505970861948706
    }
  ],
  "epoch_27": [
    "output/004_vsb_naive_multirun/multirun/seed4/fold2/checkpoints/train.28.pth",
    0.49835943994191567,
    {
      "epoch_mcc": 0.49835943994191567,
      "mcc": 0.4814040147233594,
      "loss": 0.1630829484193953
    }
  ],
  "epoch_28": [
    "output/004_vsb_naive_multirun/multirun/seed4/fold2/checkpoints/train.29.pth",
    0.6463566467327208,
    {
      "epoch_mcc": 0.6463566467327208,
      "mcc": 0.6363858214439162,
      "loss": 0.12778653469892048
    }
  ],
  "epoch_29": [
    "output/004_vsb_naive_multirun/multirun/seed4/fold2/checkpoints/train.30.pth",
    0.5325420076961582,
    {
      "epoch_mcc": 0.5325420076961582,
      "mcc": 0.5326386174903077,
      "loss": 0.18801607286458172
    }
  ],
  "epoch_30": [
    "output/004_vsb_naive_multirun/multirun/seed4/fold2/checkpoints/train.31.pth",
    0.6446483180424849,
    {
      "epoch_mcc": 0.6446483180424849,
      "mcc": 0.6273266521733969,
      "loss": 0.15401789429317037
    }
  ],