{
  "best": {
    "epoch_mcc": 0.7750736561654454,
    "mcc": 0.7556190634930694,
    "loss": 0.09857435914304703
  },
  "last": {
    "epoch_mcc": 0.6772012637143808,
    "mcc": 0.6649342061838126,
    "loss": 0.16394174650388413
  },
  "train.13": {
    "epoch_mcc": 0.7750736561654454,
    "mcc": 0.7556190634930694,
    "loss": 0.09857435914304703
  },
  "epoch_0": [
    "output/004_vsb_naive_multirun/multirun/seed1/fold1/checkpoints/train.1.pth",
    0.704026588622696,
    {
      "epoch_mcc": 0.704026588622696,
      "mcc": 0.6960413193447459,
      "loss": 0.1376084693019854
    }
  ],
  "epoch_1": [
    "output/004_vsb_naive_multirun/multirun/seed1/fold1/checkpoints/train.2.pth",
    0.6563323945509507,
    {
      "epoch_mcc": 0.6563323945509507,
      "mcc": 0.6678832985506881,
      "loss": 0.10816353967288275
    }
  ],
  "epoch_2": [
    "output/004_vsb_naive_multirun/multirun/seed1/fold1/checkpoints/train.3.pth",
    0.6250477385774511,
    {
      "epoch_mcc": 0.6250477385774511,
      "mcc": 0.6019674978955329,
      "loss": 0.11365858964275781
    }
  ],
  "epoch_3": [
    "output/004_vsb_naive_multirun/multirun/seed1/fold1/checkpoints/train.4.pth",
    0.414451256584862,
    {
      "epoch_mcc": 0.414451256584862,
      "mcc": 0.42130816881578703,
      "loss": 0.13179194819496337
    }
  ],
  "epoch_4": [
    "output/004_vsb_naive_multirun/multirun/seed1/fold1/checkpoints/train.5.pth",
    0.7450684726478466,
    {
      "epoch_mcc": 0.7450684726478466,
      "mcc": 0.7271497467831278,
      "loss": 0.10057131271559278
    }
  ],
  "epoch_5": [
    "output/004_vsb_naive_multirun/multirun/seed1/fold1/checkpoints/train.6.pth",
    0.669496836133266,
    {
      "epoch_mcc": 0.669496836133266,
      "mcc": 0.6681495871914601,
      "loss": 0.09968199351363256
    }
  ],
  "epoch_6": [
    "output/004_vsb_naive_multirun/multirun/seed1/fold1/checkpoints/train.7.pth",
    0.7465774673822606,
    {
      "epoch_mcc": 0.7465774673822606,
      "mcc": 0.7436297709137317,
      "loss": 0.11242394987974642
    }
  ],
  "epoch_7": [
    "output/004_vsb_naive_multirun/multirun/seed1/fold1/checkpoints/train.8.pth",
    0.7001645483863671,
    {
      "epoch_mcc": 0.7001645483863671,
      "mcc": 0.6791998159951091,
      "loss": 0.10619820264551193
    }
  ],
  "epoch_8": [
    "output/004_vsb_naive_multirun/multirun/seed1/fold1/checkpoints/train.9.pth",
    0.6623324998037066,
    {
      "epoch_mcc": 0.6623324998037066,
      "mcc": 0.6498926720759537,
      "loss": 0.09856647181223674
    }
  ],
  "epoch_9": [
    "output/004_vsb_naive_multirun/multirun/seed1/fold1/checkpoints/train.10.pth",
    0.6282777762823895,
    {
      "epoch_mcc": 0.6282777762823895,
      "mcc": 0.6105829370051786,
      "loss": 0.11069013383528041
    }
  ],
  "epoch_10": [
    "output/004_vsb_naive_multirun/multirun/seed1/fold1/checkpoints/train.11.pth",
    0.7143155478174341,
    {
      "epoch_mcc": 0.7143155478174341,
      "mcc": 0.701284397884949,
      "loss": 0.1064126648252474
    }
  ],
  "epoch_11": [
    "output/004_vsb_naive_multirun/multirun/seed1/fold1/checkpoints/train.12.pth",
    0.6623324998037066,
    {
      "epoch_mcc": 0.6623324998037066,
      "mcc": 0.6332236311347794,
      "loss": 0.10637387184493513
    }
  ],
  "epoch_12": [
    "output/004_vsb_naive_multirun/multirun/seed1/fold1/checkpoints/train.13.pth",
    0.7750736561654454,
    {
      "epoch_mcc": 0.7750736561654454,
      "mcc": 0.7556190634930694,
      "loss": 0.09857435914304703
    }
  ],
  "epoch_13": [
    "output/004_vsb_naive_multirun/multirun/seed1/fold1/checkpoints/train.14.pth",
    0.7331362564421996,
    {
      "epoch_mcc": 0.7331362564421996,
      "mcc": 0.7289314712438582,
      "loss": 0.09834585524774869
    }
  ],
  "epoch_14": [
    "output/004_vsb_naive_multirun/multirun/seed1/fold1/checkpoints/train.15.pth",
    0.49835943994191567,
    {
      "epoch_mcc": 0.49835943994191567,
      "mcc": 0.5049552838552013,
      "loss": 0.13753649412867536
    }
  ],
  "epoch_15": [
    "output/004_vsb_naive_multirun/multirun/seed1/fold1/checkpoints/train.16.pth",
    0.7405340866048695,
    {
      "epoch_mcc": 0.7405340866048695,
      "mcc": 0.7200361664181779,
      "loss": 0.09931994418063796
    }
  ],
  "epoch_16": [
    "output/004_vsb_naive_multirun/multirun/seed1/fold1/checkpoints/train.17.pth",
    0.6951162093271308,
    {
      "epoch_mcc": 0.6951162093271308,
      "mcc": 0.6900476024566089,
      "loss": 0.10236410045172384
    }
  ],
  "epoch_17": [
    "output/004_vsb_naive_multirun/multirun/seed1/fold1/checkpoints/train.18.pth",
    0.617173519912,
    {
      "epoch_mcc": 0.617173519912,
      "mcc": 0.6273194156485739,
      "loss": 0.11048822117754596
    }
  ],
  "epoch_18": [
    "output/004_vsb_naive_multirun/multirun/seed1/fold1/checkpoints/train.19.pth",
    0.6951162093271308,
    {
      "epoch_mcc": 0.6951162093271308,
      "mcc": 0.6910359030660372,
      "loss": 0.1045825326247798
    }
  ],
  "epoch_19": [
    "output/004_vsb_naive_multirun/multirun/seed1/fold1/checkpoints/train.20.pth",
    0.7388904976777009,
    {
      "epoch_mcc": 0.7388904976777009,
      "mcc": 0.7407417439923579,
      "loss": 0.1037793629089444
    }
  ],
  "epoch_20": [
    "output/004_vsb_naive_multirun/multirun/seed1/fold1/checkpoints/train.21.pth",
    0.7013701169095784,
    {
      "epoch_mcc": 0.7013701169095784,
      "mcc": 0.6899226802095696,
      "loss": 0.11162137072180717
    }
  ],
  "epoch_21": [
    "output/004_vsb_naive_multirun/multirun/seed1/fold1/checkpoints/train.22.pth",
    0.6733489357440537,
    {
      "epoch_mcc": 0.6733489357440537,
      "mcc": 0.6605592332211652,
      "loss": 0.1306748160653188
    }
  ],
  "epoch_22": [
    "output/004_vsb_naive_multirun/multirun/seed1/fold1/checkpoints/train.23.pth",
    0.7331362564421996,
    {
      "epoch_mcc": 0.7331362564421996,
      "mcc": 0.725575064763949,
      "loss": 0.11519774530409946
    }
  ],
  "epoch_23": [
    "output/004_vsb_naive_multirun/multirun/seed1/fold1/checkpoints/train.24.pth",
    0.6446483180424849,
    {
      "epoch_mcc": 0.6446483180424849,
      "mcc": 0.6198617117559503,
      "loss": 0.12367619607411645
    }
  ],
  "epoch_24": [
    "output/004_vsb_naive_multirun/multirun/seed1/fold1/checkpoints/train.25.pth",
    0.6282777762823895,
    {
      "epoch_mcc": 0.6282777762823895,
      "mcc": 0.621505937913106,
      "loss": 0.11192878139511443
    }
  ],
  "epoch_25": [
    "output/004_vsb_naive_multirun/multirun/seed1/fold1/checkpoints/train.26.pth",
    0.5308965110845578,
    {
      "epoch_mcc": 0.5308965110845578,
      "mcc": 0.5247051503290708,
      "loss": 0.12673108179680043
    }
  ],
  "epoch_26": [
    "output/004_vsb_naive_multirun/multirun/seed1/fold1/checkpoints/train.27.pth",
    0.7405340866048695,
    {
      "epoch_mcc": 0.7405340866048695,
      "mcc": 0.7222170416234371,
      "loss": 0.10875660586275045
    }
  ],
  "epoch_27": [
    "output/004_vsb_naive_multirun/multirun/seed1/fold1/checkpoints/train.28.pth",
    0.5721002077102763,
    {
      "epoch_mcc": 0.5721002077102763,
      "mcc": 0.5656989631372319,
      "loss": 0.12916688559490308
    }
  ],
  "epoch_28": [
    "output/004_vsb_naive_multirun/multirun/seed1/fold1/checkpoints/train.29.pth",
    0.7331362564421996,
    {
      "epoch_mcc": 0.7331362564421996,
      "mcc": 0.6996057895492638,
      "loss": 0.13086879148232958
    }
  ],
  "epoch_29": [
    "output/004_vsb_naive_multirun/multirun/seed1/fold1/checkpoints/train.30.pth",
    0.7267238559031224,
    {
      "epoch_mcc": 0.7267238559031224,
      "mcc": 0.7038452595262649,
      "loss": 0.1186197746333485
    }
  ],
  "epoch_30": [
    "output/004_vsb_naive_multirun/multirun/seed1/fold1/checkpoints/train.31.pth",
    0.7223594912007809,
    {
      "epoch_mcc": 0.7223594912007809,
      "mcc": 0.7099463104620102,
      "loss": 0.11766201396201852
    }
  ],