{
  "best": {
    "epoch_mcc": 0.7808326175522479,
    "mcc": 0.7763833873254693,
    "loss": 0.10647172874509775
  },
  "last": {
    "epoch_mcc": 0.6820536282526075,
    "mcc": 0.6575142980137796,
    "loss": 0.1019424467817231
  },
  "train.35": {
    "epoch_mcc": 0.7808326175522479,
    "mcc": 0.7763833873254693,
    "loss": 0.10647172874509775
  },
  "epoch_0": [
    "output/004_vsb_naive_multirun/multirun/seed1/fold1/checkpoints/train.1.pth",
    0.6108937472267294,
    {
      "epoch_mcc": 0.6108937472267294,
      "mcc": 0.6085706722316757,
      "loss": 0.4252099377358021
    }
  ],
  "epoch_1": [
    "output/004_vsb_naive_multirun/multirun/seed1/fold1/checkpoints/train.2.pth",
    0.35474643768137215,
    {
      "epoch_mcc": 0.35474643768137215,
      "mcc": 0.3545670216156123,
      "loss": 0.45341036005808033
    }
  ],
  "epoch_2": [
    "output/004_vsb_naive_multirun/multirun/seed1/fold1/checkpoints/train.3.pth",
    0.6843211665914187,
    {
      "epoch_mcc": 0.6843211665914187,
      "mcc": 0.6677067097942869,
      "loss": 0.22193527180643788
    }
  ],
  "epoch_3": [
    "output/004_vsb_naive_multirun/multirun/seed1/fold1/checkpoints/train.4.pth",
    0.6820536282526075,
    {
      "epoch_mcc": 0.6820536282526075,
      "mcc": 0.6620067596206616,
      "loss": 0.3318118455590562
    }
  ],
  "epoch_4": [
    "output/004_vsb_naive_multirun/multirun/seed1/fold1/checkpoints/train.5.pth",
    0.765475469688337,
    {
      "epoch_mcc": 0.765475469688337,
      "mcc": 0.7506981894177448,
      "loss": 0.2763923922114446
    }
  ],
  "epoch_5": [
    "output/004_vsb_naive_multirun/multirun/seed1/fold1/checkpoints/train.6.pth",
    0.5558103975532335,
    {
      "epoch_mcc": 0.5558103975532335,
      "mcc": 0.569032237448439,
      "loss": 0.16392768891255743
    }
  ],
  "epoch_6": [
    "output/004_vsb_naive_multirun/multirun/seed1/fold1/checkpoints/train.7.pth",
    0.6577192733870525,
    {
      "epoch_mcc": 0.6577192733870525,
      "mcc": 0.6413261807312587,
      "loss": 0.13201940762401654
    }
  ],
  "epoch_7": [
    "output/004_vsb_naive_multirun/multirun/seed1/fold1/checkpoints/train.8.pth",
    0.569667525350253,
    {
      "epoch_mcc": 0.569667525350253,
      "mcc": 0.5765731783259309,
      "loss": 0.3042893590286964
    }
  ],
  "epoch_8": [
    "output/004_vsb_naive_multirun/multirun/seed1/fold1/checkpoints/train.9.pth",
    0.7516022226552233,
    {
      "epoch_mcc": 0.7516022226552233,
      "mcc": 0.7368118601922891,
      "loss": 0.12436934918319091
    }
  ],
  "epoch_9": [
    "output/004_vsb_naive_multirun/multirun/seed1/fold1/checkpoints/train.10.pth",
    0.726764518986448,
    {
      "epoch_mcc": 0.726764518986448,
      "mcc": 0.7112505931624404,
      "loss": 0.17565546321992004
    }
  ],
  "epoch_10": [
    "output/004_vsb_naive_multirun/multirun/seed1/fold1/checkpoints/train.11.pth",
    0.7750736561654454,
    {
      "epoch_mcc": 0.7750736561654454,
      "mcc": 0.7656738666817952,
      "loss": 0.14222352971000637
    }
  ],
  "epoch_11": [
    "output/004_vsb_naive_multirun/multirun/seed1/fold1/checkpoints/train.12.pth",
    0.7223594912007809,
    {
      "epoch_mcc": 0.7223594912007809,
      "mcc": 0.7109802461950971,
      "loss": 0.17266335752560227
    }
  ],
  "epoch_12": [
    "output/004_vsb_naive_multirun/multirun/seed1/fold1/checkpoints/train.13.pth",
    0.7388904976777009,
    {
      "epoch_mcc": 0.7388904976777009,
      "mcc": 0.7282673206781229,
      "loss": 0.145930641540767
    }
  ],
  "epoch_13": [
    "output/004_vsb_naive_multirun/multirun/seed1/fold1/checkpoints/train.14.pth",
    0.723302707900909,
    {
      "epoch_mcc": 0.723302707900909,
      "mcc": 0.7127449905802969,
      "loss": 0.12301213893135321
    }
  ],
  "epoch_14": [
    "output/004_vsb_naive_multirun/multirun/seed1/fold1/checkpoints/train.15.pth",
    0.6282777762823895,
    {
      "epoch_mcc": 0.6282777762823895,
      "mcc": 0.611360533581274,
      "loss": 0.191596977579409
    }
  ],
  "epoch_15": [
    "output/004_vsb_naive_multirun/multirun/seed1/fold1/checkpoints/train.16.pth",
    0.7649023959748208,
    {
      "epoch_mcc": 0.7649023959748208,
      "mcc": 0.748696793530233,
      "loss": 0.12703667681106395
    }
  ],
  "epoch_16": [
    "output/004_vsb_naive_multirun/multirun/seed1/fold1/checkpoints/train.17.pth",
    0.723302707900909,
    {
      "epoch_mcc": 0.723302707900909,
      "mcc": 0.7064052572185231,
      "loss": 0.11185582605368505
    }
  ],
  "epoch_17": [
    "output/004_vsb_naive_multirun/multirun/seed1/fold1/checkpoints/train.18.pth",
    0.7694099459550325,
    {
      "epoch_mcc": 0.7694099459550325,
      "mcc": 0.7571250233829271,
      "loss": 0.12531434356037802
    }
  ],
  "epoch_18": [
    "output/004_vsb_naive_multirun/multirun/seed1/fold1/checkpoints/train.19.pth",
    0.617173519912,
    {
      "epoch_mcc": 0.617173519912,
      "mcc": 0.6166364710732626,
      "loss": 0.12875213064958635
    }
  ],
  "epoch_19": [
    "output/004_vsb_naive_multirun/multirun/seed1/fold1/checkpoints/train.20.pth",
    0.33685362788726053,
    {
      "epoch_mcc": 0.33685362788726053,
      "mcc": 0.33619279861102513,
      "loss": 0.5791669190442911
    }
  ],
  "epoch_20": [
    "output/004_vsb_naive_multirun/multirun/seed1/fold1/checkpoints/train.21.pth",
    0.5949898558305198,
    {
      "epoch_mcc": 0.5949898558305198,
      "mcc": 0.6077506254654077,
      "loss": 0.11495194929089275
    }
  ],
  "epoch_21": [
    "output/004_vsb_naive_multirun/multirun/seed1/fold1/checkpoints/train.22.pth",
    0.6733489357440537,
    {
      "epoch_mcc": 0.6733489357440537,
      "mcc": 0.6571847815632651,
      "loss": 0.13342490251113542
    }
  ],
  "epoch_22": [
    "output/004_vsb_naive_multirun/multirun/seed1/fold1/checkpoints/train.23.pth",
    0.4341135208490012,
    {
      "epoch_mcc": 0.4341135208490012,
      "mcc": 0.4443594987074201,
      "loss": 0.46531307881957695
    }
  ],
  "epoch_23": [
    "output/004_vsb_naive_multirun/multirun/seed1/fold1/checkpoints/train.24.pth",
    0.5721002077102763,
    {
      "epoch_mcc": 0.5721002077102763,
      "mcc": 0.5808199706072428,
      "loss": 0.12076296525239534
    }
  ],
  "epoch_24": [
    "output/004_vsb_naive_multirun/multirun/seed1/fold1/checkpoints/train.25.pth",
    0.6139573761676307,
    {
      "epoch_mcc": 0.6139573761676307,
      "mcc": 0.6103007135070069,
      "loss": 0.1277787642819541
    }
  ],
  "epoch_25": [
    "output/004_vsb_naive_multirun/multirun/seed1/fold1/checkpoints/train.26.pth",
    0.7000280245418623,
    {
      "epoch_mcc": 0.7000280245418623,
      "mcc": 0.6834983291471342,
      "loss": 0.10542087615972542
    }
  ],
  "epoch_26": [
    "output/004_vsb_naive_multirun/multirun/seed1/fold1/checkpoints/train.27.pth",
    0.6554730132369709,
    {
      "epoch_mcc": 0.6554730132369709,
      "mcc": 0.6395179687734898,
      "loss": 0.14636892277792277
    }
  ],
  "epoch_27": [
    "output/004_vsb_naive_multirun/multirun/seed1/fold1/checkpoints/train.28.pth",
    0.5484282466105435,
    {
      "epoch_mcc": 0.5484282466105435,
      "mcc": 0.5126710552418936,
      "loss": 0.13529077582638357
    }
  ],
  "epoch_28": [
    "output/004_vsb_naive_multirun/multirun/seed1/fold1/checkpoints/train.29.pth",
    0.7478187077077585,
    {
      "epoch_mcc": 0.7478187077077585,
      "mcc": 0.7374098679766138,
      "loss": 0.12055093734789633
    }
  ],
  "epoch_29": [
    "output/004_vsb_naive_multirun/multirun/seed1/fold1/checkpoints/train.30.pth",
    0.727899918850555,
    {
      "epoch_mcc": 0.727899918850555,
      "mcc": 0.7089089556392506,
      "loss": 0.10119567639651274
    }
  ],
  "epoch_30": [
    "output/004_vsb_naive_multirun/multirun/seed1/fold1/checkpoints/train.31.pth",
    0.7223594912007809,
    {
      "epoch_mcc": 0.7223594912007809,
      "mcc": 0.7128667419330347,
      "loss": 0.11476667725485902
    }
  ],