{
  "best": {
    "epoch_mcc": 0.8306165093309449,
    "mcc": 0.8214877805165843,
    "loss": 0.11103393587567514
  },
  "last": {
    "epoch_mcc": 0.5517566347683349,
    "mcc": 0.5243835336741387,
    "loss": 0.1445790904216635
  },
  "train.36": {
    "epoch_mcc": 0.8306165093309449,
    "mcc": 0.8214877805165843,
    "loss": 0.11103393587567514
  },
  "epoch_0": [
    "output/004_vsb_naive_multirun/multirun/seed3/fold0/checkpoints/train.1.pth",
    0.26432401172897796,
    {
      "epoch_mcc": 0.26432401172897796,
      "mcc": 0.26331558413524675,
      "loss": 0.6718620316296969
    }
  ],
  "epoch_1": [
    "output/004_vsb_naive_multirun/multirun/seed3/fold0/checkpoints/train.2.pth",
    0.40225085638219343,
    {
      "epoch_mcc": 0.40225085638219343,
      "mcc": 0.399347634137697,
      "loss": 0.5062910425580922
    }
  ],
  "epoch_2": [
    "output/004_vsb_naive_multirun/multirun/seed3/fold0/checkpoints/train.3.pth",
    0.71920684904309,
    {
      "epoch_mcc": 0.71920684904309,
      "mcc": 0.6981656479619427,
      "loss": 0.2868581492703876
    }
  ],
  "epoch_3": [
    "output/004_vsb_naive_multirun/multirun/seed3/fold0/checkpoints/train.4.pth",
    0.7689793432384384,
    {
      "epoch_mcc": 0.7689793432384384,
      "mcc": 0.7520778097577548,
      "loss": 0.23804691010723836
    }
  ],
  "epoch_4": [
    "output/004_vsb_naive_multirun/multirun/seed3/fold0/checkpoints/train.5.pth",
    0.6360566180383076,
    {
      "epoch_mcc": 0.6360566180383076,
      "mcc": 0.6329602808693787,
      "loss": 0.4770925346627293
    }
  ],
  "epoch_5": [
    "output/004_vsb_naive_multirun/multirun/seed3/fold0/checkpoints/train.6.pth",
    0.6480103682818995,
    {
      "epoch_mcc": 0.6480103682818995,
      "mcc": 0.6177058157890161,
      "loss": 0.18815918133406548
    }
  ],
  "epoch_6": [
    "output/004_vsb_naive_multirun/multirun/seed3/fold0/checkpoints/train.7.pth",
    0.7207666527628952,
    {
      "epoch_mcc": 0.7207666527628952,
      "mcc": 0.7179816283853325,
      "loss": 0.3208510469959443
    }
  ],
  "epoch_7": [
    "output/004_vsb_naive_multirun/multirun/seed3/fold0/checkpoints/train.8.pth",
    0.665758893206992,
    {
      "epoch_mcc": 0.665758893206992,
      "mcc": 0.6332413867091385,
      "loss": 0.17397680414420602
    }
  ],
  "epoch_8": [
    "output/004_vsb_naive_multirun/multirun/seed3/fold0/checkpoints/train.9.pth",
    0.7338216065627307,
    {
      "epoch_mcc": 0.7338216065627307,
      "mcc": 0.7254492076846375,
      "loss": 0.29965215428971176
    }
  ],
  "epoch_9": [
    "output/004_vsb_naive_multirun/multirun/seed3/fold0/checkpoints/train.10.pth",
    0.6600932382075365,
    {
      "epoch_mcc": 0.6600932382075365,
      "mcc": 0.6240131986317863,
      "loss": 0.1939889712454735
    }
  ],
  "epoch_10": [
    "output/004_vsb_naive_multirun/multirun/seed3/fold0/checkpoints/train.11.pth",
    0.592907701571467,
    {
      "epoch_mcc": 0.592907701571467,
      "mcc": 0.5900677601407847,
      "loss": 0.3937863455684583
    }
  ],
  "epoch_11": [
    "output/004_vsb_naive_multirun/multirun/seed3/fold0/checkpoints/train.12.pth",
    0.7871794871790753,
    {
      "epoch_mcc": 0.7871794871790753,
      "mcc": 0.7846169757234046,
      "loss": 0.14341936902930116
    }
  ],
  "epoch_12": [
    "output/004_vsb_naive_multirun/multirun/seed3/fold0/checkpoints/train.13.pth",
    0.7750736561654454,
    {
      "epoch_mcc": 0.7750736561654454,
      "mcc": 0.7725226847472167,
      "loss": 0.22502983703875912
    }
  ],
  "epoch_13": [
    "output/004_vsb_naive_multirun/multirun/seed3/fold0/checkpoints/train.14.pth",
    0.7767592864564002,
    {
      "epoch_mcc": 0.7767592864564002,
      "mcc": 0.7645319496335747,
      "loss": 0.19286084983004145
    }
  ],
  "epoch_14": [
    "output/004_vsb_naive_multirun/multirun/seed3/fold0/checkpoints/train.15.pth",
    0.6063338180251108,
    {
      "epoch_mcc": 0.6063338180251108,
      "mcc": 0.6032946562790698,
      "loss": 0.16430917041129375
    }
  ],
  "epoch_15": [
    "output/004_vsb_naive_multirun/multirun/seed3/fold0/checkpoints/train.16.pth",
    0.7001233136896912,
    {
      "epoch_mcc": 0.7001233136896912,
      "mcc": 0.6753666839603649,
      "loss": 0.10146399016737323
    }
  ],
  "epoch_16": [
    "output/004_vsb_naive_multirun/multirun/seed3/fold0/checkpoints/train.17.pth",
    0.7871794871790753,
    {
      "epoch_mcc": 0.7871794871790753,
      "mcc": 0.7846169757234046,
      "loss": 0.2560291315161218
    }
  ],
  "epoch_17": [
    "output/004_vsb_naive_multirun/multirun/seed3/fold0/checkpoints/train.18.pth",
    0.8175824175819897,
    {
      "epoch_mcc": 0.8175824175819897,
      "mcc": 0.813946537574328,
      "loss": 0.11996646233146654
    }
  ],
  "epoch_18": [
    "output/004_vsb_naive_multirun/multirun/seed3/fold0/checkpoints/train.19.pth",
    0.6098277916435655,
    {
      "epoch_mcc": 0.6098277916435655,
      "mcc": 0.6034597617392846,
      "loss": 0.1138414533459381
    }
  ],
  "epoch_19": [
    "output/004_vsb_naive_multirun/multirun/seed3/fold0/checkpoints/train.20.pth",
    0.7108091306515201,
    {
      "epoch_mcc": 0.7108091306515201,
      "mcc": 0.6998425571344883,
      "loss": 0.15152947602091477
    }
  ],
  "epoch_20": [
    "output/004_vsb_naive_multirun/multirun/seed3/fold0/checkpoints/train.21.pth",
    0.738494476000016,
    {
      "epoch_mcc": 0.738494476000016,
      "mcc": 0.7339050934676934,
      "loss": 0.1806358189519219
    }
  ],
  "epoch_21": [
    "output/004_vsb_naive_multirun/multirun/seed3/fold0/checkpoints/train.22.pth",
    0.741500436707028,
    {
      "epoch_mcc": 0.741500436707028,
      "mcc": 0.7468476492472811,
      "loss": 0.10269476365612214
    }
  ],
  "epoch_22": [
    "output/004_vsb_naive_multirun/multirun/seed3/fold0/checkpoints/train.23.pth",
    0.49560494224907065,
    {
      "epoch_mcc": 0.49560494224907065,
      "mcc": 0.4573938921730019,
      "loss": 0.1018053418002933
    }
  ],
  "epoch_23": [
    "output/004_vsb_naive_multirun/multirun/seed3/fold0/checkpoints/train.24.pth",
    0.6855520797920731,
    {
      "epoch_mcc": 0.6855520797920731,
      "mcc": 0.6796299599341317,
      "loss": 0.11508971480925194
    }
  ],
  "epoch_24": [
    "output/004_vsb_naive_multirun/multirun/seed3/fold0/checkpoints/train.25.pth",
    0.6744584480612081,
    {
      "epoch_mcc": 0.6744584480612081,
      "mcc": 0.650101429954036,
      "loss": 0.09704196060688688
    }
  ],
  "epoch_25": [
    "output/004_vsb_naive_multirun/multirun/seed3/fold0/checkpoints/train.26.pth",
    0.759698731824087,
    {
      "epoch_mcc": 0.759698731824087,
      "mcc": 0.7587673709830776,
      "loss": 0.07787528953381948
    }
  ],
  "epoch_26": [
    "output/004_vsb_naive_multirun/multirun/seed3/fold0/checkpoints/train.27.pth",
    0.7472959796716847,
    {
      "epoch_mcc": 0.7472959796716847,
      "mcc": 0.741446399473118,
      "loss": 0.2143696810723172
    }
  ],
  "epoch_27": [
    "output/004_vsb_naive_multirun/multirun/seed3/fold0/checkpoints/train.28.pth",
    0.7952659539734932,
    {
      "epoch_mcc": 0.7952659539734932,
      "mcc": 0.7861922921494913,
      "loss": 0.10282048048281628
    }
  ],
  "epoch_28": [
    "output/004_vsb_naive_multirun/multirun/seed3/fold0/checkpoints/train.29.pth",
    0.7581619830247659,
    {
      "epoch_mcc": 0.7581619830247659,
      "mcc": 0.7576280940055105,
      "loss": 0.13557164052985415
    }
  ],
  "epoch_29": [
    "output/004_vsb_naive_multirun/multirun/seed3/fold0/checkpoints/train.30.pth",
    0.6912886826381892,
    {
      "epoch_mcc": 0.6912886826381892,
      "mcc": 0.6828761764894123,
      "loss": 0.12423582605876529
    }
  ],
  "epoch_30": [
    "output/004_vsb_naive_multirun/multirun/seed3/fold0/checkpoints/train.31.pth",
    0.6206328908336712,
    {
      "epoch_mcc": 0.6206328908336712,
      "mcc": 0.609610987219424,
      "loss": 0.12474987894399236
    }
  ],