{
  "best": {
    "epoch_mcc": 0.7571392542808572,
    "mcc": 0.7517464377313802,
    "loss": 0.10556571008621518
  },
  "last": {
    "epoch_mcc": 0.6282777762823895,
    "mcc": 0.6390567068275007,
    "loss": 0.10853906439396067
  },
  "train.25": {
    "epoch_mcc": 0.7571392542808572,
    "mcc": 0.7517464377313802,
    "loss": 0.10556571008621518
  },
  "epoch_0": [
    "output/004_vsb_naive_multirun/multirun/seed1/fold3/checkpoints/train.1.pth",
    0.5967650807568582,
    {
      "epoch_mcc": 0.5967650807568582,
      "mcc": 0.5995779049563145,
      "loss": 0.4133550908397274
    }
  ],
  "epoch_1": [
    "output/004_vsb_naive_multirun/multirun/seed1/fold3/checkpoints/train.2.pth",
    0.5538227957877407,
    {
      "epoch_mcc": 0.5538227957877407,
      "mcc": 0.5651141591627316,
      "loss": 0.2842151811939509
    }
  ],
  "epoch_2": [
    "output/004_vsb_naive_multirun/multirun/seed1/fold3/checkpoints/train.3.pth",
    0.29529596270740066,
    {
      "epoch_mcc": 0.29529596270740066,
      "mcc": 0.2943771647136821,
      "loss": 0.5366556079170175
    }
  ],
  "epoch_3": [
    "output/004_vsb_naive_multirun/multirun/seed1/fold3/checkpoints/train.4.pth",
    0.6577192733870525,
    {
      "epoch_mcc": 0.6577192733870525,
      "mcc": 0.65826787641535,
      "loss": 0.256729303687657
    }
  ],
  "epoch_4": [
    "output/004_vsb_naive_multirun/multirun/seed1/fold3/checkpoints/train.5.pth",
    0.5530059499933011,
    {
      "epoch_mcc": 0.5530059499933011,
      "mcc": 0.5508319058729296,
      "loss": 0.16939791880560823
    }
  ],
  "epoch_5": [
    "output/004_vsb_naive_multirun/multirun/seed1/fold3/checkpoints/train.6.pth",
    0.7143155478174341,
    {
      "epoch_mcc": 0.7143155478174341,
      "mcc": 0.7137164798986025,
      "loss": 0.17883628804281534
    }
  ],
  "epoch_6": [
    "output/004_vsb_naive_multirun/multirun/seed1/fold3/checkpoints/train.7.pth",
    0.5336424020315106,
    {
      "epoch_mcc": 0.5336424020315106,
      "mcc": 0.5376099243760014,
      "loss": 0.18219125083617213
    }
  ],
  "epoch_7": [
    "output/004_vsb_naive_multirun/multirun/seed1/fold3/checkpoints/train.8.pth",
    0.4890969304865373,
    {
      "epoch_mcc": 0.4890969304865373,
      "mcc": 0.4909670786267591,
      "loss": 0.3803170356200607
    }
  ],
  "epoch_8": [
    "output/004_vsb_naive_multirun/multirun/seed1/fold3/checkpoints/train.9.pth",
    0.636386213193483,
    {
      "epoch_mcc": 0.636386213193483,
      "mcc": 0.6278843968644281,
      "loss": 0.226130083511085
    }
  ],
  "epoch_9": [
    "output/004_vsb_naive_multirun/multirun/seed1/fold3/checkpoints/train.10.pth",
    0.6843211665914187,
    {
      "epoch_mcc": 0.6843211665914187,
      "mcc": 0.6905651346378434,
      "loss": 0.12447328016597925
    }
  ],
  "epoch_10": [
    "output/004_vsb_naive_multirun/multirun/seed1/fold3/checkpoints/train.11.pth",
    0.6725963996595794,
    {
      "epoch_mcc": 0.6725963996595794,
      "mcc": 0.6726266962605725,
      "loss": 0.2313997546489801
    }
  ],
  "epoch_11": [
    "output/004_vsb_naive_multirun/multirun/seed1/fold3/checkpoints/train.12.pth",
    0.7038735983686524,
    {
      "epoch_mcc": 0.7038735983686524,
      "mcc": 0.6929537435383119,
      "loss": 0.27993050274052844
    }
  ],
  "epoch_12": [
    "output/004_vsb_naive_multirun/multirun/seed1/fold3/checkpoints/train.13.pth",
    0.6596749462149928,
    {
      "epoch_mcc": 0.6596749462149928,
      "mcc": 0.6578914443644012,
      "loss": 0.13620839919414043
    }
  ],
  "epoch_13": [
    "output/004_vsb_naive_multirun/multirun/seed1/fold3/checkpoints/train.14.pth",
    0.642177996554393,
    {
      "epoch_mcc": 0.642177996554393,
      "mcc": 0.6517721906720237,
      "loss": 0.11791592817785612
    }
  ],
  "epoch_14": [
    "output/004_vsb_naive_multirun/multirun/seed1/fold3/checkpoints/train.15.pth",
    0.70884563096842,
    {
      "epoch_mcc": 0.70884563096842,
      "mcc": 0.7083142972131072,
      "loss": 0.120184566017734
    }
  ],
  "epoch_15": [
    "output/004_vsb_naive_multirun/multirun/seed1/fold3/checkpoints/train.16.pth",
    0.704026588622696,
    {
      "epoch_mcc": 0.704026588622696,
      "mcc": 0.6995888694616414,
      "loss": 0.09944166659847184
    }
  ],
  "epoch_16": [
    "output/004_vsb_naive_multirun/multirun/seed1/fold3/checkpoints/train.17.pth",
    0.5648361208746311,
    {
      "epoch_mcc": 0.5648361208746311,
      "mcc": 0.5636783417618256,
      "loss": 0.1217542548764901
    }
  ],
  "epoch_17": [
    "output/004_vsb_naive_multirun/multirun/seed1/fold3/checkpoints/train.18.pth",
    0.5873682386259141,
    {
      "epoch_mcc": 0.5873682386259141,
      "mcc": 0.5878292127406486,
      "loss": 0.19484646074640566
    }
  ],
  "epoch_18": [
    "output/004_vsb_naive_multirun/multirun/seed1/fold3/checkpoints/train.19.pth",
    0.681995318073587,
    {
      "epoch_mcc": 0.681995318073587,
      "mcc": 0.6729038586818828,
      "loss": 0.11996163743293224
    }
  ],
  "epoch_19": [
    "output/004_vsb_naive_multirun/multirun/seed1/fold3/checkpoints/train.20.pth",
    0.7267238559031224,
    {
      "epoch_mcc": 0.7267238559031224,
      "mcc": 0.725276787021709,
      "loss": 0.10589498644390123
    }
  ],
  "epoch_20": [
    "output/004_vsb_naive_multirun/multirun/seed1/fold3/checkpoints/train.21.pth",
    0.6742609582055686,
    {
      "epoch_mcc": 0.6742609582055686,
      "mcc": 0.6747011286303521,
      "loss": 0.1356542664171291
    }
  ],
  "epoch_21": [
    "output/004_vsb_naive_multirun/multirun/seed1/fold3/checkpoints/train.22.pth",
    0.6563323945509507,
    {
      "epoch_mcc": 0.6563323945509507,
      "mcc": 0.6469138637928069,
      "loss": 0.12381527466433388
    }
  ],
  "epoch_22": [
    "output/004_vsb_naive_multirun/multirun/seed1/fold3/checkpoints/train.23.pth",
    0.6463566467327208,
    {
      "epoch_mcc": 0.6463566467327208,
      "mcc": 0.6480901561014158,
      "loss": 0.14852676384163804
    }
  ],
  "epoch_23": [
    "output/004_vsb_naive_multirun/multirun/seed1/fold3/checkpoints/train.24.pth",
    0.7267238559031224,
    {
      "epoch_mcc": 0.7267238559031224,
      "mcc": 0.7177124089226636,
      "loss": 0.10727146706462112
    }
  ],
  "epoch_24": [
    "output/004_vsb_naive_multirun/multirun/seed1/fold3/checkpoints/train.25.pth",
    0.7571392542808572,
    {
      "epoch_mcc": 0.7571392542808572,
      "mcc": 0.7517464377313802,
      "loss": 0.10556571008621518
    }
  ],
  "epoch_25": [
    "output/004_vsb_naive_multirun/multirun/seed1/fold3/checkpoints/train.26.pth",
    0.5907888968738678,
    {
      "epoch_mcc": 0.5907888968738678,
      "mcc": 0.5967252362022236,
      "loss": 0.11599821268729929
    }
  ],
  "epoch_26": [
    "output/004_vsb_naive_multirun/multirun/seed1/fold3/checkpoints/train.27.pth",
    0.6733489357440537,
    {
      "epoch_mcc": 0.6733489357440537,
      "mcc": 0.6643624909948381,
      "loss": 0.1659686408180378
    }
  ],
  "epoch_27": [
    "output/004_vsb_naive_multirun/multirun/seed1/fold3/checkpoints/train.28.pth",
    0.6346498016735805,
    {
      "epoch_mcc": 0.6346498016735805,
      "mcc": 0.6340062945800952,
      "loss": 0.14468992053949484
    }
  ],
  "epoch_28": [
    "output/004_vsb_naive_multirun/multirun/seed1/fold3/checkpoints/train.29.pth",
    0.4745686622967766,
    {
      "epoch_mcc": 0.4745686622967766,
      "mcc": 0.4833536829255268,
      "loss": 0.21079657656475645
    }
  ],
  "epoch_29": [
    "output/004_vsb_naive_multirun/multirun/seed1/fold3/checkpoints/train.30.pth",
    0.6596749462149928,
    {
      "epoch_mcc": 0.6596749462149928,
      "mcc": 0.6673189962810526,
      "loss": 0.10989105020507067
    }
  ],
  "epoch_30": [
    "output/004_vsb_naive_multirun/multirun/seed1/fold3/checkpoints/train.31.pth",
    0.6951162093271308,
    {
      "epoch_mcc": 0.6951162093271308,
      "mcc": 0.6974885548429263,
      "loss": 0.09997135043631528
    }
  ],