{
  "best": {
    "epoch_mcc": 0.8050788396830443,
    "mcc": 0.8067610074276974,
    "loss": 0.10983471391584705
  },
  "last": {
    "epoch_mcc": 0.749369827673735,
    "mcc": 0.747548034553783,
    "loss": 0.13847831422511148
  },
  "train.20": {
    "epoch_mcc": 0.8050788396830443,
    "mcc": 0.8067610074276974,
    "loss": 0.10983471391584705
  },
  "epoch_0": [
    "output/004_vsb_naive_multirun/multirun/seed0/fold0/checkpoints/train.1.pth",
    0.4361695799096839,
    {
      "epoch_mcc": 0.4361695799096839,
      "mcc": 0.4297277040139013,
      "loss": 0.132988535803895
    }
  ],
  "epoch_1": [
    "output/004_vsb_naive_multirun/multirun/seed0/fold0/checkpoints/train.2.pth",
    0.6212301834750329,
    {
      "epoch_mcc": 0.6212301834750329,
      "mcc": 0.6278068052364744,
      "loss": 0.15907546003283404
    }
  ],
  "epoch_2": [
    "output/004_vsb_naive_multirun/multirun/seed0/fold0/checkpoints/train.3.pth",
    0.6031853335982471,
    {
      "epoch_mcc": 0.6031853335982471,
      "mcc": 0.6019577666351413,
      "loss": 0.11953911013426756
    }
  ],
  "epoch_3": [
    "output/004_vsb_naive_multirun/multirun/seed0/fold0/checkpoints/train.4.pth",
    0.6644771700133001,
    {
      "epoch_mcc": 0.6644771700133001,
      "mcc": 0.662351200020255,
      "loss": 0.12752701988421292
    }
  ],
  "epoch_4": [
    "output/004_vsb_naive_multirun/multirun/seed0/fold0/checkpoints/train.5.pth",
    0.7305746689992039,
    {
      "epoch_mcc": 0.7305746689992039,
      "mcc": 0.7319324715012845,
      "loss": 0.10744502791644374
    }
  ],
  "epoch_5": [
    "output/004_vsb_naive_multirun/multirun/seed0/fold0/checkpoints/train.6.pth",
    0.7108091306515201,
    {
      "epoch_mcc": 0.7108091306515201,
      "mcc": 0.7080360429410921,
      "loss": 0.09694119783923055
    }
  ],
  "epoch_6": [
    "output/004_vsb_naive_multirun/multirun/seed0/fold0/checkpoints/train.7.pth",
    0.6843708190393085,
    {
      "epoch_mcc": 0.6843708190393085,
      "mcc": 0.6910138198168161,
      "loss": 0.10965625001774802
    }
  ],
  "epoch_7": [
    "output/004_vsb_naive_multirun/multirun/seed0/fold0/checkpoints/train.8.pth",
    0.6204537397771149,
    {
      "epoch_mcc": 0.6204537397771149,
      "mcc": 0.6213143061358407,
      "loss": 0.10262529244213629
    }
  ],
  "epoch_8": [
    "output/004_vsb_naive_multirun/multirun/seed0/fold0/checkpoints/train.9.pth",
    0.6949264047270498,
    {
      "epoch_mcc": 0.6949264047270498,
      "mcc": 0.6955418495432162,
      "loss": 0.10024258156472148
    }
  ],
  "epoch_9": [
    "output/004_vsb_naive_multirun/multirun/seed0/fold0/checkpoints/train.10.pth",
    0.6480103682818995,
    {
      "epoch_mcc": 0.6480103682818995,
      "mcc": 0.6527566233879685,
      "loss": 0.10618698554636073
    }
  ],
  "epoch_10": [
    "output/004_vsb_naive_multirun/multirun/seed0/fold0/checkpoints/train.11.pth",
    0.7311282765719803,
    {
      "epoch_mcc": 0.7311282765719803,
      "mcc": 0.7338171114699545,
      "loss": 0.10932556934744479
    }
  ],
  "epoch_11": [
    "output/004_vsb_naive_multirun/multirun/seed0/fold0/checkpoints/train.12.pth",
    0.6445315571006011,
    {
      "epoch_mcc": 0.6445315571006011,
      "mcc": 0.6433004238317636,
      "loss": 0.1303729250668043
    }
  ],
  "epoch_12": [
    "output/004_vsb_naive_multirun/multirun/seed0/fold0/checkpoints/train.13.pth",
    0.6735080884741559,
    {
      "epoch_mcc": 0.6735080884741559,
      "mcc": 0.6768918633247888,
      "loss": 0.16874087596770612
    }
  ],
  "epoch_13": [
    "output/004_vsb_naive_multirun/multirun/seed0/fold0/checkpoints/train.14.pth",
    0.6040768210525741,
    {
      "epoch_mcc": 0.6040768210525741,
      "mcc": 0.6044877425793923,
      "loss": 0.1734606515417411
    }
  ],
  "epoch_14": [
    "output/004_vsb_naive_multirun/multirun/seed0/fold0/checkpoints/train.15.pth",
    0.7041974852861224,
    {
      "epoch_mcc": 0.7041974852861224,
      "mcc": 0.706862433051869,
      "loss": 0.11389043923345572
    }
  ],
  "epoch_15": [
    "output/004_vsb_naive_multirun/multirun/seed0/fold0/checkpoints/train.16.pth",
    0.5854482149989134,
    {
      "epoch_mcc": 0.5854482149989134,
      "mcc": 0.5838463475054112,
      "loss": 0.15953249622796775
    }
  ],
  "epoch_16": [
    "output/004_vsb_naive_multirun/multirun/seed0/fold0/checkpoints/train.17.pth",
    0.6217417120235912,
    {
      "epoch_mcc": 0.6217417120235912,
      "mcc": 0.6206993269371002,
      "loss": 0.16386623947324933
    }
  ],
  "epoch_17": [
    "output/004_vsb_naive_multirun/multirun/seed0/fold0/checkpoints/train.18.pth",
    0.7997979262846917,
    {
      "epoch_mcc": 0.7997979262846917,
      "mcc": 0.8022560996331072,
      "loss": 0.11170207780886846
    }
  ],
  "epoch_18": [
    "output/004_vsb_naive_multirun/multirun/seed0/fold0/checkpoints/train.19.pth",
    0.6644771700133001,
    {
      "epoch_mcc": 0.6644771700133001,
      "mcc": 0.6659393790149957,
      "loss": 0.11341332639735865
    }
  ],
  "epoch_19": [
    "output/004_vsb_naive_multirun/multirun/seed0/fold0/checkpoints/train.20.pth",
    0.8050788396830443,
    {
      "epoch_mcc": 0.8050788396830443,
      "mcc": 0.8067610074276974,
      "loss": 0.10983471391584705
    }
  ],
  "epoch_20": [
    "output/004_vsb_naive_multirun/multirun/seed0/fold0/checkpoints/train.21.pth",
    0.6883704218049369,
    {
      "epoch_mcc": 0.6883704218049369,
      "mcc": 0.6905584391197972,
      "loss": 0.1469150000154049
    }
  ],
  "epoch_21": [
    "output/004_vsb_naive_multirun/multirun/seed0/fold0/checkpoints/train.22.pth",
    0.7073421771459321,
    {
      "epoch_mcc": 0.7073421771459321,
      "mcc": 0.7041446662621865,
      "loss": 0.11239012416689408
    }
  ],
  "epoch_22": [
    "output/004_vsb_naive_multirun/multirun/seed0/fold0/checkpoints/train.23.pth",
    0.7123848273691499,
    {
      "epoch_mcc": 0.7123848273691499,
      "mcc": 0.7146859886350464,
      "loss": 0.12314374183213239
    }
  ],
  "epoch_23": [
    "output/004_vsb_naive_multirun/multirun/seed0/fold0/checkpoints/train.24.pth",
    0.6850581056126488,
    {
      "epoch_mcc": 0.6850581056126488,
      "mcc": 0.6889365748328976,
      "loss": 0.13522097437599234
    }
  ],
  "epoch_24": [
    "output/004_vsb_naive_multirun/multirun/seed0/fold0/checkpoints/train.25.pth",
    0.5713332433380466,
    {
      "epoch_mcc": 0.5713332433380466,
      "mcc": 0.5742907441118659,
      "loss": 0.21561665997139967
    }
  ],
  "epoch_25": [
    "output/004_vsb_naive_multirun/multirun/seed0/fold0/checkpoints/train.26.pth",
    0.5262875979047431,
    {
      "epoch_mcc": 0.5262875979047431,
      "mcc": 0.5307919851545845,
      "loss": 0.11945364974349378
    }
  ],
  "epoch_26": [
    "output/004_vsb_naive_multirun/multirun/seed0/fold0/checkpoints/train.27.pth",
    0.6449498732744747,
    {
      "epoch_mcc": 0.6449498732744747,
      "mcc": 0.6461500644686283,
      "loss": 0.12607584167880978
    }
  ],
  "epoch_27": [
    "output/004_vsb_naive_multirun/multirun/seed0/fold0/checkpoints/train.28.pth",
    0.5323152239461444,
    {
      "epoch_mcc": 0.5323152239461444,
      "mcc": 0.5346912618273836,
      "loss": 0.12272681371531675
    }
  ],
  "epoch_28": [
    "output/004_vsb_naive_multirun/multirun/seed0/fold0/checkpoints/train.29.pth",
    0.7381607601921852,
    {
      "epoch_mcc": 0.7381607601921852,
      "mcc": 0.742539938689709,
      "loss": 0.11091475408658924
    }
  ],
  "epoch_29": [
    "output/004_vsb_naive_multirun/multirun/seed0/fold0/checkpoints/train.30.pth",
    0.5940564952422545,
    {
      "epoch_mcc": 0.5940564952422545,
      "mcc": 0.5960845916763462,
      "loss": 0.13255674495857062
    }
  ],
  "epoch_30": [
    "output/004_vsb_naive_multirun/multirun/seed0/fold0/checkpoints/train.31.pth",
    0.6850581056126488,
    {
      "epoch_mcc": 0.6850581056126488,
      "mcc": 0.6889365748328976,
      "loss": 0.11839094355368984
    }
  ],