{
  "best": {
    "epoch_mcc": 0.8129673230806446,
    "mcc": 0.8130993622570504,
    "loss": 0.0851875588797969
  },
  "last": {
    "epoch_mcc": 0.5759202566666013,
    "mcc": 0.5797031216430846,
    "loss": 0.23381945354905678
  },
  "train.49": {
    "epoch_mcc": 0.8129673230806446,
    "mcc": 0.8130993622570504,
    "loss": 0.0851875588797969
  },
  "epoch_0": [
    "output/004_vsb_naive_multirun/multirun/seed0/fold0/checkpoints/train.1.pth",
    0.13660515605553672,
    {
      "epoch_mcc": 0.13660515605553672,
      "mcc": 0.13671724799374277,
      "loss": 0.8139564229781369
    }
  ],
  "epoch_1": [
    "output/004_vsb_naive_multirun/multirun/seed0/fold0/checkpoints/train.2.pth",
    0.5476678765882328,
    {
      "epoch_mcc": 0.5476678765882328,
      "mcc": 0.5472568551561904,
      "loss": 0.5286962166300329
    }
  ],
  "epoch_2": [
    "output/004_vsb_naive_multirun/multirun/seed0/fold0/checkpoints/train.3.pth",
    0.5538092020707462,
    {
      "epoch_mcc": 0.5538092020707462,
      "mcc": 0.5545320551318572,
      "loss": 0.46915580878569624
    }
  ],
  "epoch_3": [
    "output/004_vsb_naive_multirun/multirun/seed0/fold0/checkpoints/train.4.pth",
    0.6031853335982471,
    {
      "epoch_mcc": 0.6031853335982471,
      "mcc": 0.6029646530625317,
      "loss": 0.2850261748144836
    }
  ],
  "epoch_4": [
    "output/004_vsb_naive_multirun/multirun/seed0/fold0/checkpoints/train.5.pth",
    0.6185427247210386,
    {
      "epoch_mcc": 0.6185427247210386,
      "mcc": 0.6172646623333211,
      "loss": 0.34901248777794963
    }
  ],
  "epoch_5": [
    "output/004_vsb_naive_multirun/multirun/seed0/fold0/checkpoints/train.6.pth",
    0.6381077654708963,
    {
      "epoch_mcc": 0.6381077654708963,
      "mcc": 0.6362883020024168,
      "loss": 0.25181953909064736
    }
  ],
  "epoch_6": [
    "output/004_vsb_naive_multirun/multirun/seed0/fold0/checkpoints/train.7.pth",
    0.6520311282825954,
    {
      "epoch_mcc": 0.6520311282825954,
      "mcc": 0.652865493781607,
      "loss": 0.33248215570096923
    }
  ],
  "epoch_7": [
    "output/004_vsb_naive_multirun/multirun/seed0/fold0/checkpoints/train.8.pth",
    0.551448679651024,
    {
      "epoch_mcc": 0.551448679651024,
      "mcc": 0.5500466424767709,
      "loss": 0.29160634909152167
    }
  ],
  "epoch_8": [
    "output/004_vsb_naive_multirun/multirun/seed0/fold0/checkpoints/train.9.pth",
    0.39118466684521025,
    {
      "epoch_mcc": 0.39118466684521025,
      "mcc": 0.39229693620527617,
      "loss": 0.4751171577407653
    }
  ],
  "epoch_9": [
    "output/004_vsb_naive_multirun/multirun/seed0/fold0/checkpoints/train.10.pth",
    0.5555163319949318,
    {
      "epoch_mcc": 0.5555163319949318,
      "mcc": 0.5564082661916673,
      "loss": 0.4282025603029281
    }
  ],
  "epoch_10": [
    "output/004_vsb_naive_multirun/multirun/seed0/fold0/checkpoints/train.11.pth",
    0.6681844193353148,
    {
      "epoch_mcc": 0.6681844193353148,
      "mcc": 0.6709031195612202,
      "loss": 0.15855337416499904
    }
  ],
  "epoch_11": [
    "output/004_vsb_naive_multirun/multirun/seed0/fold0/checkpoints/train.12.pth",
    0.4290063667700246,
    {
      "epoch_mcc": 0.4290063667700246,
      "mcc": 0.42815003489232767,
      "loss": 0.4365694311522781
    }
  ],
  "epoch_12": [
    "output/004_vsb_naive_multirun/multirun/seed0/fold0/checkpoints/train.13.pth",
    0.6411786720365267,
    {
      "epoch_mcc": 0.6411786720365267,
      "mcc": 0.6407925620857384,
      "loss": 0.2072156759014228
    }
  ],
  "epoch_13": [
    "output/004_vsb_naive_multirun/multirun/seed0/fold0/checkpoints/train.14.pth",
    0.5527120862399698,
    {
      "epoch_mcc": 0.5527120862399698,
      "mcc": 0.5637921587056774,
      "loss": 0.2544557716883398
    }
  ],
  "epoch_14": [
    "output/004_vsb_naive_multirun/multirun/seed0/fold0/checkpoints/train.15.pth",
    0.5854482149989134,
    {
      "epoch_mcc": 0.5854482149989134,
      "mcc": 0.5863460428392279,
      "loss": 0.25369383163891235
    }
  ],
  "epoch_15": [
    "output/004_vsb_naive_multirun/multirun/seed0/fold0/checkpoints/train.16.pth",
    0.7311282765719803,
    {
      "epoch_mcc": 0.7311282765719803,
      "mcc": 0.7338171114699545,
      "loss": 0.2652186684682324
    }
  ],
  "epoch_16": [
    "output/004_vsb_naive_multirun/multirun/seed0/fold0/checkpoints/train.17.pth",
    0.6855520797920731,
    {
      "epoch_mcc": 0.6855520797920731,
      "mcc": 0.6865810554094095,
      "loss": 0.13460232666252814
    }
  ],
  "epoch_17": [
    "output/004_vsb_naive_multirun/multirun/seed0/fold0/checkpoints/train.18.pth",
    0.7445720569127751,
    {
      "epoch_mcc": 0.7445720569127751,
      "mcc": 0.7447619428047622,
      "loss": 0.11139319336968322
    }
  ],
  "epoch_18": [
    "output/004_vsb_naive_multirun/multirun/seed0/fold0/checkpoints/train.19.pth",
    0.7150632891302477,
    {
      "epoch_mcc": 0.7150632891302477,
      "mcc": 0.7172901282568351,
      "loss": 0.21284926671169302
    }
  ],
  "epoch_19": [
    "output/004_vsb_naive_multirun/multirun/seed0/fold0/checkpoints/train.20.pth",
    0.6744584480612081,
    {
      "epoch_mcc": 0.6744584480612081,
      "mcc": 0.6713831622248712,
      "loss": 0.14901537841855966
    }
  ],
  "epoch_20": [
    "output/004_vsb_naive_multirun/multirun/seed0/fold0/checkpoints/train.21.pth",
    0.6843708190393085,
    {
      "epoch_mcc": 0.6843708190393085,
      "mcc": 0.6919708250816159,
      "loss": 0.2073974701705775
    }
  ],
  "epoch_21": [
    "output/004_vsb_naive_multirun/multirun/seed0/fold0/checkpoints/train.22.pth",
    0.6928778243159511,
    {
      "epoch_mcc": 0.6928778243159511,
      "mcc": 0.6928032373695179,
      "loss": 0.24060797347669552
    }
  ],
  "epoch_22": [
    "output/004_vsb_naive_multirun/multirun/seed0/fold0/checkpoints/train.23.pth",
    0.7633118752612688,
    {
      "epoch_mcc": 0.7633118752612688,
      "mcc": 0.7627471434773796,
      "loss": 0.09887924086360225
    }
  ],
  "epoch_23": [
    "output/004_vsb_naive_multirun/multirun/seed0/fold0/checkpoints/train.24.pth",
    0.7750736561654454,
    {
      "epoch_mcc": 0.7750736561654454,
      "mcc": 0.7761016455121419,
      "loss": 0.12344454814921968
    }
  ],
  "epoch_24": [
    "output/004_vsb_naive_multirun/multirun/seed0/fold0/checkpoints/train.25.pth",
    0.7930698491159471,
    {
      "epoch_mcc": 0.7930698491159471,
      "mcc": 0.7920805876175323,
      "loss": 0.10489615809537868
    }
  ],
  "epoch_25": [
    "output/004_vsb_naive_multirun/multirun/seed0/fold0/checkpoints/train.26.pth",
    0.6534826351084148,
    {
      "epoch_mcc": 0.6534826351084148,
      "mcc": 0.6503996862637816,
      "loss": 0.169910666967218
    }
  ],
  "epoch_26": [
    "output/004_vsb_naive_multirun/multirun/seed0/fold0/checkpoints/train.27.pth",
    0.7536454777522128,
    {
      "epoch_mcc": 0.7536454777522128,
      "mcc": 0.754385112617418,
      "loss": 0.10093829033194228
    }
  ],
  "epoch_27": [
    "output/004_vsb_naive_multirun/multirun/seed0/fold0/checkpoints/train.28.pth",
    0.6192346860315372,
    {
      "epoch_mcc": 0.6192346860315372,
      "mcc": 0.6236585326971392,
      "loss": 0.26793251067348683
    }
  ],
  "epoch_28": [
    "output/004_vsb_naive_multirun/multirun/seed0/fold0/checkpoints/train.29.pth",
    0.5973699820649203,
    {
      "epoch_mcc": 0.5973699820649203,
      "mcc": 0.5944323780197684,
      "loss": 0.13038767855005298
    }
  ],
  "epoch_29": [
    "output/004_vsb_naive_multirun/multirun/seed0/fold0/checkpoints/train.30.pth",
    0.71920684904309,
    {
      "epoch_mcc": 0.71920684904309,
      "mcc": 0.7209742020736227,
      "loss": 0.12245805639767196
    }
  ],
  "epoch_30": [
    "output/004_vsb_naive_multirun/multirun/seed0/fold0/checkpoints/train.31.pth",
    0.6765235940996788,
    {
      "epoch_mcc": 0.6765235940996788,
      "mcc": 0.6796886113174953,
      "loss": 0.14908881694488804
    }
  ],