{
  "best": {
    "epoch_mcc": 0.7788393869470872,
    "mcc": 0.7802093010748816,
    "loss": 0.11753209219947329
  },
  "last": {
    "epoch_mcc": 0.753325610992522,
    "mcc": 0.7557289435719924,
    "loss": 0.11162878433162292
  },
  "train.29": {
    "epoch_mcc": 0.7788393869470872,
    "mcc": 0.7802093010748816,
    "loss": 0.11753209219947329
  },
  "epoch_0": [
    "output/004_vsb_naive_multirun/multirun/seed0/fold2/checkpoints/train.1.pth",
    0.5740576226770319,
    {
      "epoch_mcc": 0.5740576226770319,
      "mcc": 0.5730209810112301,
      "loss": 0.40125043420906525
    }
  ],
  "epoch_1": [
    "output/004_vsb_naive_multirun/multirun/seed0/fold2/checkpoints/train.2.pth",
    0.6550108942244482,
    {
      "epoch_mcc": 0.6550108942244482,
      "mcc": 0.6546234784872549,
      "loss": 0.3198152796947197
    }
  ],
  "epoch_2": [
    "output/004_vsb_naive_multirun/multirun/seed0/fold2/checkpoints/train.3.pth",
    0.6539065085543804,
    {
      "epoch_mcc": 0.6539065085543804,
      "mcc": 0.6580468943090444,
      "loss": 0.21518949792430242
    }
  ],
  "epoch_3": [
    "output/004_vsb_naive_multirun/multirun/seed0/fold2/checkpoints/train.4.pth",
    0.5854230377163173,
    {
      "epoch_mcc": 0.5854230377163173,
      "mcc": 0.5850597729195255,
      "loss": 0.2936281182269426
    }
  ],
  "epoch_4": [
    "output/004_vsb_naive_multirun/multirun/seed0/fold2/checkpoints/train.5.pth",
    0.7359031486715987,
    {
      "epoch_mcc": 0.7359031486715987,
      "mcc": 0.7374142286709504,
      "loss": 0.3215361063123365
    }
  ],
  "epoch_5": [
    "output/004_vsb_naive_multirun/multirun/seed0/fold2/checkpoints/train.6.pth",
    0.6772012637143808,
    {
      "epoch_mcc": 0.6772012637143808,
      "mcc": 0.6805884369010612,
      "loss": 0.2237922078360789
    }
  ],
  "epoch_6": [
    "output/004_vsb_naive_multirun/multirun/seed0/fold2/checkpoints/train.7.pth",
    0.5854230377163173,
    {
      "epoch_mcc": 0.5854230377163173,
      "mcc": 0.5880033606533025,
      "loss": 0.2022923916937357
    }
  ],
  "epoch_7": [
    "output/004_vsb_naive_multirun/multirun/seed0/fold2/checkpoints/train.8.pth",
    0.6387164594683569,
    {
      "epoch_mcc": 0.6387164594683569,
      "mcc": 0.6452712714502955,
      "loss": 0.12700610398835857
    }
  ],
  "epoch_8": [
    "output/004_vsb_naive_multirun/multirun/seed0/fold2/checkpoints/train.9.pth",
    0.7346501438288522,
    {
      "epoch_mcc": 0.7346501438288522,
      "mcc": 0.7374138346017222,
      "loss": 0.13270287249051355
    }
  ],
  "epoch_9": [
    "output/004_vsb_naive_multirun/multirun/seed0/fold2/checkpoints/train.10.pth",
    0.6963084575253876,
    {
      "epoch_mcc": 0.6963084575253876,
      "mcc": 0.6957606907133439,
      "loss": 0.22154181736574322
    }
  ],
  "epoch_10": [
    "output/004_vsb_naive_multirun/multirun/seed0/fold2/checkpoints/train.11.pth",
    0.6890135898097761,
    {
      "epoch_mcc": 0.6890135898097761,
      "mcc": 0.6958936773915053,
      "loss": 0.22162977153380847
    }
  ],
  "epoch_11": [
    "output/004_vsb_naive_multirun/multirun/seed0/fold2/checkpoints/train.12.pth",
    0.7717782728013352,
    {
      "epoch_mcc": 0.7717782728013352,
      "mcc": 0.7726916762725514,
      "loss": 0.11090824177261063
    }
  ],
  "epoch_12": [
    "output/004_vsb_naive_multirun/multirun/seed0/fold2/checkpoints/train.13.pth",
    0.704026588622696,
    {
      "epoch_mcc": 0.704026588622696,
      "mcc": 0.7098981016110124,
      "loss": 0.12456579615398856
    }
  ],
  "epoch_13": [
    "output/004_vsb_naive_multirun/multirun/seed0/fold2/checkpoints/train.14.pth",
    0.680097874672185,
    {
      "epoch_mcc": 0.680097874672185,
      "mcc": 0.6904873788704513,
      "loss": 0.12287957709853292
    }
  ],
  "epoch_14": [
    "output/004_vsb_naive_multirun/multirun/seed0/fold2/checkpoints/train.15.pth",
    0.540789251846189,
    {
      "epoch_mcc": 0.540789251846189,
      "mcc": 0.5380860954700576,
      "loss": 0.36516543222581666
    }
  ],
  "epoch_15": [
    "output/004_vsb_naive_multirun/multirun/seed0/fold2/checkpoints/train.16.pth",
    0.70884563096842,
    {
      "epoch_mcc": 0.70884563096842,
      "mcc": 0.7105836135032676,
      "loss": 0.15163975856595524
    }
  ],
  "epoch_16": [
    "output/004_vsb_naive_multirun/multirun/seed0/fold2/checkpoints/train.17.pth",
    0.6545076009617131,
    {
      "epoch_mcc": 0.6545076009617131,
      "mcc": 0.660286206960504,
      "loss": 0.11620912432875773
    }
  ],
  "epoch_17": [
    "output/004_vsb_naive_multirun/multirun/seed0/fold2/checkpoints/train.18.pth",
    0.6951162093271308,
    {
      "epoch_mcc": 0.6951162093271308,
      "mcc": 0.6978906984331946,
      "loss": 0.18144488837345538
    }
  ],
  "epoch_18": [
    "output/004_vsb_naive_multirun/multirun/seed0/fold2/checkpoints/train.19.pth",
    0.753325610992522,
    {
      "epoch_mcc": 0.753325610992522,
      "mcc": 0.7557289435719924,
      "loss": 0.13164124230047922
    }
  ],
  "epoch_19": [
    "output/004_vsb_naive_multirun/multirun/seed0/fold2/checkpoints/train.20.pth",
    0.7195030618033128,
    {
      "epoch_mcc": 0.7195030618033128,
      "mcc": 0.7228918253323722,
      "loss": 0.11013310591140425
    }
  ],
  "epoch_20": [
    "output/004_vsb_naive_multirun/multirun/seed0/fold2/checkpoints/train.21.pth",
    0.6752706515196818,
    {
      "epoch_mcc": 0.6752706515196818,
      "mcc": 0.680647035972528,
      "loss": 0.1289884572056813
    }
  ],
  "epoch_21": [
    "output/004_vsb_naive_multirun/multirun/seed0/fold2/checkpoints/train.22.pth",
    0.7421794481754336,
    {
      "epoch_mcc": 0.7421794481754336,
      "mcc": 0.7446367656677481,
      "loss": 0.09452895835529301
    }
  ],
  "epoch_22": [
    "output/004_vsb_naive_multirun/multirun/seed0/fold2/checkpoints/train.23.pth",
    0.5405127159474028,
    {
      "epoch_mcc": 0.5405127159474028,
      "mcc": 0.5416162138847138,
      "loss": 0.1789825911827629
    }
  ],
  "epoch_23": [
    "output/004_vsb_naive_multirun/multirun/seed0/fold2/checkpoints/train.24.pth",
    0.7344814542175127,
    {
      "epoch_mcc": 0.7344814542175127,
      "mcc": 0.7380299751241355,
      "loss": 0.12974604299987655
    }
  ],
  "epoch_24": [
    "output/004_vsb_naive_multirun/multirun/seed0/fold2/checkpoints/train.25.pth",
    0.6890135898097761,
    {
      "epoch_mcc": 0.6890135898097761,
      "mcc": 0.6996960554695862,
      "loss": 0.12009091806083456
    }
  ],
  "epoch_25": [
    "output/004_vsb_naive_multirun/multirun/seed0/fold2/checkpoints/train.26.pth",
    0.7331362564421996,
    {
      "epoch_mcc": 0.7331362564421996,
      "mcc": 0.737141662587045,
      "loss": 0.09457381076072047
    }
  ],
  "epoch_26": [
    "output/004_vsb_naive_multirun/multirun/seed0/fold2/checkpoints/train.27.pth",
    0.7344814542175127,
    {
      "epoch_mcc": 0.7344814542175127,
      "mcc": 0.7380299751241355,
      "loss": 0.10525854539748108
    }
  ],
  "epoch_27": [
    "output/004_vsb_naive_multirun/multirun/seed0/fold2/checkpoints/train.28.pth",
    0.5650429889649775,
    {
      "epoch_mcc": 0.5650429889649775,
      "mcc": 0.5703673768028322,
      "loss": 0.135538451424872
    }
  ],
  "epoch_28": [
    "output/004_vsb_naive_multirun/multirun/seed0/fold2/checkpoints/train.29.pth",
    0.7788393869470872,
    {
      "epoch_mcc": 0.7788393869470872,
      "mcc": 0.7802093010748816,
      "loss": 0.11753209219947329
    }
  ],
  "epoch_29": [
    "output/004_vsb_naive_multirun/multirun/seed0/fold2/checkpoints/train.30.pth",
    0.7788393869470872,
    {
      "epoch_mcc": 0.7788393869470872,
      "mcc": 0.7796132478503405,
      "loss": 0.08158912489161844
    }
  ],
  "epoch_30": [
    "output/004_vsb_naive_multirun/multirun/seed0/fold2/checkpoints/train.31.pth",
    0.76309887869482,
    {
      "epoch_mcc": 0.76309887869482,
      "mcc": 0.7699914846984497,
      "loss": 0.12260321048112416
    }
  ],