{
  "best": {
    "epoch_mcc": 0.7934673378974035,
    "mcc": 0.7944285804828624,
    "loss": 0.07052610184285604
  },
  "last": {
    "epoch_mcc": 0.7152149676009306,
    "mcc": 0.7194685949757141,
    "loss": 0.11058585130947797
  },
  "train.35": {
    "epoch_mcc": 0.7934673378974035,
    "mcc": 0.7944285804828624,
    "loss": 0.07052610184285604
  },
  "epoch_0": [
    "output/004_vsb_naive_multirun/multirun/seed0/fold2/checkpoints/train.1.pth",
    0.362510642670023,
    {
      "epoch_mcc": 0.362510642670023,
      "mcc": 0.3315307282951137,
      "loss": 0.11624793242823442
    }
  ],
  "epoch_1": [
    "output/004_vsb_naive_multirun/multirun/seed0/fold2/checkpoints/train.2.pth",
    0.7267238559031224,
    {
      "epoch_mcc": 0.7267238559031224,
      "mcc": 0.7322219230439451,
      "loss": 0.08414377540144781
    }
  ],
  "epoch_2": [
    "output/004_vsb_naive_multirun/multirun/seed0/fold2/checkpoints/train.3.pth",
    0.7152149676009306,
    {
      "epoch_mcc": 0.7152149676009306,
      "mcc": 0.7187959498003103,
      "loss": 0.09472274183970515
    }
  ],
  "epoch_3": [
    "output/004_vsb_naive_multirun/multirun/seed0/fold2/checkpoints/train.4.pth",
    0.6970782002162527,
    {
      "epoch_mcc": 0.6970782002162527,
      "mcc": 0.6884594702660329,
      "loss": 0.09015710305634136
    }
  ],
  "epoch_4": [
    "output/004_vsb_naive_multirun/multirun/seed0/fold2/checkpoints/train.5.pth",
    0.680097874672185,
    {
      "epoch_mcc": 0.680097874672185,
      "mcc": 0.6904873788704513,
      "loss": 0.0955698597990297
    }
  ],
  "epoch_5": [
    "output/004_vsb_naive_multirun/multirun/seed0/fold2/checkpoints/train.6.pth",
    0.7000280245418623,
    {
      "epoch_mcc": 0.7000280245418623,
      "mcc": 0.7097214041942765,
      "loss": 0.09021231316658387
    }
  ],
  "epoch_6": [
    "output/004_vsb_naive_multirun/multirun/seed0/fold2/checkpoints/train.7.pth",
    0.6334092695157277,
    {
      "epoch_mcc": 0.6334092695157277,
      "mcc": 0.6377111380530799,
      "loss": 0.09634848203183041
    }
  ],
  "epoch_7": [
    "output/004_vsb_naive_multirun/multirun/seed0/fold2/checkpoints/train.8.pth",
    0.6563323945509507,
    {
      "epoch_mcc": 0.6563323945509507,
      "mcc": 0.6613627509085123,
      "loss": 0.08982979506254196
    }
  ],
  "epoch_8": [
    "output/004_vsb_naive_multirun/multirun/seed0/fold2/checkpoints/train.9.pth",
    0.6769657135346437,
    {
      "epoch_mcc": 0.6769657135346437,
      "mcc": 0.672402717156554,
      "loss": 0.0857855018657887
    }
  ],
  "epoch_9": [
    "output/004_vsb_naive_multirun/multirun/seed0/fold2/checkpoints/train.10.pth",
    0.7167117428323535,
    {
      "epoch_mcc": 0.7167117428323535,
      "mcc": 0.7197152602230936,
      "loss": 0.08464033426572656
    }
  ],
  "epoch_10": [
    "output/004_vsb_naive_multirun/multirun/seed0/fold2/checkpoints/train.11.pth",
    0.6113916303409611,
    {
      "epoch_mcc": 0.6113916303409611,
      "mcc": 0.6089599751349616,
      "loss": 0.11558019801999944
    }
  ],
  "epoch_11": [
    "output/004_vsb_naive_multirun/multirun/seed0/fold2/checkpoints/train.12.pth",
    0.6848212275368194,
    {
      "epoch_mcc": 0.6848212275368194,
      "mcc": 0.6926651199507855,
      "loss": 0.11390322952718825
    }
  ],
  "epoch_12": [
    "output/004_vsb_naive_multirun/multirun/seed0/fold2/checkpoints/train.13.pth",
    0.723302707900909,
    {
      "epoch_mcc": 0.723302707900909,
      "mcc": 0.7290391188384966,
      "loss": 0.08378156359834843
    }
  ],
  "epoch_13": [
    "output/004_vsb_naive_multirun/multirun/seed0/fold2/checkpoints/train.14.pth",
    0.7421794481754336,
    {
      "epoch_mcc": 0.7421794481754336,
      "mcc": 0.7467486610022847,
      "loss": 0.08415204356464584
    }
  ],
  "epoch_14": [
    "output/004_vsb_naive_multirun/multirun/seed0/fold2/checkpoints/train.15.pth",
    0.7000280245418623,
    {
      "epoch_mcc": 0.7000280245418623,
      "mcc": 0.7049896568117123,
      "loss": 0.08272071555256844
    }
  ],
  "epoch_15": [
    "output/004_vsb_naive_multirun/multirun/seed0/fold2/checkpoints/train.16.pth",
    0.7331362564421996,
    {
      "epoch_mcc": 0.7331362564421996,
      "mcc": 0.7386527876272806,
      "loss": 0.08239978195365243
    }
  ],
  "epoch_16": [
    "output/004_vsb_naive_multirun/multirun/seed0/fold2/checkpoints/train.17.pth",
    0.6632286624397578,
    {
      "epoch_mcc": 0.6632286624397578,
      "mcc": 0.6723746510500418,
      "loss": 0.10311955689947905
    }
  ],
  "epoch_17": [
    "output/004_vsb_naive_multirun/multirun/seed0/fold2/checkpoints/train.18.pth",
    0.6914140961895843,
    {
      "epoch_mcc": 0.6914140961895843,
      "mcc": 0.6964939045012256,
      "loss": 0.10985091330544469
    }
  ],
  "epoch_18": [
    "output/004_vsb_naive_multirun/multirun/seed0/fold2/checkpoints/train.19.pth",
    0.6970782002162527,
    {
      "epoch_mcc": 0.6970782002162527,
      "mcc": 0.6995116647362946,
      "loss": 0.10113414313496698
    }
  ],
  "epoch_19": [
    "output/004_vsb_naive_multirun/multirun/seed0/fold2/checkpoints/train.20.pth",
    0.7167117428323535,
    {
      "epoch_mcc": 0.7167117428323535,
      "mcc": 0.7197152602230936,
      "loss": 0.08718867190887514
    }
  ],
  "epoch_20": [
    "output/004_vsb_naive_multirun/multirun/seed0/fold2/checkpoints/train.21.pth",
    0.7013701169095784,
    {
      "epoch_mcc": 0.7013701169095784,
      "mcc": 0.7075000273116807,
      "loss": 0.10079734904528075
    }
  ],
  "epoch_21": [
    "output/004_vsb_naive_multirun/multirun/seed0/fold2/checkpoints/train.22.pth",
    0.7546849570152068,
    {
      "epoch_mcc": 0.7546849570152068,
      "mcc": 0.7543769613715096,
      "loss": 0.09650064800287278
    }
  ],
  "epoch_22": [
    "output/004_vsb_naive_multirun/multirun/seed0/fold2/checkpoints/train.23.pth",
    0.7000280245418623,
    {
      "epoch_mcc": 0.7000280245418623,
      "mcc": 0.7047106822405378,
      "loss": 0.08387670502476971
    }
  ],
  "epoch_23": [
    "output/004_vsb_naive_multirun/multirun/seed0/fold2/checkpoints/train.24.pth",
    0.70884563096842,
    {
      "epoch_mcc": 0.70884563096842,
      "mcc": 0.7173162231099085,
      "loss": 0.1009481381079929
    }
  ],
  "epoch_24": [
    "output/004_vsb_naive_multirun/multirun/seed0/fold2/checkpoints/train.25.pth",
    0.5886328687276383,
    {
      "epoch_mcc": 0.5886328687276383,
      "mcc": 0.5878983413825358,
      "loss": 0.1641594136002347
    }
  ],
  "epoch_25": [
    "output/004_vsb_naive_multirun/multirun/seed0/fold2/checkpoints/train.26.pth",
    0.7359031486715987,
    {
      "epoch_mcc": 0.7359031486715987,
      "mcc": 0.7374142286709504,
      "loss": 0.08272515296320497
    }
  ],
  "epoch_26": [
    "output/004_vsb_naive_multirun/multirun/seed0/fold2/checkpoints/train.27.pth",
    0.6334092695157277,
    {
      "epoch_mcc": 0.6334092695157277,
      "mcc": 0.6383991221672481,
      "loss": 0.15294746020985142
    }
  ],
  "epoch_27": [
    "output/004_vsb_naive_multirun/multirun/seed0/fold2/checkpoints/train.28.pth",
    0.7152149676009306,
    {
      "epoch_mcc": 0.7152149676009306,
      "mcc": 0.7190991197006802,
      "loss": 0.11400186906531838
    }
  ],
  "epoch_28": [
    "output/004_vsb_naive_multirun/multirun/seed0/fold2/checkpoints/train.29.pth",
    0.7195030618033128,
    {
      "epoch_mcc": 0.7195030618033128,
      "mcc": 0.7228918253323722,
      "loss": 0.10029522749545652
    }
  ],
  "epoch_29": [
    "output/004_vsb_naive_multirun/multirun/seed0/fold2/checkpoints/train.30.pth",
    0.68938786056894,
    {
      "epoch_mcc": 0.68938786056894,
      "mcc": 0.6931748799907663,
      "loss": 0.10402103728276522
    }
  ],
  "epoch_30": [
    "output/004_vsb_naive_multirun/multirun/seed0/fold2/checkpoints/train.31.pth",
    0.6728256116565438,
    {
      "epoch_mcc": 0.6728256116565438,
      "mcc": 0.6826132948923546,
      "loss": 0.10833268867174031
    }
  ],