{
  "best": {
    "epoch_mcc": 0.6959370904321384,
    "mcc": 0.7314216593997321,
    "loss": 0.11474781573332589
  },
  "last": {
    "epoch_mcc": 0.4974407548465876,
    "mcc": 0.45741989463525845,
    "loss": 0.17303051778982426
  },
  "train.30": {
    "epoch_mcc": 0.6959370904321384,
    "mcc": 0.7314216593997321,
    "loss": 0.11474781573332589
  },
  "epoch_0": [
    "output/004_vsb_naive_multirun/multirun/seed8/fold4/checkpoints/train.1.pth",
    0.32363930410566677,
    {
      "epoch_mcc": 0.32363930410566677,
      "mcc": 0.32075324875899874,
      "loss": 0.5238920035033391
    }
  ],
  "epoch_1": [
    "output/004_vsb_naive_multirun/multirun/seed8/fold4/checkpoints/train.2.pth",
    0.5717453782109885,
    {
      "epoch_mcc": 0.5717453782109885,
      "mcc": 0.6081197674710382,
      "loss": 0.27406374020823115
    }
  ],
  "epoch_2": [
    "output/004_vsb_naive_multirun/multirun/seed8/fold4/checkpoints/train.3.pth",
    0.5263988671513969,
    {
      "epoch_mcc": 0.5263988671513969,
      "mcc": 0.5322613318270574,
      "loss": 0.30219876622331554
    }
  ],
  "epoch_3": [
    "output/004_vsb_naive_multirun/multirun/seed8/fold4/checkpoints/train.4.pth",
    0.5619800684744306,
    {
      "epoch_mcc": 0.5619800684744306,
      "mcc": 0.5921669118494162,
      "loss": 0.2150087321626729
    }
  ],
  "epoch_4": [
    "output/004_vsb_naive_multirun/multirun/seed8/fold4/checkpoints/train.5.pth",
    0.5101814192650223,
    {
      "epoch_mcc": 0.5101814192650223,
      "mcc": 0.5195591988307642,
      "loss": 0.26609110061464636
    }
  ],
  "epoch_5": [
    "output/004_vsb_naive_multirun/multirun/seed8/fold4/checkpoints/train.6.pth",
    0.5378256615814988,
    {
      "epoch_mcc": 0.5378256615814988,
      "mcc": 0.5450602679089972,
      "loss": 0.3239559668919136
    }
  ],
  "epoch_6": [
    "output/004_vsb_naive_multirun/multirun/seed8/fold4/checkpoints/train.7.pth",
    0.5856538585046837,
    {
      "epoch_mcc": 0.5856538585046837,
      "mcc": 0.5908517742058077,
      "loss": 0.20684343946391137
    }
  ],
  "epoch_7": [
    "output/004_vsb_naive_multirun/multirun/seed8/fold4/checkpoints/train.8.pth",
    0.604177819361136,
    {
      "epoch_mcc": 0.604177819361136,
      "mcc": 0.5423743727664168,
      "loss": 0.13635121147180426
    }
  ],
  "epoch_8": [
    "output/004_vsb_naive_multirun/multirun/seed8/fold4/checkpoints/train.9.pth",
    0.6334297593916813,
    {
      "epoch_mcc": 0.6334297593916813,
      "mcc": 0.6379150455489372,
      "loss": 0.27592740870755295
    }
  ],
  "epoch_9": [
    "output/004_vsb_naive_multirun/multirun/seed8/fold4/checkpoints/train.10.pth",
    0.6163507518413786,
    {
      "epoch_mcc": 0.6163507518413786,
      "mcc": 0.5546052436652156,
      "loss": 0.22844219999066714
    }
  ],
  "epoch_10": [
    "output/004_vsb_naive_multirun/multirun/seed8/fold4/checkpoints/train.11.pth",
    0.5262592881282505,
    {
      "epoch_mcc": 0.5262592881282505,
      "mcc": 0.47013626268073244,
      "loss": 0.17261568292461593
    }
  ],
  "epoch_11": [
    "output/004_vsb_naive_multirun/multirun/seed8/fold4/checkpoints/train.12.pth",
    0.627365913953903,
    {
      "epoch_mcc": 0.627365913953903,
      "mcc": 0.659968040195009,
      "loss": 0.1562021421975103
    }
  ],
  "epoch_12": [
    "output/004_vsb_naive_multirun/multirun/seed8/fold4/checkpoints/train.13.pth",
    0.5478481631741932,
    {
      "epoch_mcc": 0.5478481631741932,
      "mcc": 0.5602634921039562,
      "loss": 0.21228725920463432
    }
  ],
  "epoch_13": [
    "output/004_vsb_naive_multirun/multirun/seed8/fold4/checkpoints/train.14.pth",
    0.63192532560819,
    {
      "epoch_mcc": 0.63192532560819,
      "mcc": 0.5725507605780965,
      "loss": 0.12972641957217249
    }
  ],
  "epoch_14": [
    "output/004_vsb_naive_multirun/multirun/seed8/fold4/checkpoints/train.15.pth",
    0.6204297127409871,
    {
      "epoch_mcc": 0.6204297127409871,
      "mcc": 0.5558472987078455,
      "loss": 0.13653939356063974
    }
  ],
  "epoch_15": [
    "output/004_vsb_naive_multirun/multirun/seed8/fold4/checkpoints/train.16.pth",
    0.4001889426523133,
    {
      "epoch_mcc": 0.4001889426523133,
      "mcc": 0.3634582052587526,
      "loss": 0.24735893381053004
    }
  ],
  "epoch_16": [
    "output/004_vsb_naive_multirun/multirun/seed8/fold4/checkpoints/train.17.pth",
    0.674536345534614,
    {
      "epoch_mcc": 0.674536345534614,
      "mcc": 0.7110513487944463,
      "loss": 0.16532362278165488
    }
  ],
  "epoch_17": [
    "output/004_vsb_naive_multirun/multirun/seed8/fold4/checkpoints/train.18.pth",
    0.6062947263205377,
    {
      "epoch_mcc": 0.6062947263205377,
      "mcc": 0.6458345664928334,
      "loss": 0.14102249022187857
    }
  ],
  "epoch_18": [
    "output/004_vsb_naive_multirun/multirun/seed8/fold4/checkpoints/train.19.pth",
    0.6456664566665565,
    {
      "epoch_mcc": 0.6456664566665565,
      "mcc": 0.5840265818260448,
      "loss": 0.15746754356499376
    }
  ],
  "epoch_19": [
    "output/004_vsb_naive_multirun/multirun/seed8/fold4/checkpoints/train.20.pth",
    0.5762221902115311,
    {
      "epoch_mcc": 0.5762221902115311,
      "mcc": 0.5160039591619391,
      "loss": 0.15182324303635236
    }
  ],
  "epoch_20": [
    "output/004_vsb_naive_multirun/multirun/seed8/fold4/checkpoints/train.21.pth",
    0.6191881551914077,
    {
      "epoch_mcc": 0.6191881551914077,
      "mcc": 0.6341916621393912,
      "loss": 0.17092098532051875
    }
  ],
  "epoch_21": [
    "output/004_vsb_naive_multirun/multirun/seed8/fold4/checkpoints/train.22.pth",
    0.6206118034650002,
    {
      "epoch_mcc": 0.6206118034650002,
      "mcc": 0.555032508485466,
      "loss": 0.1670002537554708
    }
  ],
  "epoch_22": [
    "output/004_vsb_naive_multirun/multirun/seed8/fold4/checkpoints/train.23.pth",
    0.43683208516219585,
    {
      "epoch_mcc": 0.43683208516219585,
      "mcc": 0.38630035772191584,
      "loss": 0.1497445604410665
    }
  ],
  "epoch_23": [
    "output/004_vsb_naive_multirun/multirun/seed8/fold4/checkpoints/train.24.pth",
    0.4238756804943048,
    {
      "epoch_mcc": 0.4238756804943048,
      "mcc": 0.41899043839472944,
      "loss": 0.2934023658777105
    }
  ],
  "epoch_24": [
    "output/004_vsb_naive_multirun/multirun/seed8/fold4/checkpoints/train.25.pth",
    0.5358148230320781,
    {
      "epoch_mcc": 0.5358148230320781,
      "mcc": 0.5362333321250605,
      "loss": 0.23271947862773107
    }
  ],
  "epoch_25": [
    "output/004_vsb_naive_multirun/multirun/seed8/fold4/checkpoints/train.26.pth",
    0.591552208287905,
    {
      "epoch_mcc": 0.591552208287905,
      "mcc": 0.5983421628961141,
      "loss": 0.19341076057532738
    }
  ],
  "epoch_26": [
    "output/004_vsb_naive_multirun/multirun/seed8/fold4/checkpoints/train.27.pth",
    0.6097966701122933,
    {
      "epoch_mcc": 0.6097966701122933,
      "mcc": 0.5518919359176085,
      "loss": 0.1354142633491549
    }
  ],
  "epoch_27": [
    "output/004_vsb_naive_multirun/multirun/seed8/fold4/checkpoints/train.28.pth",
    0.5913063683088178,
    {
      "epoch_mcc": 0.5913063683088178,
      "mcc": 0.5981212145099324,
      "loss": 0.19604170589611447
    }
  ],
  "epoch_28": [
    "output/004_vsb_naive_multirun/multirun/seed8/fold4/checkpoints/train.29.pth",
    0.6550142256489556,
    {
      "epoch_mcc": 0.6550142256489556,
      "mcc": 0.7019392478970872,
      "loss": 0.1282379420666859
    }
  ],
  "epoch_29": [
    "output/004_vsb_naive_multirun/multirun/seed8/fold4/checkpoints/train.30.pth",
    0.6959370904321384,
    {
      "epoch_mcc": 0.6959370904321384,
      "mcc": 0.7314216593997321,
      "loss": 0.11474781573332589
    }
  ],
  "epoch_30": [
    "output/004_vsb_naive_multirun/multirun/seed8/fold4/checkpoints/train.31.pth",
    0.3805157241200619,
    {
      "epoch_mcc": 0.3805157241200619,
      "mcc": 0.37808662218224487,
      "loss": 0.43858218542460736
    }
  ],