{
  "best": {
    "epoch_mcc": 0.7041638412112573,
    "mcc": 0.7064304366443525,
    "loss": 0.11641230834969159
  },
  "last": {
    "epoch_mcc": 0.6456664566665565,
    "mcc": 0.6753274372259883,
    "loss": 0.16571994333624326
  },
  "train.23": {
    "epoch_mcc": 0.7041638412112573,
    "mcc": 0.7064304366443525,
    "loss": 0.11641230834969159
  },
  "epoch_0": [
    "output/004_vsb_naive_multirun/multirun/seed8/fold4/checkpoints/train.1.pth",
    0.5228259597605652,
    {
      "epoch_mcc": 0.5228259597605652,
      "mcc": 0.5654387662404088,
      "loss": 0.10541406325225172
    }
  ],
  "epoch_1": [
    "output/004_vsb_naive_multirun/multirun/seed8/fold4/checkpoints/train.2.pth",
    0.5635018895608507,
    {
      "epoch_mcc": 0.5635018895608507,
      "mcc": 0.5030130594343685,
      "loss": 0.11568467474446215
    }
  ],
  "epoch_2": [
    "output/004_vsb_naive_multirun/multirun/seed8/fold4/checkpoints/train.3.pth",
    0.4670455732049266,
    {
      "epoch_mcc": 0.4670455732049266,
      "mcc": 0.41916489940237617,
      "loss": 0.1054256304841617
    }
  ],
  "epoch_3": [
    "output/004_vsb_naive_multirun/multirun/seed8/fold4/checkpoints/train.4.pth",
    0.5743119266052035,
    {
      "epoch_mcc": 0.5743119266052035,
      "mcc": 0.5883212211660115,
      "loss": 0.11461354278284928
    }
  ],
  "epoch_4": [
    "output/004_vsb_naive_multirun/multirun/seed8/fold4/checkpoints/train.5.pth",
    0.6657272830451229,
    {
      "epoch_mcc": 0.6657272830451229,
      "mcc": 0.6903921485416558,
      "loss": 0.09588574993199316
    }
  ],
  "epoch_5": [
    "output/004_vsb_naive_multirun/multirun/seed8/fold4/checkpoints/train.6.pth",
    0.5940228758819491,
    {
      "epoch_mcc": 0.5940228758819491,
      "mcc": 0.6277531232479503,
      "loss": 0.09583031365583683
    }
  ],
  "epoch_6": [
    "output/004_vsb_naive_multirun/multirun/seed8/fold4/checkpoints/train.7.pth",
    0.6380761149832712,
    {
      "epoch_mcc": 0.6380761149832712,
      "mcc": 0.6697715619110312,
      "loss": 0.10382700627990837
    }
  ],
  "epoch_7": [
    "output/004_vsb_naive_multirun/multirun/seed8/fold4/checkpoints/train.8.pth",
    0.6522847045011377,
    {
      "epoch_mcc": 0.6522847045011377,
      "mcc": 0.6838010471646443,
      "loss": 0.097989620409649
    }
  ],
  "epoch_8": [
    "output/004_vsb_naive_multirun/multirun/seed8/fold4/checkpoints/train.9.pth",
    0.4974407548465876,
    {
      "epoch_mcc": 0.4974407548465876,
      "mcc": 0.44419534737505667,
      "loss": 0.10041674569506069
    }
  ],
  "epoch_9": [
    "output/004_vsb_naive_multirun/multirun/seed8/fold4/checkpoints/train.10.pth",
    0.6185056751609002,
    {
      "epoch_mcc": 0.6185056751609002,
      "mcc": 0.6512677635475359,
      "loss": 0.1053267174560962
    }
  ],
  "epoch_10": [
    "output/004_vsb_naive_multirun/multirun/seed8/fold4/checkpoints/train.11.pth",
    0.6163507518413786,
    {
      "epoch_mcc": 0.6163507518413786,
      "mcc": 0.6511877982967536,
      "loss": 0.09884589027998776
    }
  ],
  "epoch_11": [
    "output/004_vsb_naive_multirun/multirun/seed8/fold4/checkpoints/train.12.pth",
    0.6879199632196575,
    {
      "epoch_mcc": 0.6879199632196575,
      "mcc": 0.7111766730945883,
      "loss": 0.09239083531087842
    }
  ],
  "epoch_12": [
    "output/004_vsb_naive_multirun/multirun/seed8/fold4/checkpoints/train.13.pth",
    0.6395163551600193,
    {
      "epoch_mcc": 0.6395163551600193,
      "mcc": 0.6697239207065195,
      "loss": 0.09204578939183006
    }
  ],
  "epoch_13": [
    "output/004_vsb_naive_multirun/multirun/seed8/fold4/checkpoints/train.14.pth",
    0.6017220730687036,
    {
      "epoch_mcc": 0.6017220730687036,
      "mcc": 0.5437485392872208,
      "loss": 0.094369526361597
    }
  ],
  "epoch_14": [
    "output/004_vsb_naive_multirun/multirun/seed8/fold4/checkpoints/train.15.pth",
    0.700095046655819,
    {
      "epoch_mcc": 0.700095046655819,
      "mcc": 0.7251280996602685,
      "loss": 0.09939143092467867
    }
  ],
  "epoch_15": [
    "output/004_vsb_naive_multirun/multirun/seed8/fold4/checkpoints/train.16.pth",
    0.6097966701122933,
    {
      "epoch_mcc": 0.6097966701122933,
      "mcc": 0.5518919359176085,
      "loss": 0.11513291298058526
    }
  ],
  "epoch_16": [
    "output/004_vsb_naive_multirun/multirun/seed8/fold4/checkpoints/train.17.pth",
    0.6859890241194604,
    {
      "epoch_mcc": 0.6859890241194604,
      "mcc": 0.6780324489903581,
      "loss": 0.12027409605938813
    }
  ],
  "epoch_17": [
    "output/004_vsb_naive_multirun/multirun/seed8/fold4/checkpoints/train.18.pth",
    0.6395163551600193,
    {
      "epoch_mcc": 0.6395163551600193,
      "mcc": 0.6729606472558204,
      "loss": 0.0946579662504895
    }
  ],
  "epoch_18": [
    "output/004_vsb_naive_multirun/multirun/seed8/fold4/checkpoints/train.19.pth",
    0.5973455757718854,
    {
      "epoch_mcc": 0.5973455757718854,
      "mcc": 0.534750763644175,
      "loss": 0.1488940918240054
    }
  ],
  "epoch_19": [
    "output/004_vsb_naive_multirun/multirun/seed8/fold4/checkpoints/train.20.pth",
    0.674536345534614,
    {
      "epoch_mcc": 0.674536345534614,
      "mcc": 0.6749973353232004,
      "loss": 0.10103146487782741
    }
  ],
  "epoch_20": [
    "output/004_vsb_naive_multirun/multirun/seed8/fold4/checkpoints/train.21.pth",
    0.6017220730687036,
    {
      "epoch_mcc": 0.6017220730687036,
      "mcc": 0.6444391199027673,
      "loss": 0.11935598958155205
    }
  ],
  "epoch_21": [
    "output/004_vsb_naive_multirun/multirun/seed8/fold4/checkpoints/train.22.pth",
    0.5762221902115311,
    {
      "epoch_mcc": 0.5762221902115311,
      "mcc": 0.5182338843953789,
      "loss": 0.15373292719495707
    }
  ],
  "epoch_22": [
    "output/004_vsb_naive_multirun/multirun/seed8/fold4/checkpoints/train.23.pth",
    0.7041638412112573,
    {
      "epoch_mcc": 0.7041638412112573,
      "mcc": 0.7064304366443525,
      "loss": 0.11641230834969159
    }
  ],
  "epoch_23": [
    "output/004_vsb_naive_multirun/multirun/seed8/fold4/checkpoints/train.24.pth",
    0.6681495252995758,
    {
      "epoch_mcc": 0.6681495252995758,
      "mcc": 0.6990356938514881,
      "loss": 0.12151561141142557
    }
  ],
  "epoch_24": [
    "output/004_vsb_naive_multirun/multirun/seed8/fold4/checkpoints/train.25.pth",
    0.6453750129453301,
    {
      "epoch_mcc": 0.6453750129453301,
      "mcc": 0.6528006574013738,
      "loss": 0.13456902496259787
    }
  ],
  "epoch_25": [
    "output/004_vsb_naive_multirun/multirun/seed8/fold4/checkpoints/train.26.pth",
    0.6235959445391991,
    {
      "epoch_mcc": 0.6235959445391991,
      "mcc": 0.6547144487748927,
      "loss": 0.12485322458990689
    }
  ],
  "epoch_26": [
    "output/004_vsb_naive_multirun/multirun/seed8/fold4/checkpoints/train.27.pth",
    0.6928411769914399,
    {
      "epoch_mcc": 0.6928411769914399,
      "mcc": 0.7195754225264039,
      "loss": 0.13872886413130267
    }
  ],
  "epoch_27": [
    "output/004_vsb_naive_multirun/multirun/seed8/fold4/checkpoints/train.28.pth",
    0.6364370273721001,
    {
      "epoch_mcc": 0.6364370273721001,
      "mcc": 0.5686202117267647,
      "loss": 0.12035764458364454
    }
  ],
  "epoch_28": [
    "output/004_vsb_naive_multirun/multirun/seed8/fold4/checkpoints/train.29.pth",
    0.6744301568978387,
    {
      "epoch_mcc": 0.6744301568978387,
      "mcc": 0.7075489270281091,
      "loss": 0.1543232968719355
    }
  ],
  "epoch_29": [
    "output/004_vsb_naive_multirun/multirun/seed8/fold4/checkpoints/train.30.pth",
    0.6522847045011377,
    {
      "epoch_mcc": 0.6522847045011377,
      "mcc": 0.6827695794149048,
      "loss": 0.1510581774572874
    }
  ],
  "epoch_30": [
    "output/004_vsb_naive_multirun/multirun/seed8/fold4/checkpoints/train.31.pth",
    0.6834934218040376,
    {
      "epoch_mcc": 0.6834934218040376,
      "mcc": 0.6845859943999906,
      "loss": 0.14892403922718148
    }
  ],